-- phpMyAdmin SQL Dump
-- version 4.6.5.2
-- https://www.phpmyadmin.net/
--
-- Host: 127.0.0.1
-- Erstellungszeit: 05. Nov 2017 um 22:45
-- Server-Version: 10.1.21-MariaDB
-- PHP-Version: 5.6.30

SET SQL_MODE = "NO_AUTO_VALUE_ON_ZERO";
SET time_zone = "+00:00";


/*!40101 SET @OLD_CHARACTER_SET_CLIENT=@@CHARACTER_SET_CLIENT */;
/*!40101 SET @OLD_CHARACTER_SET_RESULTS=@@CHARACTER_SET_RESULTS */;
/*!40101 SET @OLD_COLLATION_CONNECTION=@@COLLATION_CONNECTION */;
/*!40101 SET NAMES utf8mb4 */;

--
-- Datenbank: `hhp`
--

-- --------------------------------------------------------

--
-- Tabellenstruktur für Tabelle `alters_klassen`
--

CREATE TABLE `alters_klassen` (
  `Von` int(11) NOT NULL,
  `Bis` int(11) NOT NULL,
  `Klasse` text NOT NULL
) ENGINE=InnoDB DEFAULT CHARSET=latin1;

--
-- Daten für Tabelle `alters_klassen`
--

INSERT INTO `alters_klassen` (`Von`, `Bis`, `Klasse`) VALUES
(0, 12, 'Kinder'),
(13, 15, 'Schüler'),
(16, 17, 'Jugend'),
(18, 20, 'Junioren'),
(21, 120, 'Aktive');

-- --------------------------------------------------------

--
-- Tabellenstruktur für Tabelle `alters_klassen_masters`
--

CREATE TABLE `alters_klassen_masters` (
  `Von` int(11) NOT NULL,
  `Bis` int(11) NOT NULL,
  `Klasse` text NOT NULL
) ENGINE=InnoDB DEFAULT CHARSET=latin1;

--
-- Daten für Tabelle `alters_klassen_masters`
--

INSERT INTO `alters_klassen_masters` (`Von`, `Bis`, `Klasse`) VALUES
(30, 34, 'AK0'),
(35, 39, 'AK1'),
(40, 44, 'AK2'),
(45, 49, 'AK3'),
(50, 54, 'AK4'),
(55, 59, 'AK5'),
(60, 64, 'AK6'),
(65, 69, 'AK7'),
(70, 74, 'AK8'),
(75, 79, 'AK9'),
(80, 130, 'AK10');

-- --------------------------------------------------------

--
-- Tabellenstruktur für Tabelle `alters_klassen_zk`
--

CREATE TABLE `alters_klassen_zk` (
  `Id` int(11) NOT NULL,
  `Von` int(11) NOT NULL,
  `Bis` int(11) NOT NULL,
  `Klasse` text NOT NULL
) ENGINE=InnoDB DEFAULT CHARSET=latin1;

--
-- Daten für Tabelle `alters_klassen_zk`
--

INSERT INTO `alters_klassen_zk` (`Id`, `Von`, `Bis`, `Klasse`) VALUES
(1, 0, 11, 'Kinder'),
(2, 12, 14, 'Schüler'),
(3, 15, 17, 'Jugend'),
(4, 18, 20, 'Junioren'),
(5, 21, 100, 'Aktive');

-- --------------------------------------------------------

--
-- Tabellenstruktur für Tabelle `alters_klassen_zk_3`
--

CREATE TABLE `alters_klassen_zk_3` (
  `Id` int(11) NOT NULL,
  `Von` int(11) NOT NULL,
  `Bis` int(11) NOT NULL,
  `Klasse` text NOT NULL
) ENGINE=InnoDB DEFAULT CHARSET=latin1;

--
-- Daten für Tabelle `alters_klassen_zk_3`
--

INSERT INTO `alters_klassen_zk_3` (`Id`, `Von`, `Bis`, `Klasse`) VALUES
(1, 0, 11, 'Kinder'),
(2, 12, 14, 'Schüler'),
(3, 15, 15, 'Jugend'),
(4, 16, 20, 'Junioren'),
(5, 21, 100, 'Aktive');

-- --------------------------------------------------------

--
-- Tabellenstruktur für Tabelle `alters_klassen_zk_4`
--

CREATE TABLE `alters_klassen_zk_4` (
  `Id` int(11) NOT NULL,
  `Von` int(11) NOT NULL,
  `Bis` int(11) NOT NULL,
  `Klasse` text NOT NULL
) ENGINE=InnoDB DEFAULT CHARSET=latin1;

--
-- Daten für Tabelle `alters_klassen_zk_4`
--

INSERT INTO `alters_klassen_zk_4` (`Id`, `Von`, `Bis`, `Klasse`) VALUES
(1, 0, 11, 'Kinder'),
(2, 12, 14, 'Schüler'),
(3, 15, 17, 'Jugend'),
(4, 18, 20, 'Junioren'),
(5, 21, 100, 'Aktive');

-- --------------------------------------------------------

--
-- Tabellenstruktur für Tabelle `alters_klassen_zk_6`
--

CREATE TABLE `alters_klassen_zk_6` (
  `Id` int(11) NOT NULL,
  `Von` int(11) NOT NULL,
  `Bis` int(11) NOT NULL,
  `Klasse` text NOT NULL
) ENGINE=InnoDB DEFAULT CHARSET=latin1;

--
-- Daten für Tabelle `alters_klassen_zk_6`
--

INSERT INTO `alters_klassen_zk_6` (`Id`, `Von`, `Bis`, `Klasse`) VALUES
(1, 0, 11, 'Kinder'),
(2, 12, 14, 'Schüler'),
(3, 15, 17, 'Jugend'),
(4, 18, 20, 'Junioren'),
(5, 21, 100, 'Aktive');

-- --------------------------------------------------------

--
-- Tabellenstruktur für Tabelle `alters_klassen_zk_7`
--

CREATE TABLE `alters_klassen_zk_7` (
  `Id` int(11) NOT NULL,
  `Von` int(11) NOT NULL,
  `Bis` int(11) NOT NULL,
  `Klasse` text NOT NULL
) ENGINE=InnoDB DEFAULT CHARSET=latin1;

--
-- Daten für Tabelle `alters_klassen_zk_7`
--

INSERT INTO `alters_klassen_zk_7` (`Id`, `Von`, `Bis`, `Klasse`) VALUES
(1, 0, 11, 'Kinder'),
(2, 12, 14, 'Schüler'),
(3, 15, 17, 'Jugend'),
(4, 18, 20, 'Junioren'),
(5, 21, 100, 'Aktive');

-- --------------------------------------------------------

--
-- Tabellenstruktur für Tabelle `auswertung_3`
--

CREATE TABLE `auswertung_3` (
  `IdHeber` int(11) NOT NULL,
  `Al_Kl` tinytext,
  `Gw_Kl` int(11) DEFAULT NULL,
  `Gw_Kl_Norm` int(11) DEFAULT NULL,
  `K_Gewicht` float(11,2) DEFAULT NULL,
  `R_Gewicht` float(11,2) DEFAULT NULL,
  `R_1` int(11) DEFAULT NULL,
  `R_2` int(11) DEFAULT NULL,
  `R_3` int(11) DEFAULT NULL,
  `S_1` int(11) DEFAULT NULL,
  `S_2` int(11) DEFAULT NULL,
  `S_3` int(11) DEFAULT NULL,
  `R_1_G` tinytext,
  `R_2_G` tinytext,
  `R_3_G` tinytext,
  `S_1_G` tinytext,
  `S_2_G` tinytext,
  `S_3_G` tinytext,
  `R_1_Ver` int(11) DEFAULT NULL,
  `R_2_Ver` int(11) DEFAULT NULL,
  `R_3_Ver` int(11) DEFAULT NULL,
  `S_1_Ver` int(11) DEFAULT NULL,
  `S_2_Ver` int(11) DEFAULT NULL,
  `S_3_Ver` int(11) DEFAULT NULL,
  `R_1_t` int(11) DEFAULT NULL,
  `R_2_t` int(11) DEFAULT NULL,
  `R_3_t` int(11) DEFAULT NULL,
  `S_1_t` int(11) DEFAULT NULL,
  `S_2_t` int(11) DEFAULT NULL,
  `S_3_t` int(11) DEFAULT NULL,
  `hoechste_time` int(11) DEFAULT NULL,
  `R_B` int(11) DEFAULT NULL,
  `S_B` int(11) DEFAULT NULL,
  `Z_K` int(11) DEFAULT NULL,
  `Relativ_P` float(11,1) DEFAULT NULL,
  `Sinclair_P` float(11,2) DEFAULT NULL,
  `Sinclair_P_Malone_Meltzer` float(11,2) DEFAULT NULL,
  `Platz_GwKl` int(11) DEFAULT NULL,
  `Platz_R` int(11) DEFAULT NULL,
  `Platz_S` int(11) DEFAULT NULL,
  `Platz_RP` int(11) DEFAULT NULL,
  `Platz_Sin` int(11) DEFAULT NULL,
  `Platz_Sin_Malone_Meltzer` int(11) DEFAULT NULL,
  `Platz_Relativ_pro_JG` int(11) DEFAULT NULL,
  `GwKl_GesGrp_Platz` int(11) DEFAULT NULL,
  `Relativ_GesGrp_Platz` int(11) DEFAULT NULL,
  `Sinclair_GesGrp_Platz` int(11) DEFAULT NULL,
  `Al_Kl_GesGrp` tinytext,
  `Gw_Kl_GesGrp` int(11) DEFAULT NULL,
  `Platz_R_Norm` int(11) DEFAULT NULL,
  `Platz_S_Norm` int(11) DEFAULT NULL,
  `Platz_Norm` int(11) DEFAULT NULL
) ENGINE=InnoDB DEFAULT CHARSET=latin1;

--
-- Daten für Tabelle `auswertung_3`
--

INSERT INTO `auswertung_3` (`IdHeber`, `Al_Kl`, `Gw_Kl`, `Gw_Kl_Norm`, `K_Gewicht`, `R_Gewicht`, `R_1`, `R_2`, `R_3`, `S_1`, `S_2`, `S_3`, `R_1_G`, `R_2_G`, `R_3_G`, `S_1_G`, `S_2_G`, `S_3_G`, `R_1_Ver`, `R_2_Ver`, `R_3_Ver`, `S_1_Ver`, `S_2_Ver`, `S_3_Ver`, `R_1_t`, `R_2_t`, `R_3_t`, `S_1_t`, `S_2_t`, `S_3_t`, `hoechste_time`, `R_B`, `S_B`, `Z_K`, `Relativ_P`, `Sinclair_P`, `Sinclair_P_Malone_Meltzer`, `Platz_GwKl`, `Platz_R`, `Platz_S`, `Platz_RP`, `Platz_Sin`, `Platz_Sin_Malone_Meltzer`, `Platz_Relativ_pro_JG`, `GwKl_GesGrp_Platz`, `Relativ_GesGrp_Platz`, `Sinclair_GesGrp_Platz`, `Al_Kl_GesGrp`, `Gw_Kl_GesGrp`, `Platz_R_Norm`, `Platz_S_Norm`, `Platz_Norm`) VALUES
(354, 'Aktive', -77, -77, 73.40, 71.50, 105, 109, 110, 130, 131, 132, 'Ja', 'Nein', 'Nein', 'Nein', 'Nein', 'Nein', 0, 0, 0, 1, 1, 1, 1509806948, 1509807363, 1509807710, 0, 0, 0, 1509806948, 105, 0, 0, 33.5, NULL, 135.95, NULL, 7, NULL, 163, 160, NULL, NULL, NULL, NULL, NULL, '', 0, 12, NULL, NULL),
(355, 'Aktive', -90, -90, 81.20, 43.50, 65, 70, 75, 85, 90, 95, 'Ja', 'Ja', 'Ja', 'Ja', 'Ja', 'Ja', 0, 0, 0, 0, 0, 0, 1509880852, 1509880997, 1509881112, 1509883058, 1509883185, 1509883321, 1509883321, 75, 95, 170, 83.0, NULL, 195.65, 2, 2, 2, 86, 104, NULL, NULL, NULL, NULL, NULL, '', 0, 3, 3, 3),
(356, 'Aktive', -69, -69, 65.10, 32.00, 50, 55, 55, 60, 64, 67, 'Ja', 'Nein', 'Ja', 'Ja', 'Ja', 'Nein', 0, 0, 0, 0, 0, 0, 1509790998, 1509791429, 1509791520, 1509794497, 1509794730, 1509795054, 1509794730, 55, 64, 119, 55.0, NULL, 154.80, 12, 13, 14, 141, 146, NULL, NULL, NULL, NULL, NULL, '', 0, 16, 18, 15),
(358, 'Aktive', -69, -69, 67.80, 34.00, 50, 53, 56, 60, 65, 67, 'Ja', 'Ja', 'Nein', 'Ja', 'Nein', 'Ja', 0, 0, 0, 0, 0, 0, 1509790955, 1509791275, 1509791659, 1509794441, 1509794808, 1509795112, 1509795112, 53, 67, 120, 52.0, NULL, 152.18, 11, 14, 13, 147, 150, NULL, NULL, NULL, NULL, NULL, '', 0, 17, 16, 14),
(359, 'Aktive', -53, -53, 50.40, 16.50, 49, 53, 56, 60, 65, 69, 'Ja', 'Ja', 'Nein', 'Ja', 'Ja', 'Ja', 0, 0, 0, 0, 0, 0, 1509712984, 1509713433, 1509713704, 1509716418, 1509716634, 1509716891, 1509716891, 53, 69, 122, 89.0, NULL, 191.78, 3, 4, 3, 69, 111, NULL, NULL, NULL, NULL, NULL, '', 0, 6, 5, 5),
(360, 'Aktive', -77, -77, 76.80, 75.50, 111, 115, 115, 133, 138, 142, 'Ja', 'Nein', 'Nein', 'Ja', 'Ja', 'Ja', 0, 0, 0, 0, 0, 0, 1509807789, 1509808142, 1509808253, 1509812056, 1509812617, 1509813049, 1509813049, 111, 142, 253, 102.0, NULL, 319.08, 5, 5, 5, 49, 39, NULL, NULL, NULL, NULL, NULL, '', 0, 8, 8, 8),
(361, 'Junioren', -69, -69, 66.40, 33.00, 60, 64, 64, 78, 80, 89, 'Ja', 'Nein', 'Nein', 'Ja', 'Ja', 'Nein', 0, 0, 0, 0, 0, 0, 1509792082, 1509792654, 1509792782, 1509796440, 1509796761, 1509797840, 1509796761, 60, 80, 140, 74.0, NULL, 179.84, 2, 3, 2, 105, 123, NULL, NULL, NULL, NULL, NULL, '', 0, 11, 8, 9),
(362, 'Junioren', -85, -85, 84.10, 84.10, 108, 113, 116, 140, 145, 145, 'Ja', 'Ja', 'Ja', 'Ja', 'Nein', 'Ja', 0, 0, 0, 0, 0, 0, 1509817617, 1509818208, 1509818721, 1509823027, 1509824142, 1509824233, 1509824233, 116, 145, 261, 92.8, NULL, 313.57, 5, 5, 5, 65, 40, NULL, NULL, NULL, NULL, NULL, '', 0, 11, 10, 10),
(363, 'Junioren', -77, -77, 76.20, 75.50, 105, 110, 115, 132, 137, 137, 'Ja', 'Ja', 'Nein', 'Ja', 'Nein', 'Nein', 0, 0, 0, 0, 0, 0, 1509807000, 1509807602, 1509808196, 1509811754, 1509812322, 1509812463, 1509811754, 110, 132, 242, 91.0, NULL, 306.57, 5, 6, 5, 66, 44, NULL, NULL, NULL, NULL, NULL, '', 0, 10, 11, 9),
(364, 'Aktive', -90, -90, 77.50, 41.50, 95, 98, 100, 113, 117, 117, 'Ja', 'Ja', 'Ja', 'Ja', 'Nein', 'Nein', 0, 0, 0, 0, 0, 0, 1509881683, 1509881854, 1509882014, 1509883875, 1509884031, 1509884162, 1509883875, 100, 113, 213, 130.0, NULL, 250.74, 1, 1, 1, 24, 74, NULL, NULL, NULL, NULL, NULL, '', 0, 1, 1, 1),
(365, 'Junioren', -85, -85, 83.50, 83.50, 95, 102, 102, 95, 96, 97, 'Ja', 'Nein', 'Nein', 'Ja', 'Nein', 'Nein', 0, 0, 0, 0, 1, 1, 1509816258, 1509817108, 1509817219, 1509821168, 0, 0, 1509821168, 95, 95, 190, 23.0, NULL, 229.10, 14, 14, 14, 167, 80, NULL, NULL, NULL, NULL, NULL, '', 0, 17, 17, 17),
(366, 'Aktive', -77, -77, 76.20, 75.50, 80, 86, 92, 100, 101, 102, 'Ja', 'Ja', 'Nein', 'Nein', 'Nein', 'Nein', 0, 0, 0, 1, 1, 1, 1509805284, 1509805429, 1509805917, 0, 0, 0, 1509805429, 86, 0, 0, 10.5, NULL, 108.94, NULL, 11, NULL, 168, 165, NULL, NULL, NULL, NULL, NULL, '', 0, 18, NULL, NULL),
(367, 'Aktive', -69, -69, 67.60, 34.00, 57, 60, 62, 75, 75, 75, 'Ja', 'Nein', 'Nein', 'Nein', 'Nein', 'Nein', 0, 0, 0, 0, 0, 0, 1509791717, 1509792125, 1509792389, 1509795918, 1509796048, 1509796142, 1509791717, 57, 0, 0, 23.0, NULL, 72.42, NULL, 9, NULL, 166, 170, NULL, NULL, NULL, NULL, NULL, '', 0, 12, NULL, NULL),
(368, 'Aktive', -63, -63, 62.00, 27.50, 57, 60, 63, 77, 77, 80, 'Ja', 'Ja', 'Ja', 'Nein', 'Ja', 'Ja', 0, 0, 0, 0, 0, 0, 1509741185, 1509741636, 1509742061, 1509746021, 1509746132, 1509746552, 1509746552, 63, 80, 143, 88.0, NULL, 192.09, 7, 7, 7, 74, 110, NULL, NULL, NULL, NULL, NULL, '', 0, 9, 9, 9),
(369, 'Aktive', -58, -58, 57.60, 22.50, 44, 44, 46, 55, 55, 58, 'Nein', 'Ja', 'Ja', 'Nein', 'Ja', 'Ja', 0, 0, 0, 0, 0, 0, 1509732664, 1509732730, 1509732844, 1509735803, 1509735872, 1509735973, 1509735973, 46, 58, 104, 59.0, NULL, 147.16, 13, 13, 13, 135, 153, NULL, NULL, NULL, NULL, NULL, '', 0, 15, 15, 15),
(370, 'Aktive', -48, -48, 47.30, 15.00, 43, 45, 46, 53, 56, 58, 'Ja', 'Ja', 'Ja', 'Ja', 'Ja', 'Ja', 0, 0, 0, 0, 0, 0, 1509712422, 1509712573, 1509712706, 1509715497, 1509715985, 1509716282, 1509716282, 46, 58, 104, 74.0, NULL, 172.70, 2, 2, 2, 102, 129, NULL, NULL, NULL, NULL, NULL, '', 0, 2, 2, 2),
(371, 'Aktive', -63, -63, 62.20, 28.50, 60, 63, 65, 76, 80, 82, 'Ja', 'Ja', 'Ja', 'Ja', 'Ja', 'Nein', 0, 0, 0, 0, 0, 0, 1509741540, 1509742015, 1509742182, 1509745879, 1509746485, 1509746990, 1509746485, 65, 80, 145, 88.0, NULL, 194.36, 6, 5, 6, 73, 106, NULL, NULL, NULL, NULL, NULL, '', 0, 7, 8, 8),
(372, 'Aktive', -63, -63, 59.60, 25.00, 59, 62, 62, 73, 76, 79, 'Ja', 'Nein', 'Nein', 'Ja', 'Ja', 'Nein', 0, 0, 0, 0, 0, 0, 1509741426, 1509741844, 1509741969, 1509745523, 1509745961, 1509746397, 1509745961, 59, 76, 135, 85.0, NULL, 186.38, 8, 8, 8, 81, 115, NULL, NULL, NULL, NULL, NULL, '', 0, 11, 12, 11),
(373, 'Aktive', -53, -53, 51.90, 17.00, 38, 38, 38, 51, 54, 57, 'Nein', 'Nein', 'Nein', 'Ja', 'Ja', 'Nein', 0, 0, 0, 0, 0, 0, 1509711722, 1509711828, 1509711949, 1509715355, 1509715764, 1509716191, 1509715764, 0, 54, 0, 37.0, NULL, 82.85, NULL, NULL, 4, 162, 168, NULL, NULL, NULL, NULL, NULL, '', 0, NULL, 8, NULL),
(374, 'Aktive', -58, -58, 57.90, 22.50, 55, 58, 58, 64, 67, 70, 'Ja', 'Nein', 'Ja', 'Ja', 'Ja', 'Ja', 0, 0, 0, 0, 0, 0, 1509733759, 1509734268, 1509734464, 1509736354, 1509737021, 1509737514, 1509737514, 58, 70, 128, 83.0, NULL, 180.44, 6, 4, 6, 85, 122, NULL, NULL, NULL, NULL, NULL, '', 0, 6, 8, 8),
(375, 'Aktive', -48, -48, 47.60, 15.00, 39, 42, 42, 50, 54, 57, 'Ja', 'Nein', 'Nein', 'Ja', 'Ja', 'Ja', 0, 0, 0, 0, 0, 0, 1509712025, 1509712239, 1509712354, 1509715162, 1509715696, 1509716121, 1509716121, 39, 57, 96, 66.0, NULL, 158.53, 3, 3, 3, 119, 144, NULL, NULL, NULL, NULL, NULL, '', 0, 3, 3, 3),
(376, 'Aktive', -105, -105, 104.40, 102.00, 153, 158, 162, 195, 203, 220, 'Ja', 'Ja', 'Ja', 'Ja', 'Ja', 'Nein', 0, 0, 0, 0, 0, 0, 1509887275, 1509887537, 1509887770, 1509891157, 1509891614, 1509892150, 1509891614, 162, 203, 365, 161.0, NULL, 399.71, 1, 1, 1, 9, 9, NULL, NULL, NULL, NULL, NULL, '', 0, 1, 1, 1),
(377, 'Aktive', -69, -69, 68.60, 35.00, 45, 48, 49, 62, 65, 68, 'Ja', 'Nein', 'Nein', 'Ja', 'Ja', 'Ja', 0, 0, 0, 0, 0, 0, 1509790568, 1509790797, 1509790900, 1509794623, 1509794917, 1509795286, 1509795286, 45, 68, 113, 43.0, NULL, 142.29, 14, 15, 12, 158, 157, NULL, NULL, NULL, NULL, NULL, '', 0, 18, 15, 17),
(378, 'Aktive', -69, -69, 66.10, 33.00, 56, 56, 60, 73, 73, 78, 'Nein', 'Ja', 'Nein', 'Nein', 'Ja', 'Nein', 0, 0, 0, 0, 0, 0, 1509791556, 1509791618, 1509792193, 1509795596, 1509795758, 1509796540, 1509795758, 56, 73, 129, 63.0, NULL, 166.19, 10, 11, 11, 129, 138, NULL, NULL, NULL, NULL, NULL, '', 0, 14, 14, 13),
(379, 'Aktive', -69, -69, 66.80, 33.00, 68, 70, 71, 84, 84, 84, 'Ja', 'Nein', 'Nein', 'Nein', 'Nein', 'Ja', 0, 0, 0, 0, 0, 0, 1509793018, 1509793246, 1509793340, 1509797227, 1509797318, 1509797445, 1509797445, 68, 84, 152, 86.0, NULL, 194.53, 4, 4, 5, 79, 105, NULL, NULL, NULL, NULL, NULL, '', 0, 4, 5, 4),
(380, 'Junioren', -94, -94, 94.00, 94.00, 125, 125, 125, 150, 155, 160, 'Nein', 'Nein', 'Ja', 'Ja', 'Ja', 'Ja', 0, 0, 0, 0, 0, 0, 1509828034, 1509828167, 1509828238, 1509831870, 1509832053, 1509832340, 1509832340, 125, 160, 285, 97.0, NULL, 325.13, 3, 3, 3, 59, 36, NULL, NULL, NULL, NULL, NULL, '', 0, 11, 10, 10),
(381, 'Aktive', -63, -63, 62.00, 27.50, 45, 50, 54, 55, 60, 64, 'Ja', 'Ja', 'Nein', 'Ja', 'Ja', 'Ja', 0, 0, 0, 0, 0, 0, 1509740302, 1509740653, 1509741024, 1509744559, 1509744816, 1509745184, 1509745184, 50, 64, 114, 59.0, NULL, 153.14, 10, 11, 10, 136, 148, NULL, NULL, NULL, NULL, NULL, '', 0, 16, 14, 14),
(382, 'Junioren', -69, -69, 68.30, 35.00, 47, 51, 52, 68, 72, 75, 'Ja', 'Nein', 'Nein', 'Ja', 'Ja', 'Ja', 0, 0, 0, 0, 0, 0, 1509790653, 1509791047, 1509791183, 1509795226, 1509795552, 1509796090, 1509796090, 47, 75, 122, 52.0, NULL, 154.03, 4, 4, 4, 148, 147, NULL, NULL, NULL, NULL, NULL, '', 0, NULL, NULL, NULL),
(383, 'Aktive', -69, -69, 68.10, 35.00, 53, 57, 60, 72, 77, 81, 'Ja', 'Ja', 'Nein', 'Ja', 'Ja', 'Nein', 0, 0, 0, 0, 0, 0, 1509791231, 1509791798, 1509792245, 1509795499, 1509796331, 1509796950, 1509796331, 57, 77, 134, 64.0, NULL, 169.48, 9, 10, 9, 122, 134, NULL, NULL, NULL, NULL, NULL, '', 0, 13, 11, 12),
(384, 'Junioren', -58, -58, 55.70, 20.50, 58, 62, 64, 78, 81, 81, 'Ja', 'Ja', 'Ja', 'Ja', 'Nein', 'Nein', 0, 0, 0, 0, 0, 0, 1509734212, 1509734869, 1509735180, 1509738561, 1509738872, 1509739039, 1509738561, 64, 78, 142, 101.0, NULL, 206.04, 1, 2, 1, 50, 94, NULL, NULL, NULL, NULL, NULL, '', 0, 4, 2, 3),
(385, 'Junioren', -77, -77, 72.80, 70.50, 110, 115, 117, 138, 144, 147, 'Ja', 'Ja', 'Ja', 'Ja', 'Ja', 'Ja', 0, 0, 0, 0, 0, 0, 1509807544, 1509808085, 1509808375, 1509812537, 1509813130, 1509813328, 1509813328, 117, 147, 264, 123.0, NULL, 343.52, 3, 3, 3, 28, 27, NULL, NULL, NULL, NULL, NULL, '', 0, 7, 7, 7),
(386, 'Junioren', -85, -85, 83.40, 83.40, 93, 96, 98, 114, 118, 122, 'Ja', 'Ja', 'Ja', 'Ja', 'Ja', 'Ja', 0, 0, 0, 0, 0, 0, 1509816161, 1509816528, 1509816783, 1509821297, 1509821468, 1509821721, 1509821721, 98, 122, 220, 53.2, NULL, 265.43, 13, 12, 13, 145, 70, NULL, NULL, NULL, NULL, NULL, '', 0, NULL, NULL, NULL),
(387, 'Junioren', -53, -53, 52.10, 17.50, 34, 37, 40, 50, 53, 55, 'Ja', 'Ja', 'Ja', 'Ja', 'Ja', 'Ja', 0, 0, 0, 0, 0, 0, 1509711332, 1509711647, 1509712098, 1509715214, 1509715613, 1509715913, 1509715913, 40, 55, 95, 60.0, NULL, 145.29, 4, 4, 4, 133, 154, NULL, NULL, NULL, NULL, NULL, '', 0, 8, 7, 7),
(390, 'Junioren', -63, -63, 61.40, 27.50, 43, 47, 50, 53, 57, 60, 'Ja', 'Ja', 'Ja', 'Ja', 'Ja', 'Nein', 0, 0, 0, 0, 0, 0, 1509740174, 1509740509, 1509740733, 1509744419, 1509744699, 1509744912, 1509744699, 50, 57, 107, 52.0, NULL, 144.69, 6, 6, 6, 146, 155, NULL, NULL, NULL, NULL, NULL, '', 0, 15, 16, 16),
(392, 'Aktive', -85, -85, 84.60, 84.60, 110, 115, 115, 133, 138, 142, 'Ja', 'Nein', 'Ja', 'Ja', 'Ja', 'Nein', 0, 0, 0, 0, 0, 0, 1509817973, 1509818466, 1509818564, 1509822333, 1509822878, 1509823543, 1509822878, 115, 138, 253, 83.8, NULL, 303.04, 7, 7, 7, 84, 48, NULL, NULL, NULL, NULL, NULL, '', 0, 12, 13, 13),
(393, 'Junioren', -94, -94, 92.90, 92.90, 103, 107, 110, 120, 125, 130, 'Ja', 'Ja', 'Ja', 'Ja', 'Ja', 'Ja', 0, 0, 0, 0, 0, 0, 1509827476, 1509827649, 1509827777, 1509831118, 1509831275, 1509831476, 1509831476, 110, 130, 240, 54.2, NULL, 275.18, 4, 4, 4, 143, 59, NULL, NULL, NULL, NULL, NULL, '', 0, NULL, NULL, NULL),
(394, 'Aktive', -85, -85, 84.10, 84.10, 103, 108, 108, 130, 138, 138, 'Ja', 'Nein', 'Nein', 'Ja', 'Nein', 'Nein', 0, 0, 0, 0, 0, 0, 1509817275, 1509817674, 1509817800, 1509822100, 1509822821, 1509822954, 1509822100, 103, 130, 233, 64.8, NULL, 279.93, 8, 8, 8, 121, 56, NULL, NULL, NULL, NULL, NULL, '', 0, 16, 15, 16),
(395, 'Junioren', -85, -85, 84.70, 84.70, 110, 115, 117, 135, 140, 143, 'Ja', 'Ja', 'Nein', 'Ja', 'Ja', 'Nein', 0, 0, 0, 0, 0, 0, 1509817924, 1509818403, 1509818794, 1509822537, 1509823220, 1509823731, 1509823220, 115, 140, 255, 85.6, NULL, 305.26, 6, 6, 7, 80, 47, NULL, NULL, NULL, NULL, NULL, '', 0, NULL, NULL, NULL),
(396, 'Junioren', -77, -77, 74.00, 71.50, 110, 115, 117, 135, 141, 141, 'Ja', 'Ja', 'Nein', 'Ja', 'Nein', 'Nein', 0, 0, 0, 0, 0, 0, 1509807468, 1509808026, 1509808313, 1509812220, 1509812879, 1509812968, 1509812220, 115, 135, 250, 107.0, NULL, 322.15, 4, 4, 4, 44, 37, NULL, NULL, NULL, NULL, NULL, '', 0, NULL, NULL, NULL),
(397, 'Aktive', -77, -77, 76.50, 75.50, 96, 96, 96, 133, 139, 139, 'Nein', 'Nein', 'Ja', 'Ja', 'Nein', 'Nein', 0, 0, 0, 0, 0, 1, 1509806101, 1509806222, 1509806347, 1509811983, 1509812684, 0, 1509811983, 96, 133, 229, 78.0, NULL, 289.46, 8, 10, 6, 98, 52, NULL, NULL, NULL, NULL, NULL, '', 0, 15, 9, 13),
(400, 'Aktive', -94, -94, 93.00, 93.00, 135, 141, 147, 165, 171, 177, 'Ja', 'Ja', 'Nein', 'Ja', 'Ja', 'Nein', 0, 0, 0, 0, 0, 0, 1509828573, 1509828826, 1509829671, 1509832523, 1509832800, 1509833363, 1509832800, 141, 171, 312, 126.0, NULL, 357.58, 5, 5, 5, 26, 22, NULL, NULL, NULL, NULL, NULL, '', 0, 7, 7, 7),
(401, 'Junioren', -63, -63, 61.40, 27.50, 47, 50, 52, 57, 60, 63, 'Ja', 'Ja', 'Ja', 'Ja', 'Ja', 'Ja', 0, 0, 0, 0, 0, 0, 1509740476, 1509740694, 1509740888, 1509744649, 1509744873, 1509745056, 1509745056, 52, 63, 115, 60.0, NULL, 155.50, 5, 5, 5, 134, 145, NULL, NULL, NULL, NULL, NULL, NULL, NULL, NULL, NULL, NULL),
(402, 'Junioren', -58, -58, 57.20, 22.50, 63, 66, 68, 70, 73, 75, 'Ja', 'Ja', 'Ja', 'Ja', 'Ja', 'Nein', 0, 0, 0, 0, 0, 0, 1509735027, 1509735293, 1509735469, 1509737319, 1509738096, 1509738336, 1509738096, 68, 73, 141, 96.0, NULL, 200.54, 2, 1, 2, 60, 98, NULL, NULL, NULL, NULL, NULL, '', 0, 2, 6, 4),
(403, 'Aktive', -94, -94, 93.40, 93.40, 140, 145, 145, 165, 166, 167, 'Ja', 'Nein', 'Nein', 'Nein', 'Nein', 'Nein', 0, 0, 0, 1, 1, 1, 1509828756, 1509829434, 1509829544, 1509750000, 1509750000, 1509750000, 1509828756, 140, 0, 0, 46.6, NULL, 160.16, NULL, 6, NULL, 154, 142, NULL, NULL, NULL, NULL, NULL, '', 0, 8, NULL, NULL),
(404, 'Junioren', -85, -85, 83.50, 83.50, 100, 100, 105, 118, 122, 125, 'Nein', 'Ja', 'Nein', 'Ja', 'Ja', 'Nein', 0, 0, 0, 0, 0, 0, 1509816906, 1509816999, 1509817454, 1509821398, 1509821662, 1509821952, 1509821662, 100, 122, 222, 55.0, NULL, 267.69, 12, 11, 12, 142, 67, NULL, NULL, NULL, NULL, NULL, '', 0, NULL, NULL, NULL),
(405, 'Junioren', -56, -56, 56.00, 42.00, 90, 95, 100, 120, 125, 130, 'Ja', 'Ja', 'Ja', 'Ja', 'Ja', 'Nein', 0, 0, 0, 0, 0, 0, 1509721377, 1509721742, 1509721919, 1509724268, 1509724505, 1509724660, 1509724505, 100, 125, 225, 141.0, NULL, 351.18, 1, 1, 1, 18, 25, NULL, NULL, NULL, NULL, NULL, NULL, NULL, 1, 1, 1),
(406, 'Junioren', -75, -75, 74.40, 40.00, 65, 67, 69, 80, 80, 80, 'Ja', 'Ja', 'Nein', 'Nein', 'Nein', 'Nein', 0, 0, 0, 0, 0, 0, 1509800587, 1509800721, 1509801008, 1509802850, 1509802946, 1509803052, 1509800721, 67, 0, 0, 27.0, NULL, 80.57, NULL, 2, NULL, 165, 169, NULL, NULL, NULL, NULL, NULL, '', 0, 5, NULL, NULL),
(408, 'Aktive', -58, -58, 56.70, 21.50, 49, 52, 55, 60, 64, 66, 'Ja', 'Ja', 'Ja', 'Ja', 'Ja', 'Ja', 0, 0, 0, 0, 0, 0, 1509733120, 1509733375, 1509733957, 1509736086, 1509736439, 1509736862, 1509736862, 55, 66, 121, 78.0, NULL, 173.24, 8, 7, 9, 95, 128, NULL, NULL, NULL, NULL, NULL, '', 0, 9, 11, 10),
(409, 'Aktive', -85, -85, 84.90, 84.90, 150, 153, 153, 185, 193, 194, 'Ja', 'Nein', 'Ja', 'Ja', 'Ja', 'Nein', 0, 0, 0, 0, 0, 1, 1509820434, 1509820583, 1509820714, 1509825759, 1509826043, 0, 1509826043, 153, 193, 346, 176.2, NULL, 413.71, 1, 2, 1, 4, 4, NULL, NULL, NULL, NULL, NULL, '', 0, 2, 1, 1),
(410, 'Aktive', -69, -69, 68.80, 35.00, 68, 70, 72, 83, 85, 87, 'Ja', 'Ja', 'Ja', 'Ja', 'Ja', 'Ja', 0, 0, 0, 0, 0, 0, 1509793070, 1509793291, 1509793401, 1509797079, 1509797509, 1509797673, 1509797673, 72, 87, 159, 89.0, NULL, 199.86, 3, 2, 4, 71, 100, NULL, NULL, NULL, NULL, NULL, '', 0, 2, 4, 3),
(411, 'Junioren', -63, -63, 62.30, 28.50, 53, 57, 58, 72, 77, 81, 'Ja', 'Nein', 'Ja', 'Ja', 'Ja', 'Nein', 0, 0, 0, 0, 0, 0, 1509740930, 1509741227, 1509741349, 1509745438, 1509746077, 1509746679, 1509746077, 58, 77, 135, 78.0, NULL, 180.75, 4, 4, 4, 96, 121, NULL, NULL, NULL, NULL, NULL, '', 0, 12, 11, 12),
(412, 'Junioren', -85, -85, 84.60, 84.60, 98, 102, 106, 120, 125, 130, 'Ja', 'Ja', 'Nein', 'Ja', 'Ja', 'Nein', 0, 0, 0, 0, 0, 0, 1509816719, 1509817162, 1509817523, 1509821561, 1509821839, 1509822234, 1509821839, 102, 125, 227, 57.8, NULL, 271.90, 11, 10, 11, 138, 63, NULL, NULL, NULL, NULL, NULL, '', 0, NULL, NULL, NULL),
(413, 'Aktive', -77, -77, 70.40, 68.00, 130, 135, 138, 165, 170, 175, 'Ja', 'Ja', 'Ja', 'Ja', 'Ja', 'Ja', 0, 0, 0, 0, 0, 0, 1509808891, 1509809146, 1509809463, 1509814326, 1509814587, 1509814828, 1509814828, 138, 175, 313, 177.0, NULL, 415.76, 2, 3, 2, 3, 3, NULL, NULL, NULL, NULL, NULL, '', 0, 3, 2, 2),
(414, 'Aktive', -94, -94, 86.60, 86.60, 148, 152, 155, 186, 191, 191, 'Ja', 'Ja', 'Ja', 'Ja', 'Nein', 'Nein', 0, 0, 0, 0, 0, 0, 1509829743, 1509830088, 1509830303, 1509834061, 1509830672, 1509834426, 1509834061, 155, 186, 341, 167.8, NULL, 403.81, 2, 2, 2, 7, 7, NULL, NULL, NULL, NULL, NULL, '', 0, 2, 2, 2),
(415, 'Aktive', 105, 105, 118.90, 107.00, 148, 152, 152, 190, 198, 198, 'Ja', 'Nein', 'Ja', 'Ja', 'Nein', 'Ja', 0, 0, 0, 0, 0, 0, 1509886826, 1509887102, 1509887204, 1509891011, 1509891293, 1509891434, 1509891434, 152, 198, 350, 136.0, NULL, 368.17, 2, 2, 2, 21, 20, NULL, NULL, NULL, NULL, NULL, '', 0, 2, 2, 2),
(416, 'Aktive', -53, -53, 52.90, 17.50, 60, 64, 66, 73, 75, 80, 'Ja', 'Ja', 'Nein', 'Nein', 'Ja', 'Nein', 0, 0, 0, 0, 0, 0, 1509714073, 1509714411, 1509714557, 1509717231, 1509717397, 1509717782, 1509717397, 64, 75, 139, 104.0, NULL, 209.99, 1, 2, 2, 46, 92, NULL, NULL, NULL, NULL, NULL, '', 0, 2, 3, 2),
(417, 'Junioren', -90, -90, 89.00, 46.00, 84, 88, 88, 108, 113, 117, 'Ja', 'Nein', 'Ja', 'Ja', 'Ja', 'Nein', 0, 0, 0, 0, 0, 0, 1509881276, 1509881449, 1509881555, 1509883685, 1509883943, 1509884092, 1509883943, 88, 113, 201, 109.0, NULL, 222.33, 1, 1, 1, 42, 84, NULL, NULL, NULL, NULL, NULL, '', 0, 2, 2, 2),
(418, 'Aktive', -77, -77, 76.60, 75.50, 100, 105, 106, 128, 133, 137, 'Ja', 'Nein', 'Ja', 'Ja', 'Ja', 'Nein', 0, 0, 0, 0, 0, 0, 1509806504, 1509807072, 1509807215, 1509811629, 1509812143, 1509812405, 1509812143, 106, 133, 239, 88.0, NULL, 301.86, 6, 6, 7, 75, 49, NULL, NULL, NULL, NULL, NULL, '', 0, 11, 10, 10),
(419, 'Aktive', -105, -105, 103.00, 100.50, 150, 156, 161, 175, 182, 186, 'Ja', 'Ja', 'Ja', 'Ja', 'Ja', 'Ja', 0, 0, 0, 0, 0, 0, 1509886912, 1509887434, 1509887673, 1509890186, 1509890614, 1509890909, 1509890909, 161, 186, 347, 146.0, NULL, 381.84, 2, 2, 3, 13, 11, NULL, NULL, NULL, NULL, NULL, '', 0, 2, 3, 2),
(421, 'Aktive', -77, -77, 76.80, 75.50, 143, 148, 150, 175, 180, 185, 'Ja', 'Ja', 'Nein', 'Ja', 'Ja', 'Ja', 0, 0, 0, 0, 0, 0, 1509809640, 1509809830, 1509809998, 1509814737, 1509814916, 1509815100, 1509815100, 148, 185, 333, 182.0, NULL, 419.98, 1, 1, 1, 2, 2, NULL, NULL, NULL, NULL, NULL, '', 0, 1, 1, 1),
(422, 'Aktive', -48, -48, 47.90, 15.00, 47, 50, 50, 65, 68, 70, 'Ja', 'Nein', 'Ja', 'Ja', 'Ja', 'Nein', 0, 0, 0, 0, 0, 0, 1509712771, 1509713111, 1509713215, 1509716577, 1509716815, 1509717044, 1509716815, 50, 68, 118, 88.0, NULL, 193.78, 1, 1, 1, 72, 108, NULL, NULL, NULL, NULL, NULL, '', 0, 1, 1, 1),
(423, 'Junioren', -94, -94, 94.00, 94.00, 145, 149, 152, 173, 177, 178, 'Ja', 'Ja', 'Ja', 'Ja', 'Nein', 'Ja', 0, 0, 0, 0, 0, 0, 1509829376, 1509829896, 1509830155, 1509832901, 1509833285, 1509833500, 1509833500, 152, 178, 330, 142.0, NULL, 376.46, 1, 1, 2, 17, 14, NULL, NULL, NULL, NULL, NULL, '', 0, 3, 6, 4),
(424, 'Aktive', -69, -69, 67.20, 63.50, 98, 103, 106, 124, 129, 135, 'Ja', 'Ja', 'Ja', 'Ja', 'Ja', 'Ja', 0, 0, 0, 0, 0, 0, 1509727582, 1509727805, 1509728071, 1509730815, 1509731075, 1509731243, 1509731243, 106, 135, 241, 114.0, NULL, 329.81, 1, 1, 1, 32, 34, NULL, NULL, NULL, NULL, NULL, '', 0, 3, 3, 3),
(425, 'Aktive', -69, -69, 68.70, 35.00, 74, 74, 74, 92, 95, 99, 'Nein', 'Nein', 'Nein', 'Ja', 'Ja', 'Ja', 0, 0, 0, 0, 0, 0, 1509793647, 1509793765, 1509793899, 1509798007, 1509798302, 1509798445, 1509798445, 0, 99, 0, 64.0, NULL, 124.55, NULL, NULL, 1, 123, 164, NULL, NULL, NULL, NULL, NULL, '', 0, NULL, 1, NULL),
(426, 'Aktive', -69, -69, 67.80, 34.00, 69, 72, 72, 89, 93, 100, 'Ja', 'Nein', 'Ja', 'Ja', 'Ja', 'Nein', 0, 0, 0, 0, 0, 0, 1509793130, 1509793471, 1509793583, 1509797781, 1509798130, 1509798531, 1509798130, 72, 93, 165, 97.0, NULL, 209.25, 2, 3, 3, 58, 93, NULL, NULL, NULL, NULL, NULL, '', 0, 3, 3, 2),
(427, 'Aktive', -94, -94, 93.60, 93.60, 125, 133, 133, 153, 160, 164, 'Ja', 'Nein', 'Nein', 'Ja', 'Ja', 'Nein', 0, 0, 0, 0, 0, 0, 1509827961, 1509828392, 1509828505, 1509831963, 1509832218, 1509832440, 1509832218, 125, 160, 285, 97.8, NULL, 325.73, 7, 8, 6, 56, 35, NULL, NULL, NULL, NULL, NULL, '', 0, 10, 8, 9),
(428, 'Junioren', -69, -69, 65.40, 60.50, 83, 85, 87, 105, 110, 113, 'Ja', 'Ja', 'Ja', 'Ja', 'Ja', 'Nein', 0, 0, 0, 0, 0, 0, 1509726250, 1509726442, 1509726890, 1509729788, 1509730214, 1509730514, 1509730214, 87, 110, 197, 76.0, NULL, 274.54, 5, 6, 6, 101, 60, NULL, NULL, NULL, NULL, NULL, '', 0, NULL, NULL, NULL),
(429, 'Junioren', -75, -75, 74.90, 40.00, 76, 80, 83, 95, 100, 100, 'Ja', 'Ja', 'Ja', 'Ja', 'Nein', 'Nein', 0, 0, 0, 0, 0, 0, 1509801241, 1509801389, 1509801511, 1509803622, 1509803801, 1509803955, 1509803622, 83, 95, 178, 98.0, NULL, 213.28, 1, 1, 1, 54, 89, NULL, NULL, NULL, NULL, NULL, '', 0, 2, 2, 2),
(430, 'Junioren', -94, -94, 93.50, 93.50, 98, 102, 105, 127, 136, 136, 'Ja', 'Ja', 'Ja', 'Ja', 'Nein', 'Nein', 0, 0, 0, 0, 0, 0, 1509827291, 1509827413, 1509827585, 1509831369, 1509831654, 1509831795, 1509831369, 105, 127, 232, 45.0, NULL, 265.27, 5, 5, 5, 156, 71, NULL, NULL, NULL, NULL, NULL, '', 0, 12, 11, 11),
(431, 'Aktive', -75, -75, 71.10, 38.00, 48, 51, 53, 65, 65, 69, 'Ja', 'Ja', 'Nein', 'Nein', 'Ja', 'Nein', 0, 0, 0, 0, 0, 0, 1509799721, 1509799885, 1509800021, 1509802134, 1509802223, 1509802438, 1509802223, 51, 65, 116, 40.0, NULL, 143.04, 7, 7, 7, 160, 156, NULL, NULL, NULL, NULL, NULL, '', 0, 9, 8, 8),
(436, 'Aktive', -58, -58, 57.10, 22.50, 61, 65, 67, 75, 80, 85, 'Ja', 'Ja', 'Ja', 'Ja', 'Nein', 'Nein', 0, 0, 0, 0, 0, 0, 1509734665, 1509735241, 1509735411, 1509738218, 1509738722, 1509739125, 1509738218, 67, 75, 142, 97.0, NULL, 202.24, 2, 2, 3, 57, 96, NULL, NULL, NULL, NULL, NULL, '', 0, 3, 4, 2),
(437, 'Aktive', -69, -69, 67.90, 34.00, 48, 52, 55, 63, 67, 68, 'Ja', 'Ja', 'Ja', 'Ja', 'Nein', 'Nein', 0, 0, 0, 0, 0, 0, 1509790752, 1509791146, 1509791475, 1509794670, 1509794999, 1509795329, 1509794670, 55, 63, 118, 50.0, NULL, 149.51, 13, 12, 15, 151, 152, NULL, NULL, NULL, NULL, NULL, '', 0, 15, 19, 16),
(438, 'Aktive', -77, -77, 76.40, 75.50, 102, 103, 103, 115, 116, 117, 'Nein', 'Nein', 'Ja', 'Nein', 'Nein', 'Nein', 0, 0, 0, 1, 1, 1, 1509806618, 1509806749, 1509806875, 0, 0, 0, 1509806875, 103, 0, 0, 27.5, NULL, 130.28, NULL, 8, NULL, 164, 162, NULL, NULL, NULL, NULL, NULL, '', 0, 13, NULL, NULL),
(439, 'Junioren', 105, 105, 111.90, 104.50, 103, 107, 110, 135, 142, 150, 'Ja', 'Ja', 'Ja', 'Ja', 'Ja', 'Nein', 0, 0, 0, 0, 0, 0, 1509885910, 1509886123, 1509886258, 1509889466, 1509889718, 1509889963, 1509889718, 110, 142, 252, 43.0, NULL, 269.72, 1, 1, 1, 159, 66, NULL, NULL, NULL, NULL, NULL, '', 0, NULL, NULL, NULL),
(441, 'Aktive', -75, -75, 73.50, 40.00, 65, 69, 73, 85, 89, 92, 'Ja', 'Ja', 'Ja', 'Ja', 'Ja', 'Nein', 0, 0, 0, 0, 0, 0, 1509800638, 1509800951, 1509801177, 1509803230, 1509803386, 1509803546, 1509803386, 73, 89, 162, 82.0, NULL, 196.10, 2, 2, 3, 89, 103, NULL, NULL, NULL, NULL, NULL, '', 0, 3, 4, 3),
(442, 'Aktive', -94, -94, 93.60, 93.60, 155, 160, 163, 190, 197, 200, 'Ja', 'Ja', 'Ja', 'Ja', 'Ja', 'Nein', 0, 0, 0, 0, 0, 0, 1509830236, 1509830413, 1509830627, 1509834159, 1509834539, 1509834755, 1509834539, 163, 197, 360, 172.8, NULL, 411.44, 1, 1, 1, 5, 5, NULL, NULL, NULL, NULL, NULL, '', 0, 1, 1, 1),
(443, 'Aktive', -53, -53, 49.80, 16.00, 34, 35, 36, 44, 45, 46, 'Ja', 'Ja', 'Ja', 'Ja', 'Ja', 'Ja', 0, 0, 0, 0, 0, 0, 1509711376, 1509711485, 1509711592, 1509714781, 1509714883, 1509714973, 1509714973, 36, 46, 82, 50.0, NULL, 130.21, 4, 5, 5, 150, 163, NULL, NULL, NULL, NULL, NULL, '', 0, 10, 10, 9),
(444, 'Junioren', -58, -58, 57.20, 22.50, 59, 62, 63, 70, 72, 72, 'Ja', 'Ja', 'Nein', 'Ja', 'Nein', 'Nein', 0, 0, 0, 0, 0, 0, 1509734476, 1509734936, 1509735097, 1509737381, 1509737856, 1509737992, 1509737381, 62, 70, 132, 87.0, NULL, 187.74, 3, 3, 3, 76, 114, NULL, NULL, NULL, NULL, NULL, '', 0, NULL, NULL, NULL),
(445, 'Aktive', -58, -58, 57.70, 22.50, 52, 52, 52, 63, 66, 69, 'Nein', 'Nein', 'Ja', 'Ja', 'Ja', 'Nein', 0, 0, 0, 0, 0, 0, 1509733265, 1509733413, 1509733529, 1509736208, 1509736819, 1509737187, 1509736819, 52, 66, 118, 73.0, NULL, 166.76, 9, 10, 8, 107, 136, NULL, NULL, NULL, NULL, NULL, '', 0, 12, 10, 11),
(447, 'Aktive', -58, -58, 57.50, 22.50, 54, 57, 61, 68, 72, 72, 'Ja', 'Ja', 'Nein', 'Ja', 'Nein', 'Ja', 0, 0, 0, 0, 0, 0, 1509733633, 1509734143, 1509734757, 1509737082, 1509737687, 1509738040, 1509738040, 57, 72, 129, 84.0, NULL, 182.77, 4, 6, 5, 82, 119, NULL, NULL, NULL, NULL, NULL, '', 0, 8, 7, 6),
(448, 'Aktive', -94, -94, 92.60, 92.60, 143, 143, 148, 175, 180, 184, 'Nein', 'Ja', 'Ja', 'Ja', 'Ja', 'Nein', 0, 0, 0, 0, 0, 0, 1509829160, 1509829260, 1509829817, 1509833021, 1509833592, 1509833882, 1509833592, 148, 180, 328, 142.8, NULL, 376.64, 4, 4, 4, 15, 13, NULL, NULL, NULL, NULL, NULL, '', 0, 5, 4, 5),
(449, 'Aktive', -53, -53, 52.90, 17.50, 66, 69, 70, 88, 88, 88, 'Ja', 'Ja', 'Nein', 'Nein', 'Nein', 'Nein', 0, 0, 1, 0, 1, 1, 1509714504, 1509714624, 0, 1509717956, 1509718074, 0, 1509714624, 69, 0, 0, 51.5, NULL, 104.24, NULL, 1, NULL, 149, 167, NULL, NULL, NULL, NULL, NULL, '', 0, 1, NULL, NULL),
(450, 'Junioren', -69, -69, 68.50, 65.00, 90, 93, 95, 108, 112, 115, 'Ja', 'Ja', 'Nein', 'Ja', 'Ja', 'Ja', 0, 0, 0, 0, 0, 0, 1509726964, 1509727338, 1509727509, 1509730000, 1509730365, 1509730649, 1509730649, 93, 115, 208, 78.0, NULL, 281.13, 4, 4, 4, 94, 54, NULL, NULL, NULL, NULL, NULL, '', 0, 5, 5, 5),
(451, 'Junioren', -63, -63, 62.20, 28.50, 69, 72, 73, 75, 79, 81, 'Ja', 'Nein', 'Nein', 'Ja', 'Ja', 'Ja', 0, 0, 0, 0, 0, 0, 1509742414, 1509742905, 1509743080, 1509745822, 1509746320, 1509746729, 1509746729, 69, 81, 150, 93.0, NULL, 201.06, 2, 2, 2, 63, 97, NULL, NULL, NULL, NULL, NULL, '', 0, 4, 7, 5),
(452, 'Aktive', -77, -77, 73.60, 71.50, 98, 103, 107, 120, 127, 132, 'Ja', 'Ja', 'Nein', 'Ja', 'Ja', 'Nein', 0, 0, 0, 0, 0, 0, 1509806400, 1509806706, 1509807275, 1509811067, 1509811470, 1509811832, 1509811470, 103, 127, 230, 87.0, NULL, 297.32, 7, 9, 8, 77, 50, NULL, NULL, NULL, NULL, NULL, '', 0, 14, 12, 12),
(453, 'Junioren', -62, -62, 59.80, 50.00, 68, 72, 75, 90, 96, 97, 'Ja', 'Ja', 'Ja', 'Ja', 'Ja', 'Ja', 0, 0, 0, 0, 0, 0, 1509720073, 1509720248, 1509720404, 1509722857, 1509723276, 1509723365, 1509723365, 75, 97, 172, 72.0, NULL, 255.37, 3, 4, 3, 109, 73, NULL, NULL, NULL, NULL, NULL, NULL, NULL, 3, 3, 3),
(454, 'Junioren', -77, -77, 71.40, 69.50, 88, 92, 95, 105, 110, 115, 'Ja', 'Nein', 'Ja', 'Ja', 'Ja', 'Nein', 0, 0, 0, 0, 0, 0, 1509805642, 1509805863, 1509806045, 1509810448, 1509810575, 1509810783, 1509810575, 95, 110, 205, 66.0, NULL, 269.92, 8, 7, 8, 120, 65, NULL, NULL, NULL, NULL, NULL, '', 0, 16, 15, 15),
(455, 'Junioren', -56, -56, 55.70, 42.00, 82, 86, 88, 100, 100, 109, 'Ja', 'Ja', 'Nein', 'Nein', 'Ja', 'Ja', 0, 0, 0, 0, 0, 0, 1509721013, 1509721201, 1509721316, 1509723556, 1509723731, 1509724052, 1509724052, 86, 109, 195, 111.0, NULL, 305.64, 2, 2, 2, 36, 46, NULL, NULL, NULL, NULL, NULL, NULL, NULL, 2, 2, 2),
(456, 'Aktive', -85, -85, 84.80, 84.80, 113, 116, 119, 144, 144, 144, 'Ja', 'Ja', 'Nein', 'Nein', 'Nein', 'Ja', 0, 0, 0, 0, 0, 0, 1509818162, 1509818618, 1509818847, 1509823791, 1509823902, 1509824025, 1509824025, 116, 144, 260, 90.4, NULL, 311.06, 6, 6, 6, 67, 42, NULL, NULL, NULL, NULL, NULL, '', 0, 10, 11, 11),
(457, 'Aktive', -85, -85, 84.70, 84.70, 128, 133, 136, 153, 159, 163, 'Ja', 'Ja', 'Nein', 'Ja', 'Ja', 'Ja', 0, 0, 0, 0, 0, 0, 1509819699, 1509820095, 1509820275, 1509824800, 1509825213, 1509825504, 1509825504, 133, 163, 296, 126.6, NULL, 354.34, 3, 4, 3, 25, 23, NULL, NULL, NULL, NULL, NULL, '', 0, 4, 3, 3),
(458, 'Junioren', -69, -69, 68.60, 65.00, 118, 122, 126, 145, 150, 153, 'Ja', 'Ja', 'Nein', 'Ja', 'Ja', 'Nein', 0, 0, 0, 0, 0, 0, 1509728502, 1509728680, 1509728873, 1509731380, 1509731525, 1509731709, 1509731525, 122, 150, 272, 142.0, NULL, 367.28, 1, 1, 2, 16, 21, NULL, NULL, NULL, NULL, NULL, '', 0, 1, 2, 1),
(459, 'Junioren', -69, -69, 65.60, 32.00, 58, 62, 64, 69, 73, 76, 'Ja', 'Ja', 'Nein', 'Ja', 'Ja', 'Ja', 0, 0, 0, 0, 0, 0, 1509791854, 1509792340, 1509792743, 1509795392, 1509795720, 1509796258, 1509796258, 62, 76, 138, 74.0, NULL, 178.63, 3, 2, 3, 103, 125, NULL, NULL, NULL, NULL, NULL, '', 0, 8, 12, 10),
(461, 'Junioren', -53, -53, 52.60, 17.50, 38, 38, 40, 48, 52, 55, 'Nein', 'Ja', 'Nein', 'Ja', 'Ja', 'Nein', 0, 0, 0, 0, 0, 0, 1509711780, 1509711898, 1509712172, 1509715047, 1509715427, 1509715846, 1509715427, 38, 52, 90, 55.0, NULL, 136.59, 5, 5, 5, 140, 159, NULL, NULL, NULL, NULL, NULL, '', 0, 9, 9, 8),
(462, 'Junioren', -90, -90, 78.30, 42.00, 61, 66, 70, 81, 85, 90, 'Ja', 'Ja', 'Nein', 'Ja', 'Ja', 'Nein', 0, 0, 0, 0, 0, 0, 1509880658, 1509880890, 1509881034, 1509882807, 1509883102, 1509883263, 1509883102, 66, 85, 151, 67.0, NULL, 176.85, 2, 3, 2, 118, 126, NULL, NULL, NULL, NULL, NULL, '', 0, 5, 4, 4),
(463, 'Junioren', 90, 90, 92.50, 47.50, 50, 55, 60, 70, 75, 80, 'Ja', 'Ja', 'Ja', 'Ja', 'Ja', 'Ja', 0, 0, 0, 0, 0, 0, 1509880265, 1509880376, 1509880622, 1509882412, 1509882558, 1509882763, 1509882763, 60, 80, 140, 45.0, NULL, 152.60, 1, 1, 1, 157, 149, NULL, NULL, NULL, NULL, NULL, '', 0, 2, 2, 2),
(464, 'Junioren', 105, 105, 154.40, 125.00, 91, 95, 100, 113, 118, 125, 'Ja', 'Ja', 'Ja', 'Ja', 'Ja', 'Nein', 0, 0, 0, 0, 0, 0, 1509885520, 1509885660, 1509885816, 1509888718, 1509888879, 1509889298, 1509888879, 100, 118, 218, 0.0, NULL, 219.11, 2, 3, 2, 170, 86, NULL, NULL, NULL, NULL, NULL, '', 0, NULL, NULL, NULL),
(465, 'Aktive', -75, -75, 73.30, 40.00, 80, 85, 95, 100, 100, 105, 'Ja', 'Ja', 'Nein', 'Nein', 'Ja', 'Nein', 0, 0, 0, 0, 0, 0, 1509801335, 1509801580, 1509801770, 1509803721, 1509803881, 1509804034, 1509803881, 85, 100, 185, 105.0, NULL, 224.28, 1, 1, 1, 45, 82, NULL, NULL, NULL, NULL, NULL, '', 0, 1, 1, 1),
(466, 'Aktive', -85, -85, 84.60, 84.60, 125, 131, 135, 142, 147, 150, 'Ja', 'Ja', 'Ja', 'Ja', 'Ja', 'Nein', 0, 0, 0, 0, 0, 1, 1509819403, 1509819984, 1509820203, 1509823449, 1509824301, 0, 1509824301, 135, 147, 282, 112.8, NULL, 337.78, 5, 3, 5, 34, 29, NULL, NULL, NULL, NULL, NULL, '', 0, 3, 8, 6),
(467, 'Aktive', 105, 105, 116.70, 106.00, 107, 111, 115, 140, 147, 154, 'Ja', 'Ja', 'Nein', 'Ja', 'Ja', 'Nein', 0, 0, 0, 0, 0, 0, 1509886075, 1509886329, 1509886518, 1509889646, 1509889897, 1509890065, 1509889897, 111, 147, 258, 46.0, NULL, 272.76, 3, 3, 3, 155, 61, NULL, NULL, NULL, NULL, NULL, '', 0, 3, 3, 3),
(468, 'Junioren', -90, -90, 75.20, 40.50, 60, 63, 66, 75, 79, 83, 'Ja', 'Ja', 'Ja', 'Ja', 'Ja', 'Nein', 0, 0, 0, 0, 0, 0, 1509880544, 1509880752, 1509880938, 1509882505, 1509882699, 1509882954, 1509882699, 66, 79, 145, 64.0, NULL, 173.38, 3, 2, 3, 125, 127, NULL, NULL, NULL, NULL, NULL, '', 0, 4, 6, 6),
(469, 'Junioren', -63, -63, 63.00, 28.50, 73, 76, 77, 88, 91, 93, 'Ja', 'Ja', 'Ja', 'Ja', 'Ja', 'Ja', 0, 0, 0, 0, 0, 0, 1509743027, 1509743380, 1509743509, 1509747552, 1509747769, 1509747996, 1509747996, 77, 93, 170, 113.0, NULL, 225.91, 1, 1, 1, 33, 81, NULL, NULL, NULL, NULL, NULL, '', 0, 2, 2, 2),
(470, 'Junioren', -85, -85, 84.60, 84.60, 125, 128, 128, 153, 157, 160, 'Ja', 'Nein', 'Ja', 'Ja', 'Ja', 'Ja', 0, 0, 0, 0, 0, 0, 1509819352, 1509819755, 1509819861, 1509824856, 1509825125, 1509825417, 1509825417, 128, 160, 288, 118.8, NULL, 344.97, 1, 2, 2, 29, 26, NULL, NULL, NULL, NULL, NULL, '', 0, 6, 6, 4),
(471, 'Junioren', -53, -53, 52.80, 17.50, 58, 61, 63, 77, 80, 82, 'Ja', 'Ja', 'Ja', 'Ja', 'Ja', 'Ja', 0, 0, 0, 0, 0, 0, 1509713763, 1509714181, 1509714340, 1509717492, 1509717724, 1509717878, 1509717878, 63, 82, 145, 110.0, NULL, 219.38, 1, 1, 1, 37, 85, NULL, NULL, NULL, NULL, NULL, '', 0, 3, 1, 1),
(472, 'Aktive', -62, -62, 62.00, 54.00, 90, 94, 97, 119, 120, 125, 'Ja', 'Ja', 'Ja', 'Nein', 'Ja', 'Ja', 0, 0, 0, 0, 0, 0, 1509721445, 1509721673, 1509721854, 1509724147, 1509724345, 1509724583, 1509724583, 97, 125, 222, 114.0, NULL, 321.06, 1, 1, 1, 31, 38, NULL, NULL, NULL, NULL, NULL, NULL, NULL, 1, 1, 1),
(474, 'Junioren', 105, 105, 111.50, 104.50, 95, 100, 100, 120, 124, 124, 'Ja', 'Nein', 'Ja', 'Nein', 'Nein', 'Nein', 0, 0, 0, 0, 0, 0, 1509885611, 1509885770, 1509885858, 1509888970, 1509889101, 1509885631, 1509885858, 100, 0, 0, 0.0, NULL, 107.15, NULL, 2, NULL, 169, 166, NULL, NULL, NULL, NULL, NULL, '', 0, NULL, NULL, NULL),
(475, 'Aktive', -69, -69, 67.50, 34.00, 60, 64, 66, 73, 77, 80, 'Ja', 'Ja', 'Ja', 'Ja', 'Ja', 'Ja', 0, 0, 0, 0, 0, 0, 1509791996, 1509792614, 1509792911, 1509795656, 1509796382, 1509796823, 1509796823, 66, 80, 146, 78.0, NULL, 185.65, 5, 6, 7, 97, 117, NULL, NULL, NULL, NULL, NULL, '', 0, 7, 9, 6),
(477, 'Junioren', -69, -69, 63.90, 57.50, 80, 85, 85, 105, 110, 112, 'Ja', 'Nein', 'Ja', 'Ja', 'Ja', 'Ja', 0, 0, 0, 0, 0, 0, 1509726092, 1509726362, 1509726521, 1509729843, 1509730281, 1509730426, 1509730426, 85, 112, 197, 82.0, NULL, 278.93, 6, 7, 5, 87, 57, NULL, NULL, NULL, NULL, NULL, '', 0, NULL, NULL, NULL),
(478, 'Junioren', -105, -105, 95.00, 95.00, 144, 147, 150, 175, 180, 183, 'Ja', 'Ja', 'Nein', 'Ja', 'Ja', 'Ja', 0, 0, 0, 0, 0, 0, 1509886600, 1509886759, 1509887020, 1509890306, 1509890518, 1509836400, 1509886759, 147, 183, 330, 140.0, NULL, 374.78, 1, 1, 1, 19, 17, NULL, NULL, NULL, NULL, NULL, '', 0, 4, 4, 4),
(479, 'Aktive', -62, -62, 57.70, 46.00, 62, 66, 70, 82, 87, 92, 'Ja', 'Ja', 'Ja', 'Ja', 'Ja', 'Ja', 0, 0, 0, 0, 0, 0, 1509719826, 1509719974, 1509720163, 1509722582, 1509722777, 1509723036, 1509723036, 70, 92, 162, 70.0, NULL, 247.07, 2, 2, 2, 112, 76, NULL, NULL, NULL, NULL, NULL, NULL, NULL, 3, 3, 3),
(480, 'Aktive', -69, -69, 64.90, 31.00, 70, 75, 77, 87, 91, 94, 'Ja', 'Ja', 'Ja', 'Ja', 'Ja', 'Ja', 0, 0, 0, 0, 0, 0, 1509793207, 1509793961, 1509794070, 1509797603, 1509797945, 1509798229, 1509798229, 77, 94, 171, 109.0, NULL, 222.86, 1, 1, 2, 39, 83, NULL, NULL, NULL, NULL, NULL, '', 0, 1, 2, 1),
(481, 'Junioren', -69, -69, 68.10, 35.00, 44, 44, 47, 61, 65, 67, 'Nein', 'Ja', 'Nein', 'Ja', 'Ja', 'Nein', 0, 0, 0, 0, 0, 0, 1509790433, 1509790524, 1509790709, 1509794568, 1509794867, 1509795177, 1509794867, 44, 65, 109, 39.0, NULL, 137.86, 5, 5, 5, 161, 158, NULL, NULL, NULL, NULL, NULL, '', 0, 19, 17, 18),
(484, 'Junioren', -62, -62, 62.00, 54.00, 77, 81, 84, 96, 100, 103, 'Ja', 'Ja', 'Ja', 'Ja', 'Ja', 'Nein', 0, 0, 0, 0, 0, 0, 1509720547, 1509720878, 1509721085, 1509723211, 1509723668, 1509723841, 1509723668, 84, 100, 184, 76.0, NULL, 266.10, 2, 1, 2, 100, 69, NULL, NULL, NULL, NULL, NULL, NULL, NULL, 2, 2, 2),
(485, 'Junioren', -63, -63, 59.60, 25.00, 39, 43, 46, 48, 51, 54, 'Ja', 'Ja', 'Ja', 'Ja', 'Ja', 'Nein', 0, 0, 0, 0, 0, 0, 1509740076, 1509740225, 1509740429, 1509744234, 1509744346, 1509744506, 1509744346, 46, 51, 97, 47.0, NULL, 133.92, 7, 7, 7, 153, 161, NULL, NULL, NULL, NULL, NULL, '', 0, 17, 17, 17),
(486, 'Junioren', -85, -85, 85.00, 85.00, 120, 125, 129, 143, 150, 154, 'Ja', 'Ja', 'Nein', 'Ja', 'Ja', 'Ja', 0, 0, 0, 0, 0, 0, 1509818949, 1509819454, 1509819919, 1509823598, 1509824702, 1509824979, 1509824979, 125, 154, 279, 109.0, NULL, 333.40, 3, 3, 3, 41, 32, NULL, NULL, NULL, NULL, NULL, '', 0, 8, 7, 8),
(488, 'Junioren', -53, -53, 52.60, 17.50, 54, 58, 60, 66, 70, 72, 'Ja', 'Ja', 'Nein', 'Ja', 'Ja', 'Ja', 0, 0, 0, 0, 0, 0, 1509713556, 1509713820, 1509714129, 1509716683, 1509716976, 1509717161, 1509717161, 58, 72, 130, 95.0, NULL, 197.30, 2, 2, 2, 61, 101, NULL, NULL, NULL, NULL, NULL, '', 0, 4, 4, 4),
(490, 'Aktive', -94, -94, 89.40, 89.40, 120, 125, 128, 160, 160, 167, 'Ja', 'Ja', 'Ja', 'Nein', 'Ja', 'Nein', 0, 0, 0, 0, 0, 0, 1509827852, 1509828101, 1509828300, 1509832138, 1509832277, 1509832629, 1509832277, 128, 160, 288, 109.2, NULL, 335.95, 6, 7, 7, 38, 31, NULL, NULL, NULL, NULL, NULL, '', 0, 9, 9, 8),
(491, 'Junioren', -69, -69, 67.10, 34.00, 64, 64, 67, 75, 79, 81, 'Nein', 'Ja', 'Ja', 'Ja', 'Ja', 'Ja', 0, 0, 0, 0, 0, 0, 1509792566, 1509792694, 1509792968, 1509795968, 1509796640, 1509797004, 1509797004, 67, 81, 148, 80.0, NULL, 188.89, 1, 1, 1, 92, 113, NULL, NULL, NULL, NULL, NULL, '', 0, 5, 7, 5),
(492, 'Junioren', -77, -77, 71.20, 69.50, 100, 105, 110, 122, 127, 132, 'Ja', 'Ja', 'Ja', 'Ja', 'Ja', 'Nein', 0, 0, 0, 0, 0, 0, 1509806550, 1509807123, 1509807657, 1509811280, 1509811546, 1509811913, 1509811546, 110, 127, 237, 98.0, NULL, 312.60, 6, 5, 6, 55, 41, NULL, NULL, NULL, NULL, NULL, '', 0, 9, 13, 11),
(493, 'Aktive', -105, -105, 105.00, 102.00, 150, 155, 158, 175, 180, 186, 'Ja', 'Ja', 'Ja', 'Ja', 'Ja', 'Ja', 0, 0, 0, 0, 0, 0, 1509886964, 1509887382, 1509887609, 1509890239, 1509890451, 1509890841, 1509890841, 158, 186, 344, 140.0, NULL, 375.96, 3, 3, 2, 20, 16, NULL, NULL, NULL, NULL, NULL, '', 0, 3, 2, 3),
(494, 'Aktive', -77, -77, 77.00, 75.50, 125, 130, 136, 155, 160, 165, 'Ja', 'Ja', 'Ja', 'Ja', 'Ja', 'Ja', 0, 0, 0, 0, 0, 0, 1509808675, 1509809029, 1509809371, 1509813777, 1509810393, 1509814419, 1509814419, 136, 165, 301, 150.0, NULL, 379.05, 4, 4, 4, 10, 12, NULL, NULL, NULL, NULL, NULL, '', 0, 4, 4, 4),
(495, 'Junioren', -105, -105, 98.00, 96.50, 103, 108, 111, 133, 138, 142, 'Ja', 'Ja', 'Nein', 'Ja', 'Ja', 'Ja', 0, 0, 0, 0, 0, 0, 1509885962, 1509886185, 1509886381, 1509889378, 1509889541, 1509889784, 1509889784, 108, 142, 250, 57.0, NULL, 280.35, 2, 2, 2, 139, 55, NULL, NULL, NULL, NULL, NULL, '', 0, 5, 5, 5),
(496, 'Aktive', -85, -85, 78.40, 78.00, 145, 150, 155, 180, 185, 190, 'Ja', 'Ja', 'Ja', 'Ja', 'Ja', 'Nein', 0, 0, 0, 0, 0, 0, 1509820334, 1509820486, 1509820768, 1509825657, 1509825815, 1509825954, 1509825815, 155, 185, 340, 184.0, NULL, 423.88, 2, 1, 2, 1, 1, NULL, NULL, NULL, NULL, NULL, '', 0, 1, 2, 2),
(497, 'Aktive', -69, -69, 68.90, 65.00, 70, 74, 78, 90, 95, 100, 'Ja', 'Ja', 'Ja', 'Ja', 'Ja', 'Ja', 0, 0, 0, 0, 0, 0, 1509725706, 1509725869, 1509726028, 1509729329, 1509729465, 1509729655, 1509729655, 78, 100, 178, 48.0, NULL, 239.68, 2, 2, 2, 152, 78, NULL, NULL, NULL, NULL, NULL, '', 0, 7, 7, 7),
(498, 'Aktive', -63, -63, 62.60, 28.50, 62, 65, 65, 82, 86, 86, 'Ja', 'Nein', 'Ja', 'Ja', 'Nein', 'Nein', 0, 0, 0, 0, 0, 0, 1509741777, 1509742137, 1509742232, 1509746793, 1509747258, 1509747465, 1509746793, 65, 82, 147, 90.0, NULL, 196.19, 5, 6, 4, 68, 102, NULL, NULL, NULL, NULL, NULL, '', 0, 8, 5, 7),
(499, 'Aktive', -69, -69, 67.50, 34.00, 60, 63, 63, 75, 75, 78, 'Ja', 'Nein', 'Nein', 'Nein', 'Ja', 'Nein', 0, 0, 0, 0, 0, 0, 1509791936, 1509792425, 1509792502, 1509795861, 1509796004, 1509796580, 1509796004, 60, 75, 135, 67.0, NULL, 171.67, 8, 8, 10, 117, 131, NULL, NULL, NULL, NULL, NULL, '', 0, 10, 13, 11),
(500, 'Aktive', -75, -75, 72.60, 39.00, 55, 59, 62, 68, 73, 78, 'Ja', 'Ja', 'Ja', 'Ja', 'Ja', 'Ja', 0, 0, 0, 0, 0, 0, 1509800152, 1509800339, 1509800473, 1509802369, 1509802593, 1509802789, 1509802789, 62, 78, 140, 62.0, NULL, 170.62, 5, 4, 5, 131, 133, NULL, NULL, NULL, NULL, NULL, '', 0, 6, 6, 6),
(501, 'Aktive', -63, -63, 62.70, 28.50, 68, 71, 71, 78, 82, 86, 'Ja', 'Nein', 'Nein', 'Ja', 'Ja', 'Nein', 0, 0, 0, 0, 0, 0, 1509742374, 1509742736, 1509742858, 1509746207, 1509746932, 1509747326, 1509746932, 68, 82, 150, 93.0, NULL, 199.98, 4, 4, 5, 64, 99, NULL, NULL, NULL, NULL, NULL, '', 0, 6, 6, 6),
(502, 'Aktive', -58, -58, 56.80, 21.50, 67, 70, 72, 75, 78, 81, 'Ja', 'Ja', 'Nein', 'Ja', 'Ja', 'Ja', 0, 0, 0, 0, 0, 0, 1509735353, 1509735547, 1509735687, 1509738284, 1509738625, 1509738942, 1509738942, 70, 81, 151, 108.0, NULL, 215.90, 1, 1, 1, 43, 87, NULL, NULL, NULL, NULL, NULL, '', 0, 1, 1, 1),
(503, 'Junioren', -53, -53, 52.70, 17.50, 48, 51, 53, 53, 56, 58, 'Ja', 'Ja', 'Nein', 'Ja', 'Ja', 'Nein', 0, 0, 0, 0, 0, 0, 1509712860, 1509713284, 1509713497, 1509715559, 1509716044, 1509716346, 1509716044, 51, 56, 107, 72.0, NULL, 162.14, 3, 3, 3, 108, 141, NULL, NULL, NULL, NULL, NULL, '', 0, 7, 6, 6),
(504, 'Aktive', -85, -85, 84.80, 84.80, 122, 127, 131, 155, 160, 170, 'Ja', 'Ja', 'Nein', 'Ja', 'Ja', 'Nein', 0, 0, 0, 0, 0, 0, 1509819223, 1509819634, 1509820020, 1509825036, 1509825300, 1509825597, 1509825300, 127, 160, 287, 117.4, NULL, 343.37, 4, 5, 4, 30, 28, NULL, NULL, NULL, NULL, NULL, '', 0, 7, 4, 5),
(505, 'Aktive', -77, -77, 70.70, 68.00, 136, 140, 143, 160, 160, 166, 'Ja', 'Ja', 'Nein', 'Nein', 'Ja', 'Ja', 0, 0, 0, 0, 0, 0, 1509809294, 1509809533, 1509809709, 1509810301, 1509814054, 1509814501, 1509814501, 140, 166, 306, 170.0, NULL, 405.36, 3, 2, 3, 6, 6, NULL, NULL, NULL, NULL, NULL, '', 0, 2, 3, 3),
(506, 'Junioren', -69, -69, 67.60, 63.50, 81, 86, 86, 104, 109, 115, 'Ja', 'Nein', 'Nein', 'Ja', 'Ja', 'Nein', 0, 0, 0, 0, 0, 0, 1509726156, 1509726590, 1509726725, 1509729707, 1509730130, 1509730576, 1509730130, 81, 109, 190, 63.0, NULL, 259.01, 8, 8, 7, 128, 72, NULL, NULL, NULL, NULL, NULL, '', 0, 6, 6, 6),
(507, 'Junioren', -69, -69, 68.70, 65.00, 100, 104, 107, 120, 124, 126, 'Ja', 'Ja', 'Nein', 'Ja', 'Ja', 'Ja', 0, 0, 0, 0, 0, 0, 1509727682, 1509727880, 1509728142, 1509730705, 1509730866, 1509731008, 1509731008, 104, 126, 230, 100.0, NULL, 310.27, 3, 3, 3, 51, 43, NULL, NULL, NULL, NULL, NULL, '', 0, 4, 4, 4),
(508, 'Aktive', -94, -94, 93.70, 93.70, 143, 147, 150, 176, 181, 185, 'Ja', 'Ja', 'Ja', 'Ja', 'Ja', 'Ja', 0, 0, 0, 0, 0, 0, 1509829091, 1509829603, 1509829975, 1509833106, 1509833780, 1509833983, 1509833983, 150, 185, 335, 147.6, NULL, 382.70, 3, 3, 3, 12, 10, NULL, NULL, NULL, NULL, NULL, '', 0, 4, 3, 3),
(509, 'Aktive', -75, -75, 73.60, 40.00, 68, 68, 73, 85, 89, 92, 'Nein', 'Ja', 'Nein', 'Ja', 'Ja', 'Nein', 0, 0, 0, 0, 0, 0, 1509800770, 1509800893, 1509801121, 1509803173, 1509803325, 1509803480, 1509803325, 68, 89, 157, 77.0, NULL, 189.91, 3, 3, 2, 99, 112, NULL, NULL, NULL, NULL, NULL, '', 0, 4, 3, 4),
(510, 'Aktive', -58, -58, 57.80, 22.50, 48, 48, 48, 63, 67, 70, 'Nein', 'Nein', 'Ja', 'Ja', 'Ja', 'Nein', 0, 0, 0, 0, 0, 0, 1509732895, 1509732973, 1509733071, 1509736282, 1509736942, 1509737569, 1509736942, 48, 67, 115, 70.0, NULL, 162.31, 10, 12, 7, 113, 140, NULL, NULL, NULL, NULL, NULL, '', 0, 14, 9, 12),
(511, 'Aktive', -63, -63, 60.60, 26.50, 66, 69, 69, 82, 85, 86, 'Ja', 'Nein', 'Ja', 'Ja', 'Nein', 'Ja', 0, 0, 0, 0, 0, 0, 1509742294, 1509742479, 1509742601, 1509746872, 1509747141, 1509747409, 1509747409, 69, 86, 155, 102.0, NULL, 211.50, 3, 3, 2, 48, 91, NULL, NULL, NULL, NULL, NULL, '', 0, 5, 3, 4),
(512, 'Junioren', -77, -77, 72.40, 70.50, 115, 120, 125, 140, 146, 151, 'Ja', 'Ja', 'Nein', 'Ja', 'Ja', 'Ja', 0, 0, 0, 0, 0, 0, 1509807959, 1509808453, 1509808748, 1509812820, 1509813246, 1509813454, 1509813454, 120, 151, 271, 130.0, NULL, 353.79, 2, 2, 2, 23, 24, NULL, NULL, NULL, NULL, NULL, '', 0, 6, 6, 6),
(513, 'Junioren', -62, -62, 61.70, 54.00, 73, 76, 78, 87, 91, 93, 'Ja', 'Nein', 'Ja', 'Ja', 'Nein', 'Ja', 0, 0, 0, 0, 0, 0, 1509720296, 1509720456, 1509720717, 1509722722, 1509722928, 1509723102, 1509723102, 78, 93, 171, 63.0, NULL, 248.17, 4, 3, 4, 127, 75, NULL, NULL, NULL, NULL, NULL, NULL, NULL, NULL, NULL, NULL),
(514, 'Aktive', -63, -63, 62.60, 28.50, 75, 78, 80, 93, 97, 100, 'Ja', 'Ja', 'Ja', 'Ja', 'Ja', 'Ja', 0, 0, 0, 0, 0, 0, 1509743154, 1509743582, 1509743751, 1509747914, 1509748105, 1509748289, 1509748289, 80, 100, 180, 123.0, NULL, 240.23, 1, 1, 1, 27, 77, NULL, NULL, NULL, NULL, NULL, '', 0, 1, 1, 1),
(515, 'Junioren', -94, -94, 93.30, 93.30, 138, 142, 142, 170, 176, 180, 'Ja', 'Nein', 'Ja', 'Ja', 'Ja', 'Ja', 0, 0, 0, 0, 0, 0, 1509828665, 1509828907, 1509829033, 1509832720, 1509833188, 1509833682, 1509833682, 142, 180, 322, 135.4, NULL, 368.53, 2, 2, 1, 22, 19, NULL, NULL, NULL, NULL, NULL, '', 0, 6, 5, 6),
(516, 'Aktive', -58, -58, 55.20, 20.50, 51, 54, 56, 60, 65, 65, 'Ja', 'Ja', 'Nein', 'Ja', 'Nein', 'Nein', 0, 0, 0, 0, 0, 0, 1509733214, 1509733697, 1509734060, 1509736134, 1509736654, 1509736763, 1509736134, 54, 60, 114, 73.0, NULL, 166.57, 11, 9, 12, 106, 137, NULL, NULL, NULL, NULL, NULL, '', 0, 11, 14, 13),
(517, 'Aktive', -63, -63, 62.70, 28.50, 70, 75, 75, 85, 91, 91, 'Ja', 'Nein', 'Ja', 'Ja', 'Nein', 'Nein', 0, 0, 0, 0, 0, 0, 1509742663, 1509743213, 1509743306, 1509747048, 1509747685, 1509747814, 1509747048, 75, 85, 160, 103.0, NULL, 213.31, 2, 2, 3, 47, 88, NULL, NULL, NULL, NULL, NULL, '', 0, 3, 4, 3),
(518, 'Aktive', -63, -63, 62.60, 28.50, 52, 56, 58, 70, 73, 74, 'Ja', 'Ja', 'Nein', 'Ja', 'Nein', 'Nein', 0, 0, 0, 0, 0, 0, 1509740844, 1509741079, 1509741306, 1509745338, 1509745567, 1509745680, 1509745338, 56, 70, 126, 69.0, NULL, 168.16, 9, 9, 9, 114, 135, NULL, NULL, NULL, NULL, NULL, '', 0, 13, 13, 13),
(519, 'Aktive', -75, -75, 71.70, 38.00, 50, 53, 56, 67, 71, 74, 'Ja', 'Ja', 'Ja', 'Ja', 'Ja', 'Ja', 0, 0, 0, 0, 0, 0, 1509799839, 1509799975, 1509800229, 1509802303, 1509802510, 1509802659, 1509802659, 56, 74, 130, 54.0, NULL, 159.54, 6, 6, 6, 144, 143, NULL, NULL, NULL, NULL, NULL, '', 0, 8, 7, 7),
(521, 'Aktive', -90, -90, 78.40, 42.00, 57, 60, 64, 78, 82, 83, 'Ja', 'Ja', 'Ja', 'Ja', 'Nein', 'Ja', 0, 0, 0, 0, 0, 0, 1509880442, 1509880580, 1509880792, 1509882642, 1509882865, 1509883004, 1509883004, 64, 83, 147, 63.0, NULL, 172.06, 3, 3, 3, 130, 130, NULL, NULL, NULL, NULL, NULL, '', 0, 6, 5, 5),
(522, 'Aktive', -58, -58, 55.30, 20.50, 45, 48, 53, 60, 64, 64, 'Ja', 'Ja', 'Nein', 'Ja', 'Nein', 'Ja', 0, 0, 0, 0, 0, 0, 1509732778, 1509732934, 1509733577, 1509736045, 1509736400, 1509736511, 1509736511, 48, 64, 112, 71.0, NULL, 163.41, 12, 11, 11, 110, 139, NULL, NULL, NULL, NULL, NULL, '', 0, 13, 13, 14),
(524, 'Aktive', -69, -69, 66.00, 32.00, 57, 60, 61, 76, 80, 83, 'Ja', 'Nein', 'Ja', 'Ja', 'Ja', 'Ja', 0, 0, 0, 0, 0, 0, 1509791750, 1509792154, 1509792281, 1509796186, 1509796700, 1509797162, 1509797162, 61, 83, 144, 80.0, NULL, 185.69, 7, 7, 6, 93, 116, NULL, NULL, NULL, NULL, NULL, '', 0, 9, 6, 8),
(525, 'Aktive', -75, -75, 73.50, 40.00, 55, 58, 61, 76, 80, 82, 'Ja', 'Ja', 'Ja', 'Ja', 'Ja', 'Nein', 0, 0, 0, 0, 0, 0, 1509800100, 1509800279, 1509800420, 1509802716, 1509802907, 1509803105, 1509802907, 61, 80, 141, 61.0, NULL, 170.68, 4, 5, 4, 132, 132, NULL, NULL, NULL, NULL, NULL, '', 0, 7, 5, 5),
(526, 'Aktive', -58, -58, 55.40, 20.50, 55, 58, 61, 65, 69, 69, 'Ja', 'Ja', 'Nein', 'Ja', 'Nein', 'Nein', 0, 0, 0, 0, 0, 0, 1509733839, 1509734323, 1509734813, 1509736600, 1509737136, 1509737238, 1509736600, 58, 65, 123, 82.0, NULL, 179.21, 7, 3, 10, 88, 124, NULL, NULL, NULL, NULL, NULL, '', 0, 5, 12, 9),
(527, 'Aktive', -63, -63, 61.80, 27.50, 46, 48, 51, 62, 64, 64, 'Ja', 'Ja', 'Ja', 'Ja', 'Nein', 'Nein', 0, 0, 0, 0, 0, 0, 1509740371, 1509740560, 1509740797, 1509744986, 1509745131, 1509745257, 1509744986, 51, 62, 113, 58.0, NULL, 152.12, 11, 10, 11, 137, 151, NULL, NULL, NULL, NULL, NULL, '', 0, 14, 15, 15),
(528, 'Aktive', 90, 90, 94.70, 48.50, 81, 86, 91, 96, 104, 110, 'Ja', 'Ja', 'Nein', 'Ja', 'Ja', 'Ja', 0, 0, 0, 0, 0, 0, 1509881193, 1509881360, 1509881633, 1509883382, 1509883574, 1509883822, 1509883822, 86, 110, 196, 99.0, NULL, 211.84, 1, 1, 1, 53, 90, NULL, NULL, NULL, NULL, NULL, '', 0, 1, 1, 1),
(529, 'Aktive', -58, -58, 55.90, 20.50, 52, 56, 58, 71, 76, 80, 'Ja', 'Ja', 'Ja', 'Ja', 'Ja', 'Nein', 0, 0, 0, 0, 0, 0, 1509733332, 1509733998, 1509734366, 1509737620, 1509738388, 1509738770, 1509738388, 58, 76, 134, 93.0, NULL, 193.91, 3, 5, 2, 62, 107, NULL, NULL, NULL, NULL, NULL, '', 0, 7, 3, 5),
(531, 'Junioren', -85, -85, 84.30, 84.30, 107, 112, 116, 138, 143, 148, 'Ja', 'Ja', 'Nein', 'Ja', 'Ja', 'Nein', 0, 0, 0, 0, 0, 0, 1509817575, 1509818113, 1509818671, 1509822741, 1509823663, 1509824356, 1509823663, 112, 143, 255, 86.4, NULL, 306.00, 7, 7, 6, 78, 45, NULL, NULL, NULL, NULL, NULL, '', 0, 13, 12, 12),
(533, 'Junioren', -77, -77, 71.50, 69.50, 125, 130, 135, 153, 153, 160, 'Ja', 'Ja', 'Nein', 'Nein', 'Ja', 'Nein', 0, 0, 0, 0, 0, 0, 1509808601, 1509808958, 1509809218, 1509813540, 1509813645, 1509814203, 1509813645, 130, 153, 283, 144.0, NULL, 372.31, 1, 1, 1, 14, 18, NULL, NULL, NULL, NULL, NULL, '', 0, 5, 5, 5),
(534, 'Junioren', -56, -56, 50.90, 35.00, 54, 58, 62, 73, 78, 82, 'Ja', 'Ja', 'Ja', 'Ja', 'Ja', 'Nein', 0, 0, 0, 0, 0, 0, 1509719543, 1509719728, 1509719892, 1509722331, 1509722485, 1509722656, 1509722485, 62, 78, 140, 70.0, NULL, 236.22, 3, 3, 3, 111, 79, NULL, NULL, NULL, NULL, NULL, NULL, NULL, 2, 2, 2),
(535, 'Aktive', -69, -69, 68.70, 35.00, 60, 63, 66, 74, 78, 80, 'Ja', 'Ja', 'Ja', 'Ja', 'Ja', 'Nein', 0, 0, 0, 0, 0, 0, 1509792040, 1509792468, 1509792862, 1509795818, 1509796497, 1509796877, 1509796497, 66, 78, 144, 74.0, NULL, 181.17, 6, 5, 8, 104, 120, NULL, NULL, NULL, NULL, NULL, '', 0, 6, 10, 7),
(536, 'Junioren', -85, -85, 82.00, 82.00, 120, 125, 128, 145, 149, 149, 'Ja', 'Ja', 'Ja', 'Ja', 'Nein', 'Nein', 0, 0, 0, 0, 0, 0, 1509819032, 1509819510, 1509819814, 1509824094, 1509824484, 1509824633, 1509824094, 128, 145, 273, 109.0, NULL, 332.27, 4, 1, 4, 40, 33, NULL, NULL, NULL, NULL, NULL, '', 0, 5, 9, 9),
(537, 'Junioren', -77, -77, 76.50, 75.50, 87, 87, 91, 116, 121, 124, 'Nein', 'Ja', 'Ja', 'Ja', 'Ja', 'Ja', 0, 0, 0, 0, 0, 0, 1509805489, 1509805592, 1509805802, 1509810857, 1509811138, 1509811380, 1509811380, 91, 124, 215, 64.0, NULL, 271.76, 7, 8, 7, 124, 64, NULL, NULL, NULL, NULL, NULL, '', 0, 17, 14, 14),
(538, 'Junioren', -85, -85, 83.70, 83.70, 120, 120, 125, 149, 154, 160, 'Nein', 'Ja', 'Nein', 'Ja', 'Ja', 'Ja', 0, 0, 0, 0, 0, 0, 1509819076, 1509819149, 1509819553, 1509824413, 1509824915, 1509825355, 1509825355, 120, 160, 280, 112.6, NULL, 337.20, 2, 4, 1, 35, 30, NULL, NULL, NULL, NULL, NULL, '', 0, 9, 5, 7);
INSERT INTO `auswertung_3` (`IdHeber`, `Al_Kl`, `Gw_Kl`, `Gw_Kl_Norm`, `K_Gewicht`, `R_Gewicht`, `R_1`, `R_2`, `R_3`, `S_1`, `S_2`, `S_3`, `R_1_G`, `R_2_G`, `R_3_G`, `S_1_G`, `S_2_G`, `S_3_G`, `R_1_Ver`, `R_2_Ver`, `R_3_Ver`, `S_1_Ver`, `S_2_Ver`, `S_3_Ver`, `R_1_t`, `R_2_t`, `R_3_t`, `S_1_t`, `S_2_t`, `S_3_t`, `hoechste_time`, `R_B`, `S_B`, `Z_K`, `Relativ_P`, `Sinclair_P`, `Sinclair_P_Malone_Meltzer`, `Platz_GwKl`, `Platz_R`, `Platz_S`, `Platz_RP`, `Platz_Sin`, `Platz_Sin_Malone_Meltzer`, `Platz_Relativ_pro_JG`, `GwKl_GesGrp_Platz`, `Relativ_GesGrp_Platz`, `Sinclair_GesGrp_Platz`, `Al_Kl_GesGrp`, `Gw_Kl_GesGrp`, `Platz_R_Norm`, `Platz_S_Norm`, `Platz_Norm`) VALUES
(539, 'Junioren', -63, -63, 61.00, 26.50, 60, 60, 62, 75, 78, 80, 'Nein', 'Ja', 'Ja', 'Ja', 'Ja', 'Ja', 0, 0, 0, 0, 0, 0, 1509741493, 1509741687, 1509741896, 1509745766, 1509746266, 1509746620, 1509746620, 62, 80, 142, 89.0, NULL, 192.88, 3, 3, 3, 70, 109, NULL, NULL, NULL, NULL, NULL, '', 0, 10, 10, 10),
(540, 'Junioren', -85, -85, 83.70, 83.70, 100, 105, 110, 130, 130, 135, 'Ja', 'Ja', 'Nein', 'Nein', 'Ja', 'Nein', 0, 0, 0, 0, 0, 0, 1509816846, 1509817404, 1509818059, 1509822031, 1509822170, 1509822679, 1509822170, 105, 130, 235, 67.6, NULL, 283.01, 9, 9, 10, 116, 53, NULL, NULL, NULL, NULL, NULL, '', 0, 15, 16, 15),
(541, 'Junioren', -69, -69, 64.40, 59.00, 105, 110, 115, 145, 152, 158, 'Ja', 'Ja', 'Ja', 'Ja', 'Ja', 'Nein', 0, 0, 0, 0, 0, 0, 1509727980, 1509728273, 1509728429, 1509731316, 1509731629, 1509731821, 1509731629, 115, 152, 267, 149.0, NULL, 376.02, 2, 2, 1, 11, 15, NULL, NULL, NULL, NULL, NULL, '', 0, 2, 1, 2),
(542, 'Junioren', -85, -85, 81.90, 81.90, 110, 115, 115, 134, 140, 140, 'Ja', 'Nein', 'Nein', 'Ja', 'Nein', 'Nein', 0, 0, 0, 0, 0, 0, 1509817860, 1509818346, 1509818507, 1509822411, 1509823121, 1509823352, 1509822411, 110, 134, 244, 80.2, NULL, 297.14, 8, 8, 9, 91, 51, NULL, NULL, NULL, NULL, NULL, '', 0, 14, 14, 14),
(543, 'Junioren', -69, -69, 67.20, 63.50, 87, 92, 92, 100, 105, 108, 'Ja', 'Nein', 'Nein', 'Ja', 'Ja', 'Ja', 0, 0, 0, 0, 0, 0, 1509726798, 1509727080, 1509727259, 1509729580, 1509729915, 1509730079, 1509730079, 87, 108, 195, 68.0, NULL, 266.86, 7, 5, 8, 115, 68, NULL, NULL, NULL, NULL, NULL, '', 0, NULL, NULL, NULL),
(544, 'Aktive', -53, -53, 51.60, 17.00, 55, 58, 58, 75, 78, 78, 'Ja', 'Nein', 'Nein', 'Ja', 'Nein', 'Ja', 0, 0, 0, 0, 0, 0, 1509713599, 1509713855, 1509713952, 1509717327, 1509717542, 1509717637, 1509717637, 55, 78, 133, 99.0, NULL, 205.02, 2, 3, 1, 52, 95, NULL, NULL, NULL, NULL, NULL, '', 0, 5, 2, 3),
(545, 'Junioren', -85, -85, 84.40, 84.40, 95, 95, 97, 135, 140, 140, 'Nein', 'Nein', 'Ja', 'Ja', 'Nein', 'Nein', 0, 0, 0, 0, 0, 1, 1509816318, 1509816434, 1509816652, 1509822599, 1509823304, 0, 1509822599, 97, 135, 232, 63.2, NULL, 278.24, 10, 13, 8, 126, 58, NULL, NULL, NULL, NULL, NULL, '', 0, NULL, NULL, NULL),
(546, 'Aktive', -58, -58, 57.10, 22.50, 55, 61, 62, 70, 74, 77, 'Ja', 'Nein', 'Nein', 'Ja', 'Ja', 'Nein', 0, 0, 0, 0, 0, 0, 1509733938, 1509734706, 1509734980, 1509737435, 1509738154, 1509738479, 1509738154, 55, 74, 129, 84.0, NULL, 183.72, 5, 8, 4, 83, 118, NULL, NULL, NULL, NULL, NULL, '', 0, 10, 5, 7),
(547, 'Junioren', -62, -62, 60.40, 52.00, 77, 80, 81, 98, 104, 105, 'Ja', 'Nein', 'Ja', 'Ja', 'Ja', 'Nein', 0, 0, 0, 0, 0, 1, 1509720613, 1509720787, 1509720943, 1509723457, 1509723920, 0, 1509723920, 81, 104, 185, 81.0, NULL, 272.65, 1, 2, 1, 90, 62, NULL, NULL, NULL, NULL, NULL, NULL, NULL, NULL, NULL, NULL),
(548, 'Aktive', 105, 105, 134.50, 115.00, 178, 183, 187, 200, 210, 215, 'Ja', 'Ja', 'Nein', 'Ja', 'Ja', 'Nein', 0, 0, 0, 0, 0, 0, 1509887865, 1509888079, 1509888335, 1509891520, 1509891793, 1509892074, 1509891793, 183, 210, 393, 163.0, NULL, 402.24, 1, 1, 1, 8, 8, NULL, NULL, NULL, NULL, NULL, '', 0, 1, 1, 1);

-- --------------------------------------------------------

--
-- Tabellenstruktur für Tabelle `auswertung_4`
--

CREATE TABLE `auswertung_4` (
  `IdHeber` int(11) DEFAULT NULL,
  `Al_Kl` tinytext,
  `Gw_Kl` int(11) DEFAULT NULL,
  `Gw_Kl_Norm` int(11) DEFAULT NULL,
  `K_Gewicht` float(11,2) DEFAULT NULL,
  `R_Gewicht` float(11,2) DEFAULT NULL,
  `R_1` int(11) DEFAULT NULL,
  `R_2` int(11) DEFAULT NULL,
  `R_3` int(11) DEFAULT NULL,
  `S_1` int(11) DEFAULT NULL,
  `S_2` int(11) DEFAULT NULL,
  `S_3` int(11) DEFAULT NULL,
  `R_1_G` tinytext,
  `R_2_G` tinytext,
  `R_3_G` tinytext,
  `S_1_G` tinytext,
  `S_2_G` tinytext,
  `S_3_G` tinytext,
  `R_1_Ver` int(11) DEFAULT NULL,
  `R_2_Ver` int(11) DEFAULT NULL,
  `R_3_Ver` int(11) DEFAULT NULL,
  `S_1_Ver` int(11) DEFAULT NULL,
  `S_2_Ver` int(11) DEFAULT NULL,
  `S_3_Ver` int(11) DEFAULT NULL,
  `R_1_t` int(11) DEFAULT NULL,
  `R_2_t` int(11) DEFAULT NULL,
  `R_3_t` int(11) DEFAULT NULL,
  `S_1_t` int(11) DEFAULT NULL,
  `S_2_t` int(11) DEFAULT NULL,
  `S_3_t` int(11) DEFAULT NULL,
  `hoechste_time` int(11) DEFAULT NULL,
  `R_B` int(11) DEFAULT NULL,
  `S_B` int(11) DEFAULT NULL,
  `Z_K` int(11) DEFAULT NULL,
  `Relativ_P` float(11,1) DEFAULT NULL,
  `Sinclair_P` float(11,2) DEFAULT NULL,
  `Sinclair_P_Malone_Meltzer` float(11,2) DEFAULT NULL,
  `Platz_GwKl` int(11) DEFAULT NULL,
  `Platz_R` int(11) DEFAULT NULL,
  `Platz_S` int(11) DEFAULT NULL,
  `Platz_RP` int(11) DEFAULT NULL,
  `Platz_Sin` int(11) DEFAULT NULL,
  `Platz_Sin_Malone_Meltzer` int(11) DEFAULT NULL,
  `Platz_Relativ_pro_JG` int(11) DEFAULT NULL,
  `GwKl_GesGrp_Platz` int(11) DEFAULT NULL,
  `Relativ_GesGrp_Platz` int(11) DEFAULT NULL,
  `Sinclair_GesGrp_Platz` int(11) DEFAULT NULL,
  `Al_Kl_GesGrp` tinytext,
  `Gw_Kl_GesGrp` int(11) DEFAULT NULL,
  `Platz_R_Norm` int(11) DEFAULT NULL,
  `Platz_S_Norm` int(11) DEFAULT NULL,
  `Platz_Norm` int(11) DEFAULT NULL
) ENGINE=InnoDB DEFAULT CHARSET=latin1;

--
-- Daten für Tabelle `auswertung_4`
--

INSERT INTO `auswertung_4` (`IdHeber`, `Al_Kl`, `Gw_Kl`, `Gw_Kl_Norm`, `K_Gewicht`, `R_Gewicht`, `R_1`, `R_2`, `R_3`, `S_1`, `S_2`, `S_3`, `R_1_G`, `R_2_G`, `R_3_G`, `S_1_G`, `S_2_G`, `S_3_G`, `R_1_Ver`, `R_2_Ver`, `R_3_Ver`, `S_1_Ver`, `S_2_Ver`, `S_3_Ver`, `R_1_t`, `R_2_t`, `R_3_t`, `S_1_t`, `S_2_t`, `S_3_t`, `hoechste_time`, `R_B`, `S_B`, `Z_K`, `Relativ_P`, `Sinclair_P`, `Sinclair_P_Malone_Meltzer`, `Platz_GwKl`, `Platz_R`, `Platz_S`, `Platz_RP`, `Platz_Sin`, `Platz_Sin_Malone_Meltzer`, `Platz_Relativ_pro_JG`, `GwKl_GesGrp_Platz`, `Relativ_GesGrp_Platz`, `Sinclair_GesGrp_Platz`, `Al_Kl_GesGrp`, `Gw_Kl_GesGrp`, `Platz_R_Norm`, `Platz_S_Norm`, `Platz_Norm`) VALUES
(536, 'Junioren', -85, -85, 82.00, 82.00, 50, 51, 52, 50, 51, 52, 'Ja', '', '', '', '', '', 0, 0, 0, 0, 0, 0, 1509871861, 0, 0, 0, 0, 0, 1509871861, 50, 0, 0, 0.0, NULL, 60.85, NULL, NULL, NULL, NULL, NULL, NULL, NULL, NULL, NULL, NULL, NULL, NULL, NULL, NULL, NULL);

-- --------------------------------------------------------

--
-- Tabellenstruktur für Tabelle `auswertung_6`
--

CREATE TABLE `auswertung_6` (
  `IdHeber` int(11) DEFAULT NULL,
  `Al_Kl` tinytext,
  `Gw_Kl` int(11) DEFAULT NULL,
  `K_Gewicht` float(11,2) DEFAULT NULL,
  `R_Gewicht` float(11,2) DEFAULT NULL,
  `R_1` int(11) DEFAULT NULL,
  `R_2` int(11) DEFAULT NULL,
  `R_3` int(11) DEFAULT NULL,
  `S_1` int(11) DEFAULT NULL,
  `S_2` int(11) DEFAULT NULL,
  `S_3` int(11) DEFAULT NULL,
  `R_1_G` tinytext,
  `R_2_G` tinytext,
  `R_3_G` tinytext,
  `S_1_G` tinytext,
  `S_2_G` tinytext,
  `S_3_G` tinytext,
  `R_1_Ver` int(11) DEFAULT NULL,
  `R_2_Ver` int(11) DEFAULT NULL,
  `R_3_Ver` int(11) DEFAULT NULL,
  `S_1_Ver` int(11) DEFAULT NULL,
  `S_2_Ver` int(11) DEFAULT NULL,
  `S_3_Ver` int(11) DEFAULT NULL,
  `R_1_t` int(11) DEFAULT NULL,
  `R_2_t` int(11) DEFAULT NULL,
  `R_3_t` int(11) DEFAULT NULL,
  `S_1_t` int(11) DEFAULT NULL,
  `S_2_t` int(11) DEFAULT NULL,
  `S_3_t` int(11) DEFAULT NULL,
  `hoechste_time` int(11) DEFAULT NULL,
  `R_B` int(11) DEFAULT NULL,
  `S_B` int(11) DEFAULT NULL,
  `Z_K` int(11) DEFAULT NULL,
  `Relativ_P` float(11,1) DEFAULT NULL,
  `Sinclair_P` float(11,4) DEFAULT NULL,
  `Sinclair_P_Malone_Meltzer` float(11,2) DEFAULT NULL,
  `Platz_GwKl` int(11) DEFAULT NULL,
  `Platz_R` int(11) DEFAULT NULL,
  `Platz_S` int(11) DEFAULT NULL,
  `Platz_RP` int(11) DEFAULT NULL,
  `Platz_Sin` int(11) DEFAULT NULL,
  `Platz_Sin_Malone_Meltzer` int(11) DEFAULT NULL
) ENGINE=InnoDB DEFAULT CHARSET=latin1;

--
-- Daten für Tabelle `auswertung_6`
--

INSERT INTO `auswertung_6` (`IdHeber`, `Al_Kl`, `Gw_Kl`, `K_Gewicht`, `R_Gewicht`, `R_1`, `R_2`, `R_3`, `S_1`, `S_2`, `S_3`, `R_1_G`, `R_2_G`, `R_3_G`, `S_1_G`, `S_2_G`, `S_3_G`, `R_1_Ver`, `R_2_Ver`, `R_3_Ver`, `S_1_Ver`, `S_2_Ver`, `S_3_Ver`, `R_1_t`, `R_2_t`, `R_3_t`, `S_1_t`, `S_2_t`, `S_3_t`, `hoechste_time`, `R_B`, `S_B`, `Z_K`, `Relativ_P`, `Sinclair_P`, `Sinclair_P_Malone_Meltzer`, `Platz_GwKl`, `Platz_R`, `Platz_S`, `Platz_RP`, `Platz_Sin`, `Platz_Sin_Malone_Meltzer`) VALUES
(341, 'Kinder', 62, 80.00, 80.00, 75, 76, 77, 75, 76, 77, 'Ja', 'Ja', 'Ja', 'Ja', 'Ja', 'Ja', 0, 0, 0, 0, 0, 0, NULL, NULL, NULL, NULL, NULL, NULL, 0, 77, 77, 154, 0.0, NULL, 189.90, 1, 1, 1, 8, 1, NULL),
(342, 'Kinder', -56, 54.00, 38.50, 75, 76, 77, 75, 76, 77, 'Ja', 'Ja', 'Ja', 'Ja', 'Ja', 'Ja', 0, 0, 0, 0, 0, 0, NULL, NULL, NULL, NULL, NULL, NULL, 0, 77, 77, 154, 77.0, NULL, 247.42, 1, 1, 1, 4, 1, NULL),
(186, 'Schüler', -69, 63.10, 57.50, 75, 76, 77, 75, 76, 77, 'Ja', 'Ja', 'Ja', 'Ja', 'Ja', 'Ja', 0, 0, 0, 0, 0, 0, NULL, NULL, NULL, NULL, NULL, NULL, 0, 77, 77, 154, 39.0, NULL, 219.97, 1, 1, 1, 5, 1, NULL),
(231, 'Schüler', -40, 37.30, 26.00, 75, 76, 77, 75, 76, 77, 'Ja', 'Ja', 'Ja', 'Ja', 'Ja', 'Nein', 0, 0, 0, 0, 0, 0, NULL, NULL, NULL, NULL, NULL, NULL, 0, 77, 76, 153, 101.0, NULL, 347.60, 1, 1, 1, 2, 2, NULL),
(125, 'Jugend', -77, 74.90, 72.50, 75, 76, 77, 75, 75, 76, 'Ja', 'Ja', 'Nein', 'Nein', 'Ja', 'Ja', 0, 0, 0, 0, 0, 0, NULL, NULL, NULL, NULL, NULL, NULL, 0, 76, 76, 152, 7.0, NULL, 194.47, 2, 2, 2, 7, 2, NULL),
(340, 'Jugend', -94, 90.00, 90.00, 75, 76, 77, 75, 76, 77, 'Ja', 'Ja', 'Ja', 'Ja', 'Ja', 'Nein', 0, 0, 0, 0, 0, 0, NULL, NULL, NULL, NULL, NULL, NULL, 0, 77, 76, 153, 0.0, NULL, 177.94, 1, 1, 1, 9, 1, NULL),
(209, 'Schüler', -35, 31.70, 23.00, 75, 76, 77, 75, 76, 76, 'Ja', 'Ja', 'Ja', 'Ja', 'Nein', 'Ja', 0, 0, 0, 0, 0, 0, NULL, NULL, NULL, NULL, NULL, NULL, 0, 77, 76, 153, 107.0, NULL, 412.51, 1, 1, 1, 1, 1, NULL),
(230, 'Schüler', -45, 42.20, 28.50, 75, 76, 76, 75, 76, 77, 'Ja', 'Nein', 'Ja', 'Ja', 'Nein', 'Nein', 0, 0, 0, 0, 1, 1, NULL, NULL, NULL, NULL, NULL, NULL, 0, 76, 75, 151, 94.0, NULL, 302.42, 1, 1, 1, 3, 3, NULL),
(343, 'Jugend', -85, 85.00, 85.00, 75, 75, 76, 75, 76, 77, 'Nein', 'Ja', 'Ja', 'Ja', 'Ja', 'Ja', 0, 0, 0, 0, 0, 0, NULL, NULL, NULL, NULL, NULL, NULL, 0, 76, 77, 153, 0.0, NULL, 182.84, 1, 1, 1, 10, 1, NULL),
(344, 'Jugend', -77, 70.00, 66.50, 75, 76, 77, 75, 76, 77, 'Ja', 'Ja', 'Ja', 'Ja', 'Ja', 'Nein', 0, 0, 0, 0, 0, 0, NULL, NULL, NULL, NULL, NULL, NULL, 0, 77, 76, 153, 20.0, NULL, 203.95, 1, 1, 1, 6, 1, NULL),
(346, 'Jugend', -94, 92.00, 92.00, 75, 76, 77, 75, 76, 77, 'Ja', 'Ja', 'Ja', 'Ja', 'Nein', 'Nein', 0, 0, 0, 0, 1, 1, NULL, NULL, NULL, NULL, NULL, NULL, 0, 77, 75, 152, 0.0, NULL, 175.03, 2, 2, 2, 11, 2, NULL),
(409, 'Aktive', -85, 84.90, 84.90, 75, 76, 77, 75, 75, 76, 'Ja', 'Ja', 'Nein', 'Nein', 'Ja', 'Ja', 0, 0, 0, 0, 0, 0, NULL, NULL, NULL, NULL, NULL, NULL, 0, 76, 76, 152, 0.0, NULL, 181.75, 1, 1, 1, 12, 1, NULL);

-- --------------------------------------------------------

--
-- Tabellenstruktur für Tabelle `auswertung_7`
--

CREATE TABLE `auswertung_7` (
  `IdHeber` int(11) DEFAULT NULL,
  `Al_Kl` tinytext,
  `K_Gewicht` float(11,2) DEFAULT NULL,
  `R_Gewicht` float(11,2) DEFAULT NULL,
  `Gw_Kl` int(11) DEFAULT NULL,
  `R_1` int(11) DEFAULT NULL,
  `R_2` int(11) DEFAULT NULL,
  `R_3` int(11) DEFAULT NULL,
  `S_1` int(11) DEFAULT NULL,
  `S_2` int(11) DEFAULT NULL,
  `S_3` int(11) DEFAULT NULL,
  `R_1_G` tinytext,
  `R_2_G` tinytext,
  `R_3_G` tinytext,
  `S_1_G` tinytext,
  `S_2_G` tinytext,
  `S_3_G` tinytext,
  `R_1_Ver` int(11) DEFAULT NULL,
  `R_2_Ver` int(11) DEFAULT NULL,
  `R_3_Ver` int(11) DEFAULT NULL,
  `S_1_Ver` int(11) DEFAULT NULL,
  `S_2_Ver` int(11) DEFAULT NULL,
  `S_3_Ver` int(11) DEFAULT NULL,
  `R_1_Te` float(11,2) DEFAULT NULL,
  `R_2_Te` float(11,2) DEFAULT NULL,
  `R_3_Te` float(11,2) DEFAULT NULL,
  `S_1_Te` float(11,2) DEFAULT NULL,
  `S_2_Te` float(11,2) DEFAULT NULL,
  `S_3_Te` float(11,2) DEFAULT NULL,
  `R_1_t` int(11) DEFAULT NULL,
  `R_2_t` int(11) DEFAULT NULL,
  `R_3_t` int(11) DEFAULT NULL,
  `S_1_t` int(11) DEFAULT NULL,
  `S_2_t` int(11) DEFAULT NULL,
  `S_3_t` int(11) DEFAULT NULL,
  `hoechste_time` int(11) DEFAULT NULL,
  `R_B` float(11,1) DEFAULT NULL,
  `S_B` float(11,1) DEFAULT NULL,
  `Z_K` float(11,1) DEFAULT NULL,
  `M_K_G` float(11,2) DEFAULT NULL,
  `Sinclair_P` float(11,4) DEFAULT NULL,
  `Sinclair_P_Malone_Meltzer` float(11,2) DEFAULT NULL,
  `Relativ_P` float(11,1) DEFAULT NULL,
  `Platz_MK` int(11) DEFAULT NULL,
  `Platz_R` int(11) DEFAULT NULL,
  `Platz_S` int(11) DEFAULT NULL,
  `Platz_ZK` int(11) DEFAULT NULL,
  `Platz_Sin` int(11) DEFAULT NULL,
  `Platz_GwKl` int(11) DEFAULT NULL,
  `Platz_RP` int(11) DEFAULT NULL,
  `Platz_SP` int(11) DEFAULT NULL,
  `Platz_Sin_Malone_Meltzer` int(11) DEFAULT NULL
) ENGINE=InnoDB DEFAULT CHARSET=latin1;

--
-- Daten für Tabelle `auswertung_7`
--

INSERT INTO `auswertung_7` (`IdHeber`, `Al_Kl`, `K_Gewicht`, `R_Gewicht`, `Gw_Kl`, `R_1`, `R_2`, `R_3`, `S_1`, `S_2`, `S_3`, `R_1_G`, `R_2_G`, `R_3_G`, `S_1_G`, `S_2_G`, `S_3_G`, `R_1_Ver`, `R_2_Ver`, `R_3_Ver`, `S_1_Ver`, `S_2_Ver`, `S_3_Ver`, `R_1_Te`, `R_2_Te`, `R_3_Te`, `S_1_Te`, `S_2_Te`, `S_3_Te`, `R_1_t`, `R_2_t`, `R_3_t`, `S_1_t`, `S_2_t`, `S_3_t`, `hoechste_time`, `R_B`, `S_B`, `Z_K`, `M_K_G`, `Sinclair_P`, `Sinclair_P_Malone_Meltzer`, `Relativ_P`, `Platz_MK`, `Platz_R`, `Platz_S`, `Platz_ZK`, `Platz_Sin`, `Platz_GwKl`, `Platz_RP`, `Platz_SP`, `Platz_Sin_Malone_Meltzer`) VALUES
(536, 'Junioren', 82.00, NULL, -85, 50, NULL, NULL, 50, NULL, NULL, '', NULL, NULL, '', NULL, NULL, NULL, NULL, NULL, NULL, NULL, NULL, 0.00, NULL, NULL, 0.00, NULL, NULL, 0, NULL, NULL, 0, NULL, NULL, NULL, NULL, NULL, NULL, NULL, NULL, NULL, NULL, NULL, NULL, NULL, NULL, NULL, NULL, NULL, NULL, NULL),
(479, 'Aktive', 57.70, NULL, -62, 50, NULL, NULL, 50, NULL, NULL, '', NULL, NULL, '', NULL, NULL, NULL, NULL, NULL, NULL, NULL, NULL, 0.00, NULL, NULL, 0.00, NULL, NULL, 0, NULL, NULL, 0, NULL, NULL, NULL, NULL, NULL, NULL, NULL, NULL, NULL, NULL, NULL, NULL, NULL, NULL, NULL, NULL, NULL, NULL, NULL);

-- --------------------------------------------------------

--
-- Tabellenstruktur für Tabelle `auswertung_mannschaft_3`
--

CREATE TABLE `auswertung_mannschaft_3` (
  `IdVerein` text,
  `Mannschaft` int(11) DEFAULT NULL,
  `Punkte` float(11,1) DEFAULT NULL,
  `Platz` int(11) DEFAULT NULL
) ENGINE=InnoDB DEFAULT CHARSET=latin1;

--
-- Daten für Tabelle `auswertung_mannschaft_3`
--

INSERT INTO `auswertung_mannschaft_3` (`IdVerein`, `Mannschaft`, `Punkte`, `Platz`) VALUES
('19', 1, 420.0, 2),
('30', 1, 366.0, 3),
('36', 1, 589.6, 1);

-- --------------------------------------------------------

--
-- Tabellenstruktur für Tabelle `auswertung_mannschaft_4`
--

CREATE TABLE `auswertung_mannschaft_4` (
  `IdVerein` text,
  `Mannschaft` int(11) DEFAULT NULL,
  `Punkte` float(11,1) DEFAULT NULL,
  `Platz` int(11) DEFAULT NULL
) ENGINE=InnoDB DEFAULT CHARSET=latin1;

-- --------------------------------------------------------

--
-- Tabellenstruktur für Tabelle `auswertung_mannschaft_7`
--

CREATE TABLE `auswertung_mannschaft_7` (
  `IdVerein` text,
  `Mannschaft` int(11) DEFAULT NULL,
  `Punkte` float(11,1) DEFAULT NULL,
  `Platz` int(11) DEFAULT NULL
) ENGINE=InnoDB DEFAULT CHARSET=latin1;

-- --------------------------------------------------------

--
-- Tabellenstruktur für Tabelle `auswertung_mk_7`
--

CREATE TABLE `auswertung_mk_7` (
  `IdHeber` int(11) NOT NULL,
  `Pt_Pendellauf` float(11,2) DEFAULT NULL,
  `Pt_Sprint` float(11,2) DEFAULT NULL,
  `Pt_Differenzsprung` float(11,2) DEFAULT NULL,
  `Pt_DifferenzsprungEmatte` float(11,2) DEFAULT NULL,
  `Pt_Schlussdreisprung` float(11,2) DEFAULT NULL,
  `Pt_Schockwurf` float(11,2) DEFAULT NULL,
  `Pt_Anristen` float(11,2) DEFAULT NULL,
  `Pt_Klimmziehen` float(11,2) DEFAULT NULL,
  `Pt_Zug` float(11,2) DEFAULT NULL,
  `Pt_Bankdruecken` float(11,2) DEFAULT NULL,
  `Pt_Liegestuetz` float(11,2) DEFAULT NULL,
  `Pt_Beugestuetz` float(11,2) DEFAULT NULL,
  `Pt_Sternlauf` float(11,2) DEFAULT NULL
) ENGINE=InnoDB DEFAULT CHARSET=latin1;

--
-- Daten für Tabelle `auswertung_mk_7`
--

INSERT INTO `auswertung_mk_7` (`IdHeber`, `Pt_Pendellauf`, `Pt_Sprint`, `Pt_Differenzsprung`, `Pt_DifferenzsprungEmatte`, `Pt_Schlussdreisprung`, `Pt_Schockwurf`, `Pt_Anristen`, `Pt_Klimmziehen`, `Pt_Zug`, `Pt_Bankdruecken`, `Pt_Liegestuetz`, `Pt_Beugestuetz`, `Pt_Sternlauf`) VALUES
(479, 100.00, NULL, NULL, NULL, NULL, 19.50, NULL, NULL, NULL, NULL, NULL, NULL, NULL),
(536, 160.00, NULL, NULL, NULL, NULL, 32.01, NULL, NULL, NULL, NULL, NULL, NULL, NULL);

-- --------------------------------------------------------

--
-- Tabellenstruktur für Tabelle `bl_grp`
--

CREATE TABLE `bl_grp` (
  `Grp` int(11) NOT NULL
) ENGINE=InnoDB DEFAULT CHARSET=latin1;

--
-- Daten für Tabelle `bl_grp`
--

INSERT INTO `bl_grp` (`Grp`) VALUES
(1),
(2);

-- --------------------------------------------------------

--
-- Tabellenstruktur für Tabelle `bl_vereins_auswahl_6`
--

CREATE TABLE `bl_vereins_auswahl_6` (
  `Id` int(11) DEFAULT NULL,
  `Verein1` text,
  `Verein2` text,
  `R_Pt_V1` float(11,2) DEFAULT NULL,
  `S_Pt_V1` float(11,2) DEFAULT NULL,
  `RuS_Pt_V1` float(11,2) DEFAULT NULL,
  `R_Pt_V2` float(11,2) DEFAULT NULL,
  `S_Pt_V2` float(11,2) DEFAULT NULL,
  `RuS_Pt_V2` float(11,2) DEFAULT NULL,
  `Ergebniss_V1` int(11) DEFAULT NULL,
  `Ergebniss_V2` int(11) DEFAULT NULL
) ENGINE=InnoDB DEFAULT CHARSET=latin1;

--
-- Daten für Tabelle `bl_vereins_auswahl_6`
--

INSERT INTO `bl_vereins_auswahl_6` (`Id`, `Verein1`, `Verein2`, `R_Pt_V1`, `S_Pt_V1`, `RuS_Pt_V1`, `R_Pt_V2`, `S_Pt_V2`, `RuS_Pt_V2`, `Ergebniss_V1`, `Ergebniss_V2`) VALUES
(1, '3', '2', 49.00, 48.00, 97.00, 175.50, 172.50, 348.00, 0, 3);

-- --------------------------------------------------------

--
-- Tabellenstruktur für Tabelle `bridgen`
--

CREATE TABLE `bridgen` (
  `Bridge` int(11) NOT NULL
) ENGINE=InnoDB DEFAULT CHARSET=latin1;

--
-- Daten für Tabelle `bridgen`
--

INSERT INTO `bridgen` (`Bridge`) VALUES
(1),
(2);

-- --------------------------------------------------------

--
-- Tabellenstruktur für Tabelle `datenbanken`
--

CREATE TABLE `datenbanken` (
  `Id_Db` int(11) NOT NULL,
  `Datenbank` text NOT NULL
) ENGINE=InnoDB DEFAULT CHARSET=latin1;

--
-- Daten für Tabelle `datenbanken`
--

INSERT INTO `datenbanken` (`Id_Db`, `Datenbank`) VALUES
(3, 'Deutsche Meisterschaft 2017'),
(4, 'Deutsche Meisterschaft 2017 test'),
(6, 'Liga Test'),
(7, 'test mk');

-- --------------------------------------------------------

--
-- Tabellenstruktur für Tabelle `flaggen_staaten`
--

CREATE TABLE `flaggen_staaten` (
  `IdStaat` int(11) NOT NULL,
  `Image` longblob
) ENGINE=InnoDB DEFAULT CHARSET=latin1;

--
-- Daten für Tabelle `flaggen_staaten`
--

INSERT INTO `flaggen_staaten` (`IdStaat`, `Image`) VALUES
(0, NULL);

-- --------------------------------------------------------

--
-- Tabellenstruktur für Tabelle `geschlecht`
--

CREATE TABLE `geschlecht` (
  `Geschlecht` text NOT NULL
) ENGINE=InnoDB DEFAULT CHARSET=latin1;

--
-- Daten für Tabelle `geschlecht`
--

INSERT INTO `geschlecht` (`Geschlecht`) VALUES
('Männlich'),
('Weiblich');

-- --------------------------------------------------------

--
-- Tabellenstruktur für Tabelle `gewichtsklassen`
--

CREATE TABLE `gewichtsklassen` (
  `Id` int(11) NOT NULL,
  `Kinder_M` int(11) DEFAULT NULL,
  `Kinder_W` int(11) DEFAULT NULL,
  `Schüler_M` int(11) DEFAULT NULL,
  `Schüler_W` int(11) DEFAULT NULL,
  `Aktive_M` int(11) DEFAULT NULL,
  `Aktive_W` int(11) DEFAULT NULL,
  `Jugend_M` int(11) DEFAULT NULL,
  `Jugend_W` int(11) DEFAULT NULL
) ENGINE=InnoDB DEFAULT CHARSET=latin1;

--
-- Daten für Tabelle `gewichtsklassen`
--

INSERT INTO `gewichtsklassen` (`Id`, `Kinder_M`, `Kinder_W`, `Schüler_M`, `Schüler_W`, `Aktive_M`, `Aktive_W`, `Jugend_M`, `Jugend_W`) VALUES
(1, 30, 32, 35, 40, 56, 48, 50, 44),
(2, 35, 36, 40, 44, 62, 53, 56, 48),
(3, 40, 40, 45, 48, 69, 58, 62, 53),
(4, 45, 44, 50, 53, 77, 63, 69, 58),
(5, 50, 48, 56, 58, 85, 69, 77, 63),
(6, 56, 53, 62, 63, 94, 74, 85, 69),
(7, 62, 1, 69, 1, 105, 90, 94, 1),
(8, 1, 0, 1, 0, 1, 1, 1, 0),
(9, 0, 0, 0, 0, 0, 0, 0, 0),
(10, 0, 0, 0, 0, 0, 0, 0, 0);

-- --------------------------------------------------------

--
-- Tabellenstruktur für Tabelle `gewichtsklassen_3`
--

CREATE TABLE `gewichtsklassen_3` (
  `Id` int(11) NOT NULL,
  `Kinder_M` int(11) DEFAULT NULL,
  `Kinder_W` int(11) DEFAULT NULL,
  `Schüler_M` int(11) DEFAULT NULL,
  `Schüler_W` int(11) DEFAULT NULL,
  `Aktive_M` int(11) DEFAULT NULL,
  `Aktive_W` int(11) DEFAULT NULL,
  `Jugend_M` int(11) DEFAULT NULL,
  `Jugend_W` int(11) DEFAULT NULL
) ENGINE=InnoDB DEFAULT CHARSET=latin1;

--
-- Daten für Tabelle `gewichtsklassen_3`
--

INSERT INTO `gewichtsklassen_3` (`Id`, `Kinder_M`, `Kinder_W`, `Schüler_M`, `Schüler_W`, `Aktive_M`, `Aktive_W`, `Jugend_M`, `Jugend_W`) VALUES
(1, 30, 32, 35, 40, 56, 48, 50, 44),
(2, 35, 36, 40, 44, 62, 53, 56, 48),
(3, 40, 40, 45, 48, 69, 58, 62, 53),
(4, 45, 44, 50, 53, 77, 63, 69, 58),
(5, 50, 48, 56, 58, 85, 69, 77, 63),
(6, 56, 53, 62, 63, 94, 75, 85, 69),
(7, 62, 1, 69, 1, 105, 90, 94, 1),
(8, 1, 0, 1, 0, 1, 1, 1, 0),
(9, 0, 0, 0, 0, 0, 0, 0, 0),
(10, 0, 0, 0, 0, 0, 0, 0, 0);

-- --------------------------------------------------------

--
-- Tabellenstruktur für Tabelle `gewichtsklassen_4`
--

CREATE TABLE `gewichtsklassen_4` (
  `Id` int(11) NOT NULL,
  `Kinder_M` int(11) DEFAULT NULL,
  `Kinder_W` int(11) DEFAULT NULL,
  `Schüler_M` int(11) DEFAULT NULL,
  `Schüler_W` int(11) DEFAULT NULL,
  `Aktive_M` int(11) DEFAULT NULL,
  `Aktive_W` int(11) DEFAULT NULL,
  `Jugend_M` int(11) DEFAULT NULL,
  `Jugend_W` int(11) DEFAULT NULL
) ENGINE=InnoDB DEFAULT CHARSET=latin1;

--
-- Daten für Tabelle `gewichtsklassen_4`
--

INSERT INTO `gewichtsklassen_4` (`Id`, `Kinder_M`, `Kinder_W`, `Schüler_M`, `Schüler_W`, `Aktive_M`, `Aktive_W`, `Jugend_M`, `Jugend_W`) VALUES
(1, 30, 32, 35, 40, 56, 48, 50, 44),
(2, 35, 36, 40, 44, 62, 53, 56, 48),
(3, 40, 40, 45, 48, 69, 58, 62, 53),
(4, 45, 44, 50, 53, 77, 63, 69, 58),
(5, 50, 48, 56, 58, 85, 69, 77, 63),
(6, 56, 53, 62, 63, 94, 74, 85, 69),
(7, 62, 1, 69, 1, 105, 90, 94, 1),
(8, 1, 0, 1, 0, 1, 1, 1, 0),
(9, 0, 0, 0, 0, 0, 0, 0, 0),
(10, 0, 0, 0, 0, 0, 0, 0, 0);

-- --------------------------------------------------------

--
-- Tabellenstruktur für Tabelle `gewichtsklassen_6`
--

CREATE TABLE `gewichtsklassen_6` (
  `Id` int(11) NOT NULL,
  `Kinder_M` int(11) DEFAULT NULL,
  `Kinder_W` int(11) DEFAULT NULL,
  `Schüler_M` int(11) DEFAULT NULL,
  `Schüler_W` int(11) DEFAULT NULL,
  `Aktive_M` int(11) DEFAULT NULL,
  `Aktive_W` int(11) DEFAULT NULL,
  `Jugend_M` int(11) DEFAULT NULL,
  `Jugend_W` int(11) DEFAULT NULL
) ENGINE=InnoDB DEFAULT CHARSET=latin1;

--
-- Daten für Tabelle `gewichtsklassen_6`
--

INSERT INTO `gewichtsklassen_6` (`Id`, `Kinder_M`, `Kinder_W`, `Schüler_M`, `Schüler_W`, `Aktive_M`, `Aktive_W`, `Jugend_M`, `Jugend_W`) VALUES
(1, 30, 32, 35, 40, 56, 48, 50, 44),
(2, 35, 36, 40, 44, 62, 53, 56, 48),
(3, 40, 40, 45, 48, 69, 58, 62, 53),
(4, 45, 44, 50, 53, 77, 63, 69, 58),
(5, 50, 48, 56, 58, 85, 69, 77, 63),
(6, 56, 53, 62, 63, 94, 74, 85, 69),
(7, 62, 1, 69, 1, 105, 90, 94, 1),
(8, 1, 0, 1, 0, 1, 1, 1, 0),
(9, 0, 0, 0, 0, 0, 0, 0, 0),
(10, 0, 0, 0, 0, 0, 0, 0, 0);

-- --------------------------------------------------------

--
-- Tabellenstruktur für Tabelle `gewichtsklassen_7`
--

CREATE TABLE `gewichtsklassen_7` (
  `Id` int(11) NOT NULL,
  `Kinder_M` int(11) DEFAULT NULL,
  `Kinder_W` int(11) DEFAULT NULL,
  `Schüler_M` int(11) DEFAULT NULL,
  `Schüler_W` int(11) DEFAULT NULL,
  `Aktive_M` int(11) DEFAULT NULL,
  `Aktive_W` int(11) DEFAULT NULL,
  `Jugend_M` int(11) DEFAULT NULL,
  `Jugend_W` int(11) DEFAULT NULL
) ENGINE=InnoDB DEFAULT CHARSET=latin1;

--
-- Daten für Tabelle `gewichtsklassen_7`
--

INSERT INTO `gewichtsklassen_7` (`Id`, `Kinder_M`, `Kinder_W`, `Schüler_M`, `Schüler_W`, `Aktive_M`, `Aktive_W`, `Jugend_M`, `Jugend_W`) VALUES
(1, 30, 32, 35, 40, 56, 48, 50, 44),
(2, 35, 36, 40, 44, 62, 53, 56, 48),
(3, 40, 40, 45, 48, 69, 58, 62, 53),
(4, 45, 44, 50, 53, 77, 63, 69, 58),
(5, 50, 48, 56, 58, 85, 69, 77, 63),
(6, 56, 53, 62, 63, 94, 74, 85, 69),
(7, 62, 1, 69, 1, 105, 90, 94, 1),
(8, 1, 0, 1, 0, 1, 1, 1, 0),
(9, 0, 0, 0, 0, 0, 0, 0, 0),
(10, 0, 0, 0, 0, 0, 0, 0, 0);

-- --------------------------------------------------------

--
-- Tabellenstruktur für Tabelle `grp_7`
--

CREATE TABLE `grp_7` (
  `Gruppe_Aus` int(11) DEFAULT NULL,
  `Gruppe` int(11) DEFAULT NULL
) ENGINE=InnoDB DEFAULT CHARSET=latin1;

--
-- Daten für Tabelle `grp_7`
--

INSERT INTO `grp_7` (`Gruppe_Aus`, `Gruppe`) VALUES
(1, 1),
(2, 1);

-- --------------------------------------------------------

--
-- Tabellenstruktur für Tabelle `gruppen_3`
--

CREATE TABLE `gruppen_3` (
  `Id` int(11) DEFAULT NULL,
  `Gk_Kinder_M` int(11) DEFAULT NULL,
  `Gk_Kinder_W` int(11) DEFAULT NULL,
  `Gk_Schüler_M` int(11) DEFAULT NULL,
  `Gk_Schüler_W` int(11) DEFAULT NULL,
  `Gk_Jugend_M` int(11) DEFAULT NULL,
  `Gk_Jugend_W` int(11) DEFAULT NULL,
  `Gk_Junioren_M` int(11) DEFAULT NULL,
  `Gk_Junioren_W` int(11) DEFAULT NULL,
  `Gk_Aktive_M` int(11) DEFAULT NULL,
  `Gk_Aktive_W` int(11) DEFAULT NULL,
  `Gk_AK0_M` int(11) DEFAULT NULL,
  `Gk_AK0_W` int(11) DEFAULT NULL,
  `Gk_AK1_M` int(11) DEFAULT NULL,
  `Gk_AK1_W` int(11) DEFAULT NULL,
  `Gk_AK2_M` int(11) DEFAULT NULL,
  `Gk_AK2_W` int(11) DEFAULT NULL,
  `Gk_AK3_M` int(11) DEFAULT NULL,
  `Gk_AK3_W` int(11) DEFAULT NULL,
  `Gk_AK4_M` int(11) DEFAULT NULL,
  `Gk_AK4_W` int(11) DEFAULT NULL,
  `Gk_AK5_M` int(11) DEFAULT NULL,
  `Gk_AK5_W` int(11) DEFAULT NULL,
  `Gk_AK6_M` int(11) DEFAULT NULL,
  `Gk_AK6_W` int(11) DEFAULT NULL,
  `Gk_AK7_M` int(11) DEFAULT NULL,
  `Gk_AK7_W` int(11) DEFAULT NULL,
  `Gk_AK8_M` int(11) DEFAULT NULL,
  `Gk_AK8_W` int(11) DEFAULT NULL,
  `Gk_AK9_M` int(11) DEFAULT NULL,
  `Gk_AK9_W` int(11) DEFAULT NULL,
  `Gk_AK10_M` int(11) DEFAULT NULL,
  `Gk_AK10_W` int(11) DEFAULT NULL
) ENGINE=InnoDB DEFAULT CHARSET=latin1;

--
-- Daten für Tabelle `gruppen_3`
--

INSERT INTO `gruppen_3` (`Id`, `Gk_Kinder_M`, `Gk_Kinder_W`, `Gk_Schüler_M`, `Gk_Schüler_W`, `Gk_Jugend_M`, `Gk_Jugend_W`, `Gk_Junioren_M`, `Gk_Junioren_W`, `Gk_Aktive_M`, `Gk_Aktive_W`, `Gk_AK0_M`, `Gk_AK0_W`, `Gk_AK1_M`, `Gk_AK1_W`, `Gk_AK2_M`, `Gk_AK2_W`, `Gk_AK3_M`, `Gk_AK3_W`, `Gk_AK4_M`, `Gk_AK4_W`, `Gk_AK5_M`, `Gk_AK5_W`, `Gk_AK6_M`, `Gk_AK6_W`, `Gk_AK7_M`, `Gk_AK7_W`, `Gk_AK8_M`, `Gk_AK8_W`, `Gk_AK9_M`, `Gk_AK9_W`, `Gk_AK10_M`, `Gk_AK10_W`) VALUES
(1, 1, 1, 1, 1, 1, 1, 2, 1, 2, 1, 1, 1, 1, 1, 1, 1, 1, 1, 1, 1, 1, 1, 1, 1, 1, 1, 1, 1, 1, 1, 1, 1),
(2, 1, 1, 1, 1, 2, 1, 2, 1, 2, 1, 1, 1, 1, 1, 1, 1, 1, 1, 1, 1, 1, 1, 1, 1, 1, 1, 1, 1, 1, 1, 1, 1),
(3, 1, 1, 1, 1, 2, 1, 3, 4, 3, 4, 1, 1, 1, 1, 1, 1, 1, 1, 1, 1, 1, 1, 1, 1, 1, 1, 1, 1, 1, 1, 1, 1),
(4, 1, 1, 1, 1, 3, 4, 8, 5, 8, 5, 1, 1, 1, 1, 1, 1, 1, 1, 1, 1, 1, 1, 1, 1, 1, 1, 1, 1, 1, 1, 1, 1),
(5, 1, 1, 1, 1, 8, 5, 9, 6, 9, 6, 1, 1, 1, 1, 1, 1, 1, 1, 1, 1, 1, 1, 1, 1, 1, 1, 1, 1, 1, 1, 1, 1),
(6, 1, 1, 1, 1, 9, 6, 10, 7, 10, 7, 1, 1, 1, 1, 1, 1, 1, 1, 1, 1, 1, 1, 1, 1, 1, 1, 1, 1, 1, 1, 1, 1),
(7, 1, 1, 1, 1, 10, 7, 12, 11, 12, 11, 1, 1, 1, 1, 1, 1, 1, 1, 1, 1, 1, 1, 1, 1, 1, 1, 1, 1, 1, 1, 1, 1),
(8, 1, 1, 1, 1, 12, 1, 12, 11, 12, 11, 1, 1, 1, 1, 1, 1, 1, 1, 1, 1, 1, 1, 1, 1, 1, 1, 1, 1, 1, 1, 1, 1);

-- --------------------------------------------------------

--
-- Tabellenstruktur für Tabelle `gruppen_4`
--

CREATE TABLE `gruppen_4` (
  `Id` int(11) DEFAULT NULL,
  `Gk_Kinder_M` int(11) DEFAULT NULL,
  `Gk_Kinder_W` int(11) DEFAULT NULL,
  `Gk_Schüler_M` int(11) DEFAULT NULL,
  `Gk_Schüler_W` int(11) DEFAULT NULL,
  `Gk_Jugend_M` int(11) DEFAULT NULL,
  `Gk_Jugend_W` int(11) DEFAULT NULL,
  `Gk_Junioren_M` int(11) DEFAULT NULL,
  `Gk_Junioren_W` int(11) DEFAULT NULL,
  `Gk_Aktive_M` int(11) DEFAULT NULL,
  `Gk_Aktive_W` int(11) DEFAULT NULL,
  `Gk_AK0_M` int(11) DEFAULT NULL,
  `Gk_AK0_W` int(11) DEFAULT NULL,
  `Gk_AK1_M` int(11) DEFAULT NULL,
  `Gk_AK1_W` int(11) DEFAULT NULL,
  `Gk_AK2_M` int(11) DEFAULT NULL,
  `Gk_AK2_W` int(11) DEFAULT NULL,
  `Gk_AK3_M` int(11) DEFAULT NULL,
  `Gk_AK3_W` int(11) DEFAULT NULL,
  `Gk_AK4_M` int(11) DEFAULT NULL,
  `Gk_AK4_W` int(11) DEFAULT NULL,
  `Gk_AK5_M` int(11) DEFAULT NULL,
  `Gk_AK5_W` int(11) DEFAULT NULL,
  `Gk_AK6_M` int(11) DEFAULT NULL,
  `Gk_AK6_W` int(11) DEFAULT NULL,
  `Gk_AK7_M` int(11) DEFAULT NULL,
  `Gk_AK7_W` int(11) DEFAULT NULL,
  `Gk_AK8_M` int(11) DEFAULT NULL,
  `Gk_AK8_W` int(11) DEFAULT NULL,
  `Gk_AK9_M` int(11) DEFAULT NULL,
  `Gk_AK9_W` int(11) DEFAULT NULL,
  `Gk_AK10_M` int(11) DEFAULT NULL,
  `Gk_AK10_W` int(11) DEFAULT NULL
) ENGINE=InnoDB DEFAULT CHARSET=latin1;

--
-- Daten für Tabelle `gruppen_4`
--

INSERT INTO `gruppen_4` (`Id`, `Gk_Kinder_M`, `Gk_Kinder_W`, `Gk_Schüler_M`, `Gk_Schüler_W`, `Gk_Jugend_M`, `Gk_Jugend_W`, `Gk_Junioren_M`, `Gk_Junioren_W`, `Gk_Aktive_M`, `Gk_Aktive_W`, `Gk_AK0_M`, `Gk_AK0_W`, `Gk_AK1_M`, `Gk_AK1_W`, `Gk_AK2_M`, `Gk_AK2_W`, `Gk_AK3_M`, `Gk_AK3_W`, `Gk_AK4_M`, `Gk_AK4_W`, `Gk_AK5_M`, `Gk_AK5_W`, `Gk_AK6_M`, `Gk_AK6_W`, `Gk_AK7_M`, `Gk_AK7_W`, `Gk_AK8_M`, `Gk_AK8_W`, `Gk_AK9_M`, `Gk_AK9_W`, `Gk_AK10_M`, `Gk_AK10_W`) VALUES
(1, 1, 1, 1, 1, 1, 1, 1, 1, 1, 1, 1, 1, 1, 1, 1, 1, 1, 1, 1, 1, 1, 1, 1, 1, 1, 1, 1, 1, 1, 1, 1, 1),
(2, 1, 1, 1, 1, 1, 1, 1, 1, 1, 1, 1, 1, 1, 1, 1, 1, 1, 1, 1, 1, 1, 1, 1, 1, 1, 1, 1, 1, 1, 1, 1, 1),
(3, 1, 1, 1, 1, 1, 1, 1, 1, 1, 1, 1, 1, 1, 1, 1, 1, 1, 1, 1, 1, 1, 1, 1, 1, 1, 1, 1, 1, 1, 1, 1, 1),
(4, 1, 1, 1, 1, 1, 1, 1, 1, 1, 1, 1, 1, 1, 1, 1, 1, 1, 1, 1, 1, 1, 1, 1, 1, 1, 1, 1, 1, 1, 1, 1, 1),
(5, 1, 1, 1, 1, 1, 1, 1, 1, 1, 1, 1, 1, 1, 1, 1, 1, 1, 1, 1, 1, 1, 1, 1, 1, 1, 1, 1, 1, 1, 1, 1, 1),
(6, 1, 1, 1, 1, 1, 1, 1, 1, 1, 1, 1, 1, 1, 1, 1, 1, 1, 1, 1, 1, 1, 1, 1, 1, 1, 1, 1, 1, 1, 1, 1, 1),
(7, 1, 1, 1, 1, 1, 1, 1, 1, 1, 1, 1, 1, 1, 1, 1, 1, 1, 1, 1, 1, 1, 1, 1, 1, 1, 1, 1, 1, 1, 1, 1, 1),
(8, 1, 1, 1, 1, 1, 1, 1, 1, 1, 1, 1, 1, 1, 1, 1, 1, 1, 1, 1, 1, 1, 1, 1, 1, 1, 1, 1, 1, 1, 1, 1, 1);

-- --------------------------------------------------------

--
-- Tabellenstruktur für Tabelle `gruppen_7`
--

CREATE TABLE `gruppen_7` (
  `Id` int(11) DEFAULT NULL,
  `Gk_E_M` int(11) DEFAULT NULL,
  `Gk_E_W` int(11) DEFAULT NULL,
  `Gk_K_M` int(11) DEFAULT NULL,
  `Gk_K_W` int(11) DEFAULT NULL,
  `Gk_S_M` int(11) DEFAULT NULL,
  `Gk_S_W` int(11) DEFAULT NULL,
  `Gk_J_M` int(11) DEFAULT NULL,
  `Gk_J_W` int(11) DEFAULT NULL,
  `Gk_Jun_M` int(11) DEFAULT NULL,
  `Gk_Jun_W` int(11) DEFAULT NULL
) ENGINE=InnoDB DEFAULT CHARSET=latin1;

--
-- Daten für Tabelle `gruppen_7`
--

INSERT INTO `gruppen_7` (`Id`, `Gk_E_M`, `Gk_E_W`, `Gk_K_M`, `Gk_K_W`, `Gk_S_M`, `Gk_S_W`, `Gk_J_M`, `Gk_J_W`, `Gk_Jun_M`, `Gk_Jun_W`) VALUES
(1, 1, 1, 1, 1, 1, 1, 1, 1, 1, 1),
(2, 1, 1, 1, 1, 1, 1, 1, 1, 1, 1),
(3, 1, 1, 1, 1, 1, 1, 1, 1, 1, 1),
(4, 1, 1, 1, 1, 1, 1, 1, 1, 1, 1),
(5, 1, 1, 1, 1, 1, 1, 1, 1, 1, 1),
(6, 1, 1, 1, 1, 1, 1, 1, 1, 1, 1),
(7, 1, 1, 1, 1, 1, 1, 1, 1, 1, 1),
(8, 1, 1, 1, 1, 1, 1, 1, 1, 1, 1);

-- --------------------------------------------------------

--
-- Tabellenstruktur für Tabelle `gruppen_aus`
--

CREATE TABLE `gruppen_aus` (
  `Gruppen` int(11) NOT NULL
) ENGINE=InnoDB DEFAULT CHARSET=latin1;

--
-- Daten für Tabelle `gruppen_aus`
--

INSERT INTO `gruppen_aus` (`Gruppen`) VALUES
(1),
(2),
(3),
(4),
(5),
(6),
(7),
(8),
(9),
(10),
(11),
(12),
(13),
(14),
(15),
(16),
(17),
(18),
(19),
(20),
(21),
(22),
(23),
(24),
(25),
(26),
(27),
(28),
(29),
(30);

-- --------------------------------------------------------

--
-- Tabellenstruktur für Tabelle `gruppen_mk_zaehler_7`
--

CREATE TABLE `gruppen_mk_zaehler_7` (
  `Jahrgang` int(11) DEFAULT NULL,
  `Geschlecht` tinytext,
  `Anzahl` int(11) DEFAULT NULL
) ENGINE=InnoDB DEFAULT CHARSET=latin1;

--
-- Daten für Tabelle `gruppen_mk_zaehler_7`
--

INSERT INTO `gruppen_mk_zaehler_7` (`Jahrgang`, `Geschlecht`, `Anzahl`) VALUES
(1982, 'Männlich', 1),
(1999, 'Männlich', 1);

-- --------------------------------------------------------

--
-- Tabellenstruktur für Tabelle `gruppen_zeit_3`
--

CREATE TABLE `gruppen_zeit_3` (
  `Gruppen` int(11) DEFAULT NULL,
  `Bridge` int(11) DEFAULT NULL,
  `Anzahl` int(11) DEFAULT NULL,
  `Datum` date DEFAULT NULL,
  `Wiege_Zeit` tinytext,
  `Wiege_Zeit_Bis` tinytext,
  `WK_Zeit` tinytext,
  `Athletik_Zeit` tinytext,
  `Gruppe_Aus` int(11) DEFAULT NULL
) ENGINE=InnoDB DEFAULT CHARSET=latin1;

--
-- Daten für Tabelle `gruppen_zeit_3`
--

INSERT INTO `gruppen_zeit_3` (`Gruppen`, `Bridge`, `Anzahl`, `Datum`, `Wiege_Zeit`, `Wiege_Zeit_Bis`, `WK_Zeit`, `Athletik_Zeit`, `Gruppe_Aus`) VALUES
(1, 1, 14, '2017-11-03', '10.00', '11:00', '12:00', NULL, NULL),
(2, 1, 9, '2017-11-03', '12:00', '13:00', '14:00', NULL, NULL),
(3, 1, 10, '2017-11-03', '13:30', '14:30', '15:30', NULL, NULL),
(4, 1, 16, '2017-11-03', '15:00', '16:00', '17:00', NULL, NULL),
(5, 1, 18, '2017-11-03', '18:00', '19:00', '20:00', NULL, NULL),
(6, 1, 21, '2017-11-04', '08:00', '09:00', '10:00', NULL, NULL),
(7, 1, 9, '2017-11-04', '10:30', '11:30', '12:30', NULL, NULL),
(8, 1, 19, '2017-11-04', '12:00', '13:00', '14:00', NULL, NULL),
(9, 1, 22, '2017-11-04', '15:00', '16:00', '17:00', NULL, NULL),
(10, 1, 13, '2017-11-04', '18:00', '19:00', '20:00', NULL, NULL),
(11, 1, 8, '2017-11-05', '09:00', '10:00', '11:00', NULL, NULL),
(12, 1, 11, '2017-11-05', '10:30', '11:30', '12:30', NULL, NULL);

-- --------------------------------------------------------

--
-- Tabellenstruktur für Tabelle `gruppen_zeit_4`
--

CREATE TABLE `gruppen_zeit_4` (
  `Gruppen` int(11) DEFAULT NULL,
  `Bridge` int(11) DEFAULT NULL,
  `Anzahl` int(11) DEFAULT NULL,
  `Datum` date DEFAULT NULL,
  `Wiege_Zeit` tinytext,
  `Wiege_Zeit_Bis` tinytext,
  `WK_Zeit` tinytext,
  `Athletik_Zeit` tinytext,
  `Gruppe_Aus` int(11) DEFAULT NULL
) ENGINE=InnoDB DEFAULT CHARSET=latin1;

--
-- Daten für Tabelle `gruppen_zeit_4`
--

INSERT INTO `gruppen_zeit_4` (`Gruppen`, `Bridge`, `Anzahl`, `Datum`, `Wiege_Zeit`, `Wiege_Zeit_Bis`, `WK_Zeit`, `Athletik_Zeit`, `Gruppe_Aus`) VALUES
(1, 1, 2, '0000-00-00', '00:00', '00:00', '00:00', NULL, NULL),
(2, 1, 0, '0000-00-00', '00:00', '00:00', '00:00', NULL, NULL),
(3, 1, 0, '0000-00-00', '00:00', '00:00', '00:00', NULL, NULL),
(4, 1, 0, '0000-00-00', '00:00', '00:00', '00:00', NULL, NULL),
(5, 1, 0, '0000-00-00', '00:00', '00:00', '00:00', NULL, NULL);

-- --------------------------------------------------------

--
-- Tabellenstruktur für Tabelle `gruppen_zeit_6`
--

CREATE TABLE `gruppen_zeit_6` (
  `Gruppen` int(11) DEFAULT NULL,
  `Bridge` int(11) DEFAULT NULL
) ENGINE=InnoDB DEFAULT CHARSET=latin1;

--
-- Daten für Tabelle `gruppen_zeit_6`
--

INSERT INTO `gruppen_zeit_6` (`Gruppen`, `Bridge`) VALUES
(1, 1),
(2, 1);

-- --------------------------------------------------------

--
-- Tabellenstruktur für Tabelle `gruppen_zeit_7`
--

CREATE TABLE `gruppen_zeit_7` (
  `Gruppen` int(11) DEFAULT NULL,
  `Bridge` int(11) DEFAULT NULL,
  `Anzahl` int(11) DEFAULT NULL,
  `Datum` date DEFAULT NULL,
  `Wiege_Zeit` tinytext,
  `Wiege_Zeit_Bis` tinytext,
  `WK_Zeit` tinytext,
  `Athletik_Zeit` tinytext,
  `Gruppe_Aus` int(11) DEFAULT NULL
) ENGINE=InnoDB DEFAULT CHARSET=latin1;

--
-- Daten für Tabelle `gruppen_zeit_7`
--

INSERT INTO `gruppen_zeit_7` (`Gruppen`, `Bridge`, `Anzahl`, `Datum`, `Wiege_Zeit`, `Wiege_Zeit_Bis`, `WK_Zeit`, `Athletik_Zeit`, `Gruppe_Aus`) VALUES
(1, 1, 2, '0000-00-00', '00:00', '00:00', '00:00', '', NULL),
(2, 1, 0, '0000-00-00', '00:00', '00:00', '00:00', '', NULL),
(3, 1, 0, '0000-00-00', '00:00', '00:00', '00:00', '', NULL),
(4, 1, 0, '0000-00-00', '00:00', '00:00', '00:00', '', NULL),
(5, 1, 0, '0000-00-00', '00:00', '00:00', '00:00', '', NULL);

-- --------------------------------------------------------

--
-- Tabellenstruktur für Tabelle `heber`
--

CREATE TABLE `heber` (
  `IdHeber` int(11) NOT NULL,
  `Name` text NOT NULL,
  `Vorname` text NOT NULL,
  `IdVerein` int(11) NOT NULL,
  `Jahrgang` int(11) NOT NULL,
  `Gewicht` double(11,2) NOT NULL,
  `Land` text NOT NULL,
  `Geschlecht` text NOT NULL,
  `IdStaat` int(11) NOT NULL,
  `Auswahl` text NOT NULL,
  `AlKl` text NOT NULL,
  `GwKl` text NOT NULL,
  `Bundesliga` int(11) NOT NULL
) ENGINE=InnoDB DEFAULT CHARSET=latin1;

--
-- Daten für Tabelle `heber`
--

INSERT INTO `heber` (`IdHeber`, `Name`, `Vorname`, `IdVerein`, `Jahrgang`, `Gewicht`, `Land`, `Geschlecht`, `IdStaat`, `Auswahl`, `AlKl`, `GwKl`, `Bundesliga`) VALUES
(16, 'Littmann', 'Melina', 0, 2003, 56.00, '', 'Weiblich', 1, '', 'Schüler', '-58', 0),
(17, 'Lammel', ' Elin', 30, 2003, 40.10, 'TH', 'Weiblich', 1, '', 'Schüler', '-44', 0),
(18, 'Breitschuh', ' Marie Sophie', 0, 2003, 48.10, '', 'Weiblich', 0, '', 'Schüler', '-53', 0),
(19, 'Sensche', ' Elias', 30, 2003, 40.40, 'TH', 'Männlich', 1, '', 'Schüler', '-45', 0),
(20, 'Weißbeck', 'Benjamin', 15, 2003, 56.40, 'SN', 'Männlich', 1, '', 'Schüler', '-62', 0),
(21, 'Barthel', ' Marlen', 0, 2003, 33.20, '', 'Weiblich', 0, '', 'Schüler', '-40', 0),
(22, 'Schlittig', ' Vicky', 24, 2003, 51.30, 'SN', 'Weiblich', 1, '', 'Schüler', '-53', 0),
(24, 'Günnel', ' Maurice', 35, 2003, 44.20, 'SN', 'Männlich', 1, '', 'Schüler', '-45', 0),
(25, 'Exner', ' Elias', 0, 2003, 37.10, '', 'Männlich', 0, '', 'Schüler', '-40', 0),
(27, 'Schadt', ' Egor', 27, 2003, 51.20, 'BB', 'Männlich', 1, '', 'Schüler', '-56', 0),
(28, 'Klünder', ' Kevin', 6, 2003, 36.10, 'SN', 'Männlich', 1, '', 'Schüler', '-40', 0),
(29, 'Müller', 'Lucas', 6, 2003, 36.20, 'SN', 'Männlich', 1, '', 'Schüler', '-40', 0),
(30, 'Fähsecke', ' Marie', 38, 2003, 38.70, 'BW', 'Männlich', 1, '', 'Schüler', '-40', 0),
(33, 'Knop', ' Leo', 34, 2003, 42.30, 'RP', 'Männlich', 1, '', 'Schüler', '-45', 0),
(37, 'Blume', ' Samira', 0, 2002, 44.60, '', 'Weiblich', 0, '', 'Jugend', '-48', 0),
(39, 'Weiner', 'Sven', 32, 2002, 63.20, 'BW', 'Männlich', 1, '', 'Jugend', '-69', 0),
(40, 'Leuthner', ' Kevin', 32, 2002, 58.90, 'BW', 'Männlich', 1, '', 'Jugend', '-62', 0),
(109, 'Hartenberger', 'Michelle', 35, 2002, 46.10, 'SN', 'Weiblich', 1, '', 'Jugend', '-48', 0),
(110, 'Biener', 'Marie-Kristin', 0, 2002, 44.40, '', 'Weiblich', 0, '', 'Jugend', '-48', 0),
(111, 'Bergmann', 'Jannick', 0, 2001, 62.60, '', 'Männlich', 0, '', 'Jugend', '-69', 0),
(112, 'Boeder', 'Jordan', 0, 2001, 50.10, '', 'Männlich', 0, '', 'Junioren', '-56', 0),
(113, 'Blume', 'Lukas', 0, 2001, 52.00, '', 'Männlich', 0, '', 'Jugend', '-56', 0),
(114, 'Dunka', 'Josef', 0, 2002, 43.50, '', 'Männlich', 0, '', 'Jugend', '-50', 0),
(115, 'Drechsel', 'Nikita', 15, 2001, 57.10, 'SN', 'Männlich', 1, '', 'Junioren', '-62', 0),
(116, 'Deutschmann', 'David', 38, 2001, 74.30, 'BW', 'Männlich', 1, '', 'Junioren', '-77', 0),
(117, 'Bröse', 'Maximilian', 27, 2002, 44.00, 'BB', 'Männlich', 0, '', 'Jugend', '-50', 0),
(118, 'Bretsche', 'Mika', 7, 2002, 80.10, 'TH', 'Männlich', 0, '', 'Jugend', '-85', 0),
(119, 'Feil', 'Bastian', 0, 2001, 63.20, '', 'Männlich', 0, '', 'Junioren', '-69', 0),
(120, 'Feil', 'Philipp', 0, 2001, 64.40, '', 'Weiblich', 0, '', 'Junioren', '-69', 0),
(121, 'Feil', 'Nils', 0, 2001, 51.30, '', 'Männlich', 0, '', 'Junioren', '-56', 0),
(122, 'Elsner', 'Eric', 0, 2002, 69.20, '', 'Männlich', 0, '', 'Jugend', '-77', 0),
(123, 'Ehrig', 'Nino', 0, 2001, 59.20, '', 'Weiblich', 0, '', 'Junioren', '-63', 0),
(124, 'Grau', 'Eric', 5, 2001, 65.40, 'BY', 'Männlich', 1, '', 'Junioren', '-69', 0),
(125, 'Friedrich', 'Raphael', 2, 2001, 74.90, 'RP', 'Männlich', 0, '', 'Jugend', '-77', 1),
(126, 'Fricke', 'Marc', 27, 2002, 88.00, 'BB', 'Männlich', 0, '', 'Jugend', '-94', 0),
(127, 'Fricke', 'Julian', 28, 2003, 43.80, 'BW', 'Männlich', 0, '', 'Schüler', '-45', 0),
(128, 'Florian', 'Maximilian', 7, 2001, 75.50, 'TH', 'Männlich', 0, '', 'Junioren', '-77', 0),
(130, 'Grillmayer', 'Paula', 3, 2003, 52.10, 'BY', 'Weiblich', 1, '', 'Schüler', '-53', 1),
(132, 'Hein', 'Karl', 31, 2002, 44.60, 'BE', 'Männlich', 1, '', 'Jugend', '-50', 0),
(133, 'Greiner', 'Marlon', 7, 2003, 88.20, 'TH', 'Männlich', 1, '', 'Schüler', '+69', 0),
(134, 'Hansch', 'Dennis', 36, 2002, 47.30, 'BB', 'Männlich', 1, '', 'Jugend', '-50', 0),
(135, 'Hanft', 'Dominik', 12, 2001, 73.70, 'NW', 'Männlich', 1, '', 'Junioren', '-77', 0),
(136, 'Hagedorn', 'Emily', 34, 2002, 55.00, 'RP', 'Weiblich', 1, '', 'Jugend', '-58', 0),
(137, 'Haaß', 'David', 32, 2002, 88.80, 'BW', 'Männlich', 1, '', 'Jugend', '-94', 0),
(138, 'Günther', 'Moritz', 25, 2002, 88.40, 'NI', 'Männlich', 1, '', 'Jugend', '-94', 0),
(139, 'Hofmann', 'Elisabeth', 32, 2001, 57.70, 'BW', 'Weiblich', 1, '', 'Junioren', '-58', 0),
(140, 'Hörner', 'Amelie', 11, 2002, 56.60, 'BB', 'Weiblich', 1, '', 'Jugend', '-58', 0),
(141, 'Kaiser', 'Davina', 8, 2001, 72.10, 'SL', 'Weiblich', 1, '', 'Junioren', '-75', 0),
(142, 'Keßler', 'Emily', 19, 2002, 45.00, 'RP', 'Weiblich', 1, '', 'Jugend', '-48', 0),
(143, 'Kaufhold', 'Kimberley', 15, 2001, 46.00, 'SN', 'Weiblich', 1, '', 'Junioren', '-48', 0),
(144, 'Maier', 'Moritz', 33, 2001, 79.80, 'BY', 'Männlich', 1, '', 'Junioren', '-85', 0),
(145, 'Ludwig', 'Erik', 26, 2001, 75.90, 'SN', 'Männlich', 1, '', 'Junioren', '-77', 0),
(146, 'Loose', 'W', 10, 2002, 30.00, 'BW', 'Männlich', 1, '', 'Jugend', '-50', 0),
(147, 'Knodel', 'Lucas', 19, 2002, 37.00, 'RP', 'Männlich', 1, '', 'Jugend', '-50', 0),
(148, 'Kluge', 'Fabian', 28, 2001, 63.00, 'BW', 'Männlich', 1, '', 'Junioren', '-69', 0),
(149, 'Müller', 'Lukas', 16, 2001, 74.80, 'BW', 'Männlich', 1, '', 'Junioren', '-77', 0),
(150, 'Müller', 'Ron', 36, 2001, 54.50, 'BB', 'Männlich', 1, '', 'Junioren', '-56', 0),
(151, 'Möske', 'Charline', 22, 2003, 37.20, 'BY', 'Weiblich', 1, '', 'Schüler', '-40', 0),
(152, 'Meißner', 'Alexander', 31, 2003, 38.70, 'BE', 'Männlich', 1, '', 'Schüler', '-40', 0),
(153, 'Mattig', 'Lea Justine', 9, 2001, 58.30, 'BB', 'Weiblich', 1, '', 'Junioren', '-63', 0),
(154, 'Pilz', 'Daniel', 3, 2001, 73.40, 'BY', 'Männlich', 1, '', 'Jugend', '-77', 1),
(155, 'Pham Manh', 'Tuan', 27, 2001, 42.80, 'BB', 'Männlich', 1, '', 'Junioren', '-56', 0),
(156, 'Peter', 'Dave', 38, 2001, 56.10, 'BW', 'Männlich', 1, '', 'Junioren', '-62', 0),
(157, 'Perlt', 'Julia ', 30, 2001, 48.60, 'TH', 'Weiblich', 1, '', 'Junioren', '-53', 0),
(158, 'Neuhäuser', 'Leonie', 7, 2003, 39.30, 'TH', 'Weiblich', 1, '', 'Schüler', '-40', 0),
(159, 'Schelhorn', 'Tarek-Wilhelm', 30, 2001, 87.40, 'TH', 'Männlich', 1, '', 'Junioren', '-94', 0),
(160, 'Sailer', 'Philipp', 32, 2001, 70.20, 'BW', 'Männlich', 1, '', 'Junioren', '-77', 0),
(161, 'Rössler', 'Laura', 18, 2001, 56.50, 'RP', 'Weiblich', 1, '', 'Junioren', '-58', 0),
(162, 'Reum', 'Ben', 14, 2002, 55.25, 'TH', 'Männlich', 1, '', 'Jugend', '-56', 0),
(163, 'Plüger', 'Adrian', 30, 2001, 62.00, 'TH', 'Männlich', 1, '', 'Junioren', '-62', 0),
(164, 'Schuster', 'Luc-Dante', 13, 2001, 52.00, 'BE', 'Männlich', 1, '', 'Junioren', '-56', 0),
(165, 'Schönsiegel', 'Celina', 32, 2002, 39.60, 'BW', 'Weiblich', 1, '', 'Jugend', '-44', 0),
(166, 'Schönherr', 'Richard', 15, 2002, 60.20, 'SN', 'Männlich', 1, '', 'Jugend', '-62', 0),
(167, 'Schneider', 'Milena', 35, 2001, 61.20, 'SN', 'Weiblich', 1, '', 'Junioren', '-63', 0),
(168, 'Schemmel', 'Tobias', 3, 2001, 63.10, 'BY', 'Männlich', 1, '', 'Jugend', '-69', 1),
(169, 'Stoye', 'Josefine', 15, 2001, 53.00, 'SN', 'Weiblich', 1, '', 'Junioren', '-53', 0),
(170, 'Seitz', 'Bianca', 37, 2001, 46.10, 'HH', 'Weiblich', 1, '', 'Junioren', '-48', 0),
(171, 'Seifert', 'Tim', 35, 2002, 45.60, 'SN', 'Männlich', 1, '', 'Jugend', '-50', 0),
(172, 'Sebalj', 'David', 39, 2001, 45.00, 'BW', 'Männlich', 1, '', 'Junioren', '-56', 0),
(173, 'Schütte', 'Fynn', 31, 2002, 48.20, 'BE', 'Männlich', 1, '', 'Jugend', '-50', 0),
(174, 'Weiss', 'Philipp', 7, 2001, 57.65, 'TH', 'Männlich', 1, '', 'Junioren', '-62', 0),
(175, 'Weiner', 'Luca', 32, 2001, 57.20, 'BW', 'Männlich', 1, '', 'Junioren', '-62', 0),
(176, 'Ursolino', 'Angelina', 32, 2002, 56.80, 'BW', 'Weiblich', 1, '', 'Jugend', '-58', 0),
(177, 'Truong-Bach', 'Lisa Mai', 27, 2001, 45.20, 'BB', 'Weiblich', 1, '', 'Junioren', '-48', 0),
(178, 'Trost', 'Hannes', 0, 2001, 65.30, '', 'Männlich', 1, '', 'Junioren', '-69', 0),
(179, 'Wendlandt', 'Jannes', 21, 2001, 63.80, 'BB', 'Männlich', 1, '', 'Junioren', '-69', 0),
(180, 'Woecht', 'Sebastian', 28, 2001, 69.00, 'BW', 'Männlich', 1, '', 'Junioren', '-69', 0),
(181, 'Wolf', 'Ricardo Aaron', 36, 2002, 54.90, 'BB', 'Männlich', 1, '', 'Jugend', '-56', 0),
(182, 'Zagermann', 'Eric', 17, 2001, 86.00, 'TH', 'Männlich', 1, '', 'Junioren', '-94', 0),
(185, 'Schache', 'Sina-Franziska', 26, 2002, 52.60, 'SN', 'Weiblich', 1, '', 'Jugend', '-53', 0),
(186, 'Da Silva Prior', 'Leon Cavalho', 2, 2002, 63.10, 'RP', 'Männlich', 0, '', 'Schüler', '-69', 1),
(187, 'Loose', 'Kyra', 10, 2002, 48.50, 'BW', 'Weiblich', 1, '', 'Jugend', '-53', 0),
(188, 'Kopp', 'Madita', 39, 2001, 52.90, 'BW', 'Weiblich', 1, '', 'Junioren', '-53', 0),
(189, 'Kessler', 'Ben', 19, 2005, 50.00, 'RP', 'Männlich', 1, '', 'Schüler', '-50', 0),
(190, 'Stöcklin', 'Tobias', 40, 2005, 55.00, 'BY', 'Männlich', 1, '', 'Schüler', '-56', 0),
(191, 'Schuler', 'Justin', 41, 2005, 70.00, 'BW', 'Männlich', 1, '', 'Schüler', '+69', 0),
(192, 'Grätz', 'Tizian', 11, 2005, 50.00, 'BB', 'Männlich', 1, '', 'Schüler', '-50', 0),
(193, 'Saini', 'Rishabh', 33, 2005, 50.00, 'BY', 'Männlich', 1, '', 'Schüler', '-50', 0),
(194, 'Graze', 'Elias', 10, 2005, 50.00, 'BW', 'Männlich', 1, '', 'Schüler', '-50', 0),
(195, 'Sailer', 'Lars', 32, 2005, 50.00, 'BW', 'Männlich', 1, '', 'Schüler', '-50', 0),
(196, 'Spatola', 'Moriano', 10, 2005, 75.00, 'BW', 'Männlich', 1, '', 'Schüler', '+69', 0),
(197, 'Soldner', 'Farin', 32, 2005, 75.00, 'BW', 'Männlich', 1, '', 'Schüler', '+69', 0),
(198, 'Haupt', 'Christian', 42, 2005, 50.00, 'BY', 'Männlich', 1, '', 'Schüler', '-50', 0),
(199, 'Jutzi', 'Tom', 43, 2003, 50.00, 'BW', 'Männlich', 1, '', 'Schüler', '-50', 0),
(200, 'Reischl', 'Jonas', 44, 2003, 50.00, 'BY', 'Männlich', 1, '', 'Schüler', '-50', 0),
(201, 'Schneider', 'Julian', 19, 2003, 50.00, 'RP', 'Männlich', 1, '', 'Schüler', '-50', 0),
(203, 'Kampp', 'Marcel', 41, 2003, 0.00, 'BW', 'Männlich', 1, '', 'Schüler', '-35', 0),
(205, 'Bühr', 'Yannik', 28, 2003, 20.00, 'BW', 'Männlich', 0, '', 'Schüler', '-35', 0),
(206, 'Reichensperger', 'Marcel', 43, 2006, 43.90, 'BW', 'Männlich', 1, '', 'Kinder', '-45', 0),
(207, 'Hofmann', 'Emanuel', 28, 2006, 50.00, 'BW', 'Männlich', 1, '', 'Kinder', '-50', 0),
(208, 'Junemann', 'Eric', 11, 2006, 50.00, 'BB', 'Männlich', 1, '', 'Kinder', '-50', 0),
(209, 'Löffler', 'Nils', 2, 2004, 31.70, 'RP', 'Männlich', 1, '', 'Schüler', '-35', 1),
(210, 'Friend', 'Hutch', 54, 2004, 33.30, 'HE', 'Männlich', 0, '', 'Schüler', '-35', 0),
(211, 'Wagenbach', 'Lars', 43, 2004, 36.00, 'BW', 'Männlich', 1, '', 'Schüler', '-40', 0),
(212, 'Stanton', 'Elijah', 47, 2004, 39.30, 'BY', 'Männlich', 1, '', 'Schüler', '-40', 0),
(213, 'Rukabert', 'Benjamin', 44, 2004, 0.00, 'BY', 'Männlich', 1, '', 'Schüler', '-35', 0),
(214, 'Holetz', 'Tim', 32, 2004, 44.00, 'BW', 'Männlich', 1, '', 'Schüler', '-45', 0),
(215, 'Häfele', 'Alexander', 48, 2004, 43.60, 'BY', 'Männlich', 1, '', 'Schüler', '-45', 0),
(216, 'Köhler', 'Raik', 19, 2004, 42.00, 'RP', 'Männlich', 1, '', 'Schüler', '-45', 0),
(217, 'Seibold', 'Florian', 44, 2004, 54.40, 'BY', 'Männlich', 1, '', 'Schüler', '-56', 0),
(218, 'Grätz', 'Julian', 11, 2004, 47.60, 'BB', 'Männlich', 1, '', 'Schüler', '-50', 0),
(219, 'Stanton', 'Rowan', 47, 2004, 52.80, 'BY', 'Männlich', 1, '', 'Schüler', '-56', 0),
(220, 'Klassig', 'Conner', 32, 2004, 53.80, 'BW', 'Männlich', 1, '', 'Schüler', '-56', 0),
(222, 'Sattler', 'Yannik', 19, 2004, 54.50, 'RP', 'Männlich', 1, '', 'Schüler', '-56', 0),
(223, 'Blas', 'Noah', 0, 2004, 58.60, '', 'Männlich', 0, '', 'Schüler', '-62', 0),
(224, 'Still', 'Robin', 46, 2004, 62.30, 'BY', 'Männlich', 1, '', 'Schüler', '-69', 0),
(225, 'Schönsiegel', 'Justin', 32, 2004, 64.00, 'BW', 'Männlich', 1, '', 'Schüler', '-69', 0),
(226, 'Frey', 'Moritz', 12, 2004, 69.70, 'NW', 'Weiblich', 0, '', 'Schüler', '+63', 0),
(227, 'Fischer', 'Finn', 0, 2003, 50.00, '', 'Männlich', 0, '', 'Schüler', '-50', 0),
(228, 'Suschko', 'Julian', 43, 2003, 55.00, 'BW', 'Männlich', 1, '', 'Schüler', '-56', 0),
(229, 'Esterle', 'Michael', 0, 2003, 50.00, '', 'Männlich', 0, '', 'Schüler', '-50', 0),
(230, 'Kazanc', 'Demian', 2, 2003, 42.20, 'RP', 'Männlich', 1, '', 'Schüler', '-45', 1),
(231, 'Hinderberger', 'Tim', 2, 2003, 37.30, 'RP', 'Männlich', 1, '', 'Schüler', '-40', 1),
(232, 'Fischer', 'Tom', 0, 2001, 49.70, '', 'Weiblich', 0, '', 'Junioren', '-53', 0),
(233, 'Stefan', 'Tim', 49, 2001, 44.00, 'RP', 'Männlich', 1, '', 'Junioren', '-56', 0),
(234, 'Kurz', 'Lorenz', 49, 2001, 62.00, 'RP', 'Männlich', 1, '', 'Junioren', '-62', 0),
(235, 'Baumgart', 'Tim', 0, 2001, 77.60, '', 'Männlich', 0, '', 'Jugend', '-85', 0),
(236, 'Poled', 'Nicolas', 50, 2001, 75.20, 'BW', 'Männlich', 1, '', 'Junioren', '-77', 0),
(247, 'Dudorkhanov', 'Indira', 0, 2008, 27.80, '', 'Männlich', 1, '', 'Kinder', '-30', 0),
(248, 'Gürth', 'Nils', 30, 2007, 34.40, 'TH', 'Männlich', 1, '', 'Kinder', '-35', 0),
(249, 'Maas', 'Denny', 30, 2005, 47.70, 'TH', 'Männlich', 1, '', 'Schüler', '-50', 0),
(250, 'Langkabel', 'Laura', 30, 2005, 43.40, 'TH', 'Weiblich', 1, '', 'Schüler', '-44', 0),
(251, 'Dudorkhanov', 'Iman', 0, 2005, 29.70, '', 'Männlich', 1, '', 'Schüler', '-35', 0),
(252, 'Dudorkhanov', 'Ibrahim', 0, 2004, 43.00, '', 'Männlich', 0, '', 'Schüler', '-45', 0),
(253, 'Steudner', 'Max', 30, 2004, 52.20, 'TH', 'Männlich', 1, '', 'Schüler', '-56', 0),
(254, 'Oelling', 'Jakob', 20, 2003, 50.00, '', 'Männlich', 1, '', 'Schüler', '-50', 0),
(255, 'Walther', 'Eric-Rene', 0, 2003, 85.90, '', 'Männlich', 1, '', 'Schüler', '+69', 0),
(256, 'John', 'Leon', 20, 2002, 73.90, '', 'Männlich', 1, '', 'Jugend', '-77', 0),
(257, 'Motek', 'Jonas', 20, 2001, 50.00, '', 'Männlich', 1, '', 'Junioren', '-56', 0),
(258, 'Oelling', 'Jakob', 51, 2006, 56.30, 'TH', 'Männlich', 1, '', 'Kinder', '-62', 0),
(259, 'Lanckrock', 'Justin', 53, 2005, 28.00, 'HE', 'Männlich', 1, '', 'Schüler', '-35', 0),
(260, 'Kleine', 'Ryuu', 53, 2005, 37.40, 'HE', 'Männlich', 1, '', 'Schüler', '-40', 0),
(261, 'Vasilev ', 'Filip', 53, 2003, 48.40, 'HE', 'Männlich', 1, '', 'Schüler', '-50', 0),
(262, 'Konrad', 'Mark', 53, 2003, 37.90, 'HE', 'Männlich', 1, '', 'Schüler', '-40', 0),
(263, 'Moritz', 'Justus', 53, 2003, 51.95, 'HE', 'Männlich', 1, '', 'Schüler', '-56', 0),
(264, 'Georgiev', 'Aleks', 15, 2002, 50.00, 'SN', 'Männlich', 1, '', 'Jugend', '-50', 0),
(265, 'Lagah', 'Goutam', 53, 2002, 80.50, 'HE', 'Männlich', 1, '', 'Jugend', '-85', 0),
(266, 'Malkowsky', 'Asarja', 53, 2001, 50.00, 'HE', 'Weiblich', 1, '', 'Junioren', '-53', 0),
(267, 'Alvarez', 'Carlos', 25, 2004, 35.20, 'NI', 'Männlich', 0, '', 'Schüler', '-40', 0),
(268, 'De Nuccio', 'Leon', 54, 2004, 46.90, 'HE', 'Männlich', 0, '', 'Schüler', '-50', 0),
(269, 'Houede', 'Daniel', 54, 2004, 49.20, 'HE', 'Männlich', 1, '', 'Schüler', '-50', 0),
(270, 'Funk', 'Tim Patrick', 54, 2004, 50.00, 'HE', 'Männlich', 0, '', 'Schüler', '-50', 0),
(271, 'Marx', 'Magnus', 52, 2005, 34.50, 'BW', 'Männlich', 1, '', 'Schüler', '-35', 0),
(272, 'Demirtas', 'Efe Can', 54, 2004, 15.00, 'HE', 'Männlich', 0, '', 'Schüler', '-35', 0),
(273, 'Schreiner', 'Alexander', 54, 2003, 33.20, 'HE', 'Männlich', 1, '', 'Schüler', '-35', 0),
(274, 'Hallstein', 'Simon', 54, 2003, 50.50, 'HE', 'Männlich', 1, '', 'Schüler', '-56', 0),
(275, 'van de Weijer', 'Lars', 54, 2002, 60.00, 'HE', 'Männlich', 1, '', 'Jugend', '-62', 0),
(276, 'Simon', 'Mika', 14, 2004, 45.20, 'TH', 'Männlich', 1, '', 'Schüler', '-50', 0),
(277, 'Neumann', 'Robin', 12, 2006, 57.90, 'NW', 'Männlich', 1, '', 'Kinder', '-62', 0),
(278, 'Hennecke', 'Fabian', 12, 2005, 36.00, 'NW', 'Männlich', 1, '', 'Schüler', '-40', 0),
(279, 'Schilling', 'Oskar', 12, 2005, 52.50, 'NW', 'Männlich', 1, '', 'Schüler', '-56', 0),
(280, 'Brückner', 'Sophie', 12, 2005, 34.00, 'NW', 'Weiblich', 0, '', 'Schüler', '-40', 0),
(281, 'Hennecke', 'Pascal', 12, 2004, 69.20, 'NW', 'Männlich', 1, '', 'Schüler', '+69', 0),
(282, 'Reuter', 'Tom David', 12, 2004, 58.30, 'NW', 'Männlich', 1, '', 'Schüler', '-62', 0),
(283, 'Heß', 'Damian', 7, 2007, 40.50, 'TH', 'Männlich', 1, '', 'Kinder', '-45', 0),
(284, 'Kallenbach', 'Luca', 7, 2006, 53.10, 'TH', 'Männlich', 1, '', 'Kinder', '-56', 0),
(285, 'Schweng', 'Eileen', 7, 2005, 33.10, 'TH', 'Weiblich', 1, '', 'Schüler', '-40', 0),
(286, 'Langer', 'Tommy', 7, 2004, 35.60, 'TH', 'Männlich', 1, '', 'Schüler', '-40', 0),
(287, 'Langbein', 'John', 7, 2004, 31.00, 'TH', 'Männlich', 1, '', 'Schüler', '-35', 0),
(288, 'Jahn', 'Marlon', 7, 2003, 89.90, 'TH', 'Männlich', 1, '', 'Schüler', '+69', 0),
(289, 'Emick', 'Jan', 0, 2004, 74.20, '', 'Männlich', 0, '', 'Schüler', '+69', 0),
(290, 'Schröpfer', 'Mo', 0, 2003, 57.00, '', 'Männlich', 1, '', 'Schüler', '-62', 0),
(292, 'Treutlein', 'Mandy', 0, 1990, 69.75, '', 'Weiblich', 1, '', 'Aktive', '-75', 0),
(293, 'Kusterer', 'Sabine', 60, 1990, 58.70, '', 'Weiblich', 1, '', 'Aktive', '-63', 0),
(294, 'Velagic', 'Almir', 0, 1990, 150.30, '', 'Männlich', 1, '', 'Aktive', '+105', 0),
(295, 'Prochorow', 'Alexej', 59, 1990, 136.45, '', 'Männlich', 1, '', 'Aktive', '+105', 0),
(296, 'Perez Valentin', 'Lydia', 60, 1990, 75.85, '', 'Weiblich', 6, '', 'Aktive', '-90', 0),
(297, 'Kingue Matam', 'Bernadin', 59, 1990, 70.70, '', 'Männlich', 2, '', 'Aktive', '-77', 0),
(298, 'Spiess', 'Jürgen', 0, 1990, 106.90, '', 'Männlich', 1, '', 'Aktive', '+105', 0),
(299, 'Müller', 'Nico', 59, 1990, 76.00, '', 'Männlich', 1, '', 'Aktive', '-77', 0),
(300, 'Lang', 'Max', 59, 1990, 78.00, '', 'Männlich', 1, '', 'Aktive', '-85', 0),
(301, 'Michel', 'Anais', 60, 1990, 49.55, '', 'Weiblich', 2, '', 'Aktive', '-53', 0),
(302, 'Bouly', 'Kevin', 0, 1990, 96.90, '', 'Männlich', 0, '', 'Aktive', '-105', 0),
(303, 'Hennequin', 'Benjamin', 0, 1990, 88.70, '', 'Männlich', 2, '', 'Aktive', '-94', 0),
(304, 'Bardis', 'Giovanni', 0, 1990, 86.85, '', 'Männlich', 0, '', 'Aktive', '-94', 0),
(305, 'Nayo Ketchanke', 'Gaelle', 60, 1990, 75.40, '', 'Weiblich', 2, '', 'Aktive', '-90', 0),
(306, 'Mata Perez', 'Andres Eduardo', 59, 1990, 81.15, '', 'Männlich', 6, '', 'Aktive', '-85', 0),
(307, 'Sanchez Lopez', 'David', 0, 1990, 72.15, '', 'Männlich', 6, '', 'Aktive', '-77', 0),
(308, 'Brachi Garcia', 'Josue', 0, 1990, 59.25, '', 'Männlich', 0, '', 'Aktive', '-62', 0),
(309, 'Bordignon', 'Giorgua', 0, 1990, 63.80, '', 'Weiblich', 0, '', 'Aktive', '-69', 0),
(310, 'Pagliaro', 'Genny', 60, 1990, 49.70, '', 'Weiblich', 3, '', 'Aktive', '-53', 0),
(311, 'Pizzolato', 'Antonio', 59, 1990, 86.90, '', 'Männlich', 3, '', 'Aktive', '-94', 0),
(312, 'Scarantino', 'Mirco', 0, 1990, 56.95, '', 'Männlich', 3, '', 'Aktive', '-62', 0),
(313, 'Everi', 'Anna-Maria', 0, 1990, 63.60, '', 'Weiblich', 0, '', 'Aktive', '-69', 0),
(340, 't3', '', 3, 2000, 90.00, 'BY', 'Männlich', 1, '', 'Jugend', '-94', 1),
(341, 't2', '', 3, 2005, 80.00, 'BY', 'Männlich', 1, '', 'Kinder', '+62', 1),
(342, 't1', '', 3, 2005, 54.00, 'BY', 'Männlich', 1, '', 'Kinder', '-56', 1),
(343, 't4', '', 3, 2000, 85.00, 'BY', 'Männlich', 1, '', 'Jugend', '-85', 1),
(344, 't5', '', 3, 2000, 70.00, 'BY', 'Männlich', 1, '', 'Jugend', '-77', 1),
(345, 't6', '', 0, 1995, 60.00, '', 'Männlich', 1, '', 'Aktive', '-62', 1),
(346, 't6', '', 3, 2000, 92.00, 'BY', 'Männlich', 1, '', 'Jugend', '-94', 1),
(348, 'Moritz', 'Redlich', 64, 1996, 75.00, 'BY', 'Männlich', 1, '', 'Aktive', '-77', 0),
(354, 'Enns', 'Arthur', 64, 1990, 73.40, 'BY', 'Männlich', 1, '', 'Aktive', '-77', 0),
(355, 'Neumann', 'Ellen', 64, 1994, 81.20, 'BY', 'Weiblich', 1, '', 'Aktive', '-90', 0),
(356, 'Reindl', 'Silke', 64, 1989, 65.10, 'BY', 'Weiblich', 1, '', 'Aktive', '-69', 0),
(358, 'Salosnig', 'Martina', 64, 1984, 67.80, 'BY', 'Weiblich', 1, '', 'Aktive', '-69', 0),
(359, 'Schmidt', 'Julia', 64, 1995, 50.40, 'BY', 'Weiblich', 1, '', 'Aktive', '-53', 0),
(360, 'Popel', 'Johannes', 3, 1994, 76.80, 'BY', 'Männlich', 1, '', 'Aktive', '-77', 1),
(361, 'Schemmel', 'Kerstin', 3, 1998, 66.40, 'BY', 'Weiblich', 1, '', 'Junioren', '-69', 1),
(362, 'Guerro Gainza', 'Viktor Yoel', 57, 1997, 84.10, 'RP', 'Männlich', 1, '', 'Junioren', '-85', 0),
(363, 'Heid', 'Jason', 57, 1998, 76.20, 'RP', 'Männlich', 1, '', 'Junioren', '-77', 0),
(364, 'Schroth', 'Nina', 57, 1991, 77.50, 'RP', 'Weiblich', 1, '', 'Aktive', '-90', 0),
(365, 'Weishaupt', 'Tim', 49, 1997, 83.50, 'RP', 'Männlich', 1, '', 'Junioren', '-85', 0),
(366, 'Wittur', 'Mike Maximilian', 49, 1993, 76.20, 'RP', 'Männlich', 1, '', 'Aktive', '-77', 0),
(367, 'Block', 'Jennifer', 5, 1990, 67.60, 'BY', 'Weiblich', 1, '', 'Aktive', '-69', 0),
(368, 'Schoener', 'Katharina', 5, 1988, 62.00, 'BY', 'Weiblich', 1, '', 'Aktive', '-63', 0),
(369, 'Unger', 'Nina', 5, 1989, 57.60, 'BY', 'Weiblich', 1, '', 'Aktive', '-58', 0),
(370, 'Zehner', 'Ulrike', 5, 1977, 47.30, 'BY', 'Weiblich', 1, '', 'Aktive', '-48', 0),
(371, 'Lee', 'Rebecca', 43, 1988, 62.20, 'BW', 'Weiblich', 1, '', 'Aktive', '-63', 0),
(372, 'Nützel ', 'Nicole', 43, 1979, 59.60, 'BW', 'Weiblich', 1, '', 'Aktive', '-63', 0),
(373, 'Pipke', 'Monika', 43, 1960, 51.90, 'BW', 'Weiblich', 1, '', 'Aktive', '-53', 0),
(374, 'Rohde', 'Ivonne', 43, 1982, 57.90, 'BW', 'Weiblich', 1, '', 'Aktive', '-58', 0),
(375, 'Hinkelmann', 'Nancy', 4, 1996, 47.60, 'SN', 'Weiblich', 1, '', 'Aktive', '-48', 0),
(376, 'Behm ', 'Robby', 58, 1986, 104.40, 'BW', 'Männlich', 1, '', 'Aktive', '-105', 0),
(377, 'Hüllen-Deutscher', 'Daniela', 58, 1976, 68.60, 'BW', 'Weiblich', 1, '', 'Aktive', '-69', 0),
(378, 'Buchwald', 'Ina', 12, 1989, 66.10, 'NW', 'Weiblich', 1, '', 'Aktive', '-69', 0),
(379, 'Etscheit', 'Judith', 12, 1984, 66.80, 'NW', 'Weiblich', 1, '', 'Aktive', '-69', 0),
(380, 'Gjeli ', 'Enis', 12, 1999, 94.00, 'NW', 'Männlich', 1, '', 'Junioren', '-94', 0),
(381, 'Mayer', 'Sakina', 12, 1993, 62.00, 'NW', 'Weiblich', 1, '', 'Aktive', '-63', 0),
(382, 'von der Heyden', 'Angelina', 12, 1998, 68.30, 'NW', 'Weiblich', 1, '', 'Junioren', '-69', 0),
(383, 'Peter', 'Tessa', 8, 1993, 68.10, 'SL', 'Weiblich', 1, '', 'Aktive', '-69', 0),
(384, 'Janta', 'Gerit', 6, 1997, 55.70, 'SN', 'Weiblich', 1, '', 'Junioren', '-58', 0),
(385, 'Janta', 'Hagen', 6, 1999, 72.80, 'SN', 'Männlich', 1, '', 'Junioren', '-77', 0),
(386, 'Kästner', 'Henrik', 52, 2000, 83.40, 'BW', 'Männlich', 1, '', 'Junioren', '-85', 0),
(387, 'Kästner', 'Celine', 52, 1998, 52.10, 'BW', 'Weiblich', 1, '', 'Junioren', '-53', 0),
(388, 'Schaaf', 'Leon', 52, 2001, 69.00, 'BW', 'Männlich', 1, '', 'Junioren', '-69', 0),
(389, 'Florian', 'Max', 7, 2001, 85.00, 'TH', 'Männlich', 1, '', 'Junioren', '-85', 0),
(390, 'Schweng', 'Cindy', 7, 2000, 61.40, 'TH', 'Weiblich', 1, '', 'Junioren', '-63', 0),
(391, 'Vogel ', 'Marc', 7, 2000, 94.00, 'TH', 'Männlich', 1, '', 'Junioren', '-94', 0),
(392, 'Männeke', 'Max', 11, 1995, 84.60, 'BB', 'Männlich', 1, '', 'Aktive', '-85', 0),
(393, 'Guzda', 'Patrick Michael', 11, 2000, 92.90, 'BB', 'Männlich', 1, '', 'Junioren', '-94', 0),
(394, 'Jurke', 'Bartimäus', 11, 1995, 84.10, 'BB', 'Männlich', 1, '', 'Aktive', '-85', 0),
(395, 'Leuschner', 'Maximilian', 11, 1999, 84.70, 'BB', 'Männlich', 1, '', 'Junioren', '-85', 0),
(396, 'Zandeck', 'Manuel', 11, 1998, 74.00, 'BB', 'Männlich', 1, '', 'Junioren', '-77', 0),
(397, 'Jurke', 'Äneas', 11, 1989, 76.50, 'BB', 'Männlich', 1, '', 'Aktive', '-77', 0),
(398, 'Arian', 'Assal', 45, 1990, 58.00, 'HE', 'Weiblich', 1, '', 'Aktive', '-58', 0),
(400, 'Bouratn', 'Martin', 9, 1995, 93.00, 'BB', 'Männlich', 1, '', 'Aktive', '-94', 0),
(401, 'Hintze', 'Jenny', 9, 2000, 61.40, 'BB', 'Weiblich', 1, '', 'Junioren', '-63', 0),
(402, 'Mattig', 'Lea-Justine', 9, 2001, 57.20, 'BB', 'Weiblich', 1, '', 'Junioren', '-58', 0),
(403, 'Oswald', 'Robert', 9, 1988, 93.40, 'BB', 'Männlich', 1, '', 'Aktive', '-94', 0),
(404, 'Pahl', 'Paul', 9, 1998, 83.50, 'BB', 'Männlich', 1, '', 'Junioren', '-85', 0),
(405, 'Schedler', 'Leon', 9, 1998, 56.00, 'BB', 'Männlich', 1, '', 'Junioren', '-56', 0),
(406, 'Taubert', 'Anna', 9, 2000, 74.40, 'BB', 'Weiblich', 1, '', 'Junioren', '-75', 0),
(407, 'Hörner', 'Helene', 40, 1998, 75.00, 'BY', 'Weiblich', 1, '', 'Junioren', '-75', 0),
(408, 'Cornelius', 'Cosima', 38, 1990, 56.70, 'BW', 'Weiblich', 1, '', 'Aktive', '-58', 0),
(409, 'Schwarzbach', 'Tom', 2, 1986, 84.90, 'RP', 'Männlich', 1, '', 'Aktive', '-85', 1),
(410, 'Spindler', 'Christina', 2, 1995, 68.80, 'RP', 'Weiblich', 1, '', 'Aktive', '-69', 1),
(411, 'Wüst', 'Carolin', 2, 1999, 62.30, 'RP', 'Weiblich', 1, '', 'Junioren', '-63', 1),
(412, 'Ender', 'Jonas', 13, 1998, 84.60, 'BE', 'Männlich', 1, '', 'Junioren', '-85', 0),
(413, 'Joachim', 'Robert', 13, 1987, 70.40, 'BE', 'Männlich', 1, '', 'Aktive', '-77', 0),
(414, 'Müller', 'Michael', 13, 1987, 86.60, 'BE', 'Männlich', 1, '', 'Aktive', '-94', 0),
(415, 'Mummhardt', 'Philip', 13, 1995, 118.90, 'BE', 'Männlich', 1, '', 'Aktive', '+105', 0),
(416, 'Oehler', 'Elisabeth', 13, 1991, 52.90, 'BE', 'Weiblich', 1, '', 'Aktive', '-53', 0),
(417, 'Schreiber', 'Chantal', 13, 1998, 89.00, 'BE', 'Weiblich', 1, '', 'Junioren', '-90', 0),
(418, 'Kassel', 'Rene', 14, 1986, 76.60, 'TH', 'Männlich', 1, '', 'Aktive', '-77', 0),
(419, 'Günther', 'Björn', 14, 1996, 103.00, 'TH', 'Männlich', 1, '', 'Aktive', '-105', 0),
(420, 'Kudzik', 'Philip', 15, 1993, 94.00, 'SN', 'Männlich', 1, '', 'Aktive', '-94', 0),
(421, 'Lang', 'Max', 15, 1992, 76.80, 'SN', 'Männlich', 1, '', 'Aktive', '-77', 0),
(422, 'Martin', 'Sandra', 15, 1986, 47.90, 'SN', 'Weiblich', 1, '', 'Aktive', '-48', 0),
(423, 'Perthel', 'Kurt', 15, 1997, 94.00, 'SN', 'Männlich', 1, '', 'Junioren', '-94', 0),
(424, 'Pichler', 'Christoph', 15, 1993, 67.20, 'SN', 'Männlich', 1, '', 'Aktive', '-69', 0),
(425, 'Häusler', 'Anna-Carina', 22, 1989, 68.70, 'BY', 'Weiblich', 1, '', 'Aktive', '-69', 0),
(426, 'Rieß', 'Lisa', 22, 1989, 67.80, 'BY', 'Weiblich', 1, '', 'Aktive', '-69', 0),
(427, 'Schnurrer', 'Florian', 22, 1993, 93.60, 'BY', 'Männlich', 1, '', 'Aktive', '-94', 0),
(428, 'Lombardo', 'Noah', 69, 1999, 65.40, 'BY', 'Männlich', 1, '', 'Junioren', '-69', 0),
(429, 'Gürtler', 'Annalena', 17, 1998, 74.90, 'TH', 'Weiblich', 1, '', 'Junioren', '-75', 0),
(430, 'Meyer', 'Domenic', 17, 1998, 93.50, 'TH', 'Männlich', 1, '', 'Junioren', '-94', 0),
(431, 'Grotz', 'Saskia', 54, 1982, 71.10, 'HE', 'Weiblich', 1, '', 'Aktive', '-75', 0),
(432, 'Minchev', 'Sevdalin', 0, 0, 0.00, '', 'Männlich', 1, '', '', '', 0),
(433, 'Minchev ', 'Sevdalin', 37, 1992, 62.00, 'HH', 'Männlich', 1, '', 'Aktive', '-62', 0),
(434, 'Hansen', 'Anna', 68, 1986, 58.00, 'NI', 'Weiblich', 1, '', 'Aktive', '-58', 0),
(435, 'Marth', 'Janina', 0, 1991, 69.00, '', 'Weiblich', 1, '', 'Aktive', '-69', 0),
(436, 'Porrmann', 'Nina', 68, 1976, 57.10, 'NI', 'Weiblich', 1, '', 'Aktive', '-58', 0),
(437, 'Marth', 'Janina', 68, 1991, 67.90, 'NI', 'Weiblich', 1, '', 'Aktive', '-69', 0),
(438, 'Hermann', 'Daniel', 73, 1996, 76.40, 'BW', 'Männlich', 1, '', 'Aktive', '-77', 0),
(439, 'Stösser', 'Tim', 75, 1999, 111.90, 'BW', 'Männlich', 1, '', 'Junioren', '+105', 0),
(440, 'Scheuer', 'tina', 1, 1979, 91.00, 'BW', 'Weiblich', 1, '', 'Aktive', '+90', 0),
(441, 'Winterholler', 'Nicole', 71, 1986, 73.50, 'BY', 'Weiblich', 1, '', 'Aktive', '-75', 0),
(442, 'Spieß', 'Jürgen', 72, 1984, 93.60, 'BW', 'Männlich', 1, '', 'Aktive', '-94', 0),
(443, 'Krieger', 'Carina', 18, 1990, 49.80, 'RP', 'Weiblich', 1, '', 'Aktive', '-53', 0),
(444, 'Rössler', 'Laura', 18, 2001, 57.20, 'RP', 'Weiblich', 1, '', 'Junioren', '-58', 0),
(445, 'Bopp', 'Lena', 50, 1990, 57.70, 'BW', 'Weiblich', 1, '', 'Aktive', '-58', 0),
(446, 'Kusterer', 'Sabine', 50, 1991, 63.00, 'BW', 'Weiblich', 1, '', 'Aktive', '-63', 0),
(447, 'Scharnberg', 'Natascha', 50, 1980, 57.50, 'BW', 'Weiblich', 1, '', 'Aktive', '-58', 0),
(448, 'Schweizer', 'Kevin', 50, 1986, 92.60, 'BW', 'Männlich', 1, '', 'Aktive', '-94', 0),
(449, 'Attilo', 'Sophia', 19, 1993, 52.90, 'RP', 'Weiblich', 1, '', 'Aktive', '-53', 0),
(450, 'Attilo ', 'Giuliano', 19, 1998, 68.50, 'RP', 'Männlich', 1, '', 'Junioren', '-69', 0),
(451, 'Dauth', 'Caroline', 19, 1999, 62.20, 'RP', 'Weiblich', 1, '', 'Junioren', '-63', 0),
(452, 'Drews', 'Patrick', 19, 1995, 73.60, 'RP', 'Männlich', 1, '', 'Aktive', '-77', 0),
(453, 'Feil', 'Nils', 19, 2001, 59.80, 'RP', 'Männlich', 1, '', 'Junioren', '-62', 0),
(454, 'Hammer', 'Nik', 19, 1998, 71.40, 'RP', 'Männlich', 1, '', 'Junioren', '-77', 0),
(455, 'Izere Shima', 'Padou', 19, 2000, 55.70, 'RP', 'Männlich', 1, '', 'Junioren', '-56', 0),
(456, 'Aßmann', 'Stefan', 42, 1987, 84.80, 'BY', 'Männlich', 1, '', 'Aktive', '-85', 0),
(457, 'Uhl', 'Armin', 42, 1991, 84.70, 'BY', 'Männlich', 1, '', 'Aktive', '-85', 0),
(458, 'Huber', 'Moritz', 1, 1998, 68.60, 'BW', 'Männlich', 1, '', 'Junioren', '-69', 0),
(459, 'Valduga', 'Camilla', 1, 2000, 65.60, 'BW', 'Weiblich', 1, '', 'Junioren', '-69', 0),
(460, 'Tabel', 'Tabea Hanna', 1, 1996, 75.00, 'BW', 'Weiblich', 1, '', 'Aktive', '-75', 0),
(461, 'Bonitz', 'Celina', 78, 2000, 52.60, 'ST', 'Weiblich', 1, '', 'Junioren', '-53', 0),
(462, 'Haupt', 'Dany', 78, 1999, 78.30, 'ST', 'Weiblich', 1, '', 'Junioren', '-90', 0),
(463, 'Weisbach', 'Anna-Maria', 23, 1999, 92.50, 'SN', 'Weiblich', 1, '', 'Junioren', '+90', 0),
(464, 'Schüller', 'Florian', 79, 2000, 154.40, 'TH', 'Männlich', 1, '', 'Junioren', '+105', 0),
(465, 'Rieger', 'Patricia', 80, 1985, 73.30, 'SH', 'Weiblich', 1, '', 'Aktive', '-75', 0),
(466, 'Burkhardt', 'Steve', 26, 1985, 84.60, 'SN', 'Männlich', 1, '', 'Aktive', '-85', 0),
(467, 'Hieke ', 'Robert', 26, 1994, 116.70, 'SN', 'Männlich', 1, '', 'Aktive', '+105', 0),
(468, 'Köhler ', 'Jessika', 26, 1999, 75.20, 'SN', 'Weiblich', 1, '', 'Junioren', '-90', 0),
(469, 'Ludwig ', 'Nancy', 26, 2000, 63.00, 'SN', 'Weiblich', 1, '', 'Junioren', '-63', 0),
(470, 'Ludwig', 'Erik', 26, 2001, 84.60, 'SN', 'Männlich', 1, '', 'Junioren', '-85', 0),
(471, 'Walzak ', 'Pauline', 26, 1999, 52.80, 'SN', 'Weiblich', 1, '', 'Junioren', '-53', 0),
(472, 'Weber', 'Ronny', 26, 1987, 62.00, 'SN', 'Männlich', 1, '', 'Aktive', '-62', 0),
(473, 'Wenke', 'Stefan', 26, 1990, 94.00, 'SN', 'Männlich', 1, '', 'Aktive', '-94', 0),
(474, 'Bahrendt', 'Angelo', 29, 1997, 111.50, 'ST', 'Männlich', 1, '', 'Junioren', '+105', 0),
(475, 'Gösche', 'Claudia', 83, 1987, 67.50, 'BW', 'Weiblich', 1, '', 'Aktive', '-69', 0),
(476, 'Grau ', 'Svenia', 83, 2000, 63.00, 'BW', 'Weiblich', 1, '', 'Junioren', '-63', 0),
(477, 'Schmidt', 'Kevin', 83, 1997, 63.90, 'BW', 'Männlich', 1, '', 'Junioren', '-69', 0),
(478, 'Pianski', 'Julian', 82, 1998, 95.00, 'SN', 'Männlich', 1, '', 'Junioren', '-105', 0),
(479, 'Albiez', 'Andreas', 81, 1982, 57.70, 'BW', 'Männlich', 1, 'Auswahl', 'Aktive', '-62', 0),
(480, 'Eble', 'Lisa', 81, 1990, 64.90, 'BW', 'Weiblich', 1, '', 'Aktive', '-69', 0),
(481, 'Eschrich', 'Lydia', 30, 2000, 68.10, 'TH', 'Weiblich', 1, '', 'Junioren', '-69', 0),
(482, 'Griebel', 'Mark', 30, 1999, 71.90, 'TH', 'Männlich', 1, '', 'Junioren', '-77', 0),
(483, 'Griebel', 'Philipp', 30, 1996, 94.00, 'TH', 'Männlich', 1, '', 'Aktive', '-94', 0),
(484, 'Heyer ', 'Fritz', 30, 1999, 62.00, 'TH', 'Männlich', 1, '', 'Junioren', '-62', 0),
(485, 'Idieva', 'Khava', 30, 2000, 59.60, 'TH', 'Weiblich', 1, '', 'Junioren', '-63', 0),
(486, 'Langkabel', 'Andre', 30, 2000, 85.00, 'TH', 'Männlich', 1, '', 'Junioren', '-85', 0),
(487, 'Orben', 'Selina', 30, 2000, 62.00, 'TH', 'Weiblich', 1, '', 'Junioren', '-63', 0),
(488, 'Perlt', 'Julia', 30, 2001, 52.60, 'TH', 'Weiblich', 1, '', 'Junioren', '-53', 0),
(489, 'Witte', 'Kirsten', 30, 1996, 90.00, 'TH', 'Weiblich', 1, '', 'Aktive', '-90', 0),
(490, 'Hertrampf', 'Björn', 32, 1982, 89.40, 'BW', 'Männlich', 1, '', 'Aktive', '-94', 0),
(491, 'Döll', 'Sarah', 32, 2000, 67.10, 'BW', 'Weiblich', 1, '', 'Junioren', '-69', 0),
(492, 'Hofmann', 'Ruben', 32, 2000, 71.20, 'BW', 'Männlich', 1, '', 'Junioren', '-77', 0),
(493, 'Hofmann', 'Matthäus', 32, 1994, 105.00, 'BW', 'Männlich', 1, '', 'Aktive', '-105', 0),
(494, 'Neufeld', 'Jakob', 32, 1983, 77.00, 'BW', 'Männlich', 1, '', 'Aktive', '-77', 0),
(495, 'Soldner', 'Janne', 32, 1999, 98.00, 'BW', 'Männlich', 1, '', 'Junioren', '-105', 0),
(496, 'Müller', 'Nico', 32, 1993, 78.40, 'BW', 'Männlich', 1, '', 'Aktive', '-85', 0),
(497, 'Siegmann', 'Martin', 32, 1993, 68.90, 'BW', 'Männlich', 1, '', 'Aktive', '-69', 0),
(498, 'Maurer', 'Lena', 84, 1994, 62.60, 'BW', 'Weiblich', 1, '', 'Aktive', '-63', 0),
(499, 'Zschaler', 'Sonja', 85, 1990, 67.50, 'NI', 'Weiblich', 1, '', 'Aktive', '-69', 0),
(500, 'Schlatt', 'Lara-Theresa', 86, 1991, 72.60, 'NW', 'Weiblich', 1, '', 'Aktive', '-75', 0),
(501, 'Körner', 'Kerstin', 87, 1992, 62.70, 'BY', 'Weiblich', 1, '', 'Aktive', '-63', 0),
(502, 'Jahn', 'Annabell', 87, 1986, 56.80, 'BY', 'Weiblich', 1, '', 'Aktive', '-58', 0),
(503, 'Bauer', 'Marina', 33, 1999, 52.70, 'BY', 'Weiblich', 1, '', 'Junioren', '-53', 0),
(504, 'Brandhuber', 'Hans', 33, 1996, 84.80, 'BY', 'Männlich', 1, '', 'Aktive', '-85', 0),
(505, 'Brandhuber', 'Simon', 33, 1991, 70.70, 'BY', 'Männlich', 1, '', 'Aktive', '-77', 0),
(506, 'Koralewski', 'Leon', 33, 1999, 67.60, 'BY', 'Männlich', 1, '', 'Junioren', '-69', 0),
(507, 'Koralewski', 'Rene', 33, 1997, 68.70, 'BY', 'Männlich', 1, '', 'Junioren', '-69', 0),
(508, 'Nowara', 'Gregor', 33, 1993, 93.70, 'BY', 'Männlich', 1, '', 'Aktive', '-94', 0),
(509, 'Jacobs', 'Sarah', 88, 1992, 73.60, 'BY', 'Weiblich', 1, '', 'Aktive', '-75', 0),
(510, 'Nuetzel', 'Lena', 76, 1987, 57.80, 'BY', 'Weiblich', 1, '', 'Aktive', '-58', 0),
(511, 'Pobig', 'Claudia', 76, 1989, 60.60, 'BY', 'Weiblich', 1, '', 'Aktive', '-63', 0),
(512, 'Schiffer', 'Karl', 36, 1998, 72.40, 'BB', 'Männlich', 1, '', 'Junioren', '-77', 0),
(513, 'Schneider', 'Michael-Lucas', 36, 1998, 61.70, 'BB', 'Männlich', 1, '', 'Junioren', '-62', 0),
(514, 'Schweizer', 'Lisa-Marie', 36, 1995, 62.60, 'BB', 'Weiblich', 1, '', 'Aktive', '-63', 0),
(515, 'Varlamov', 'Michael', 89, 1997, 93.30, 'BB', 'Männlich', 1, '', 'Junioren', '-94', 0),
(516, 'Boche', 'Maria', 48, 1993, 55.20, 'BY', 'Weiblich', 1, '', 'Aktive', '-58', 0),
(517, 'Voit', 'Tamara', 46, 1994, 62.70, 'BY', 'Weiblich', 1, '', 'Aktive', '-63', 0),
(518, 'Viktorova', 'Videlina', 90, 1991, 62.60, 'BW', 'Weiblich', 1, '', 'Aktive', '-63', 0),
(519, 'Thiemann', 'Kerstin', 91, 1995, 71.70, 'BW', 'Weiblich', 1, '', 'Aktive', '-75', 0),
(520, 'Ammer', 'Anja', 93, 1984, 90.00, 'BW', 'Weiblich', 1, '', 'Aktive', '-90', 0),
(521, 'Dosdall', 'Fiona', 93, 1995, 78.40, 'BW', 'Weiblich', 1, '', 'Aktive', '-90', 0),
(522, 'Lee', 'Betty', 93, 1987, 55.30, 'BW', 'Weiblich', 1, '', 'Aktive', '-58', 0),
(523, 'Räuchle', 'Ramon', 94, 1997, 85.00, 'BW', 'Männlich', 1, '', 'Junioren', '-85', 0),
(524, 'Oreja', 'Ricarda Judith', 92, 1995, 66.00, 'NW', 'Weiblich', 1, '', 'Aktive', '-69', 0),
(525, 'Wutzler', 'Theresa', 92, 1991, 73.50, 'NW', 'Weiblich', 1, '', 'Aktive', '-75', 0),
(526, 'Bektic', 'Katarina', 39, 1992, 55.40, 'BW', 'Weiblich', 1, '', 'Aktive', '-58', 0),
(527, 'Jaeger', 'Jessica', 77, 1981, 61.80, 'SL', 'Weiblich', 1, '', 'Aktive', '-63', 0),
(528, 'Scheuer ', 'Tina', 53, 1979, 94.70, 'HE', 'Weiblich', 1, '', 'Aktive', '+90', 0),
(529, 'Arian', 'Assal', 45, 1990, 55.90, 'HE', 'Weiblich', 1, '', 'Aktive', '-58', 0),
(530, 'Schroll', 'Jacqueline', 47, 1997, 63.00, 'BY', 'Weiblich', 1, '', 'Junioren', '-63', 0),
(531, 'Florian', 'Max', 7, 2001, 84.30, 'TH', 'Männlich', 1, '', 'Junioren', '-85', 0),
(532, 'Opper', 'Julia', 70, 1993, 63.00, 'HE', 'Weiblich', 1, '', 'Aktive', '-63', 0),
(533, 'Gutu', 'Roberto', 29, 2000, 71.50, 'ST', 'Männlich', 1, '', 'Junioren', '-77', 0),
(534, 'Roßberg', 'Arthur', 29, 2000, 50.90, 'ST', 'Männlich', 1, '', 'Junioren', '-56', 0),
(535, 'Scholz', 'Paula', 29, 1996, 68.70, 'ST', 'Weiblich', 1, '', 'Aktive', '-69', 0),
(536, 'Adler', 'Martin', 36, 1999, 82.00, 'BB', 'Männlich', 1, 'Auswahl', 'Junioren', '-85', 0),
(537, 'Blechschmidt', 'Jens', 36, 1998, 76.50, 'BB', 'Männlich', 1, '', 'Junioren', '-77', 0),
(538, 'Fischer', 'Ken', 36, 1997, 83.70, 'BB', 'Männlich', 1, '', 'Junioren', '-85', 0),
(539, 'Kabs', 'Laura-Sophie', 36, 1998, 61.00, 'BB', 'Weiblich', 1, '', 'Junioren', '-63', 0),
(540, 'Kluth', 'Tizian', 36, 1997, 83.70, 'BB', 'Männlich', 1, '', 'Junioren', '-85', 0),
(541, 'Mau', 'John Luke', 36, 1998, 64.40, 'BB', 'Männlich', 1, '', 'Junioren', '-69', 0),
(542, 'Hartenberger', 'Florian', 35, 1999, 81.90, 'SN', 'Männlich', 1, '', 'Junioren', '-85', 0),
(543, 'Kunschke', 'Justin', 89, 2000, 67.20, 'BB', 'Männlich', 1, '', 'Junioren', '-69', 0),
(544, 'Baumann', 'Anastasia', 96, 1991, 51.60, 'NW', 'Weiblich', 1, '', 'Aktive', '-53', 0),
(545, 'Nezha', 'Agim', 96, 1998, 84.40, 'NW', 'Männlich', 1, '', 'Junioren', '-85', 0),
(546, 'Offer', 'Nicole', 96, 1990, 57.10, 'NW', 'Weiblich', 1, '', 'Aktive', '-58', 0),
(547, 'Wonisch', 'Nico', 97, 1999, 60.40, 'BW', 'Männlich', 1, '', 'Junioren', '-62', 0),
(548, 'Prochorow', 'Alexej', 95, 1990, 134.50, 'HE', 'Männlich', 1, '', 'Aktive', '+105', 0);

-- --------------------------------------------------------

--
-- Tabellenstruktur für Tabelle `heber_3`
--

CREATE TABLE `heber_3` (
  `IdHeber` int(11) NOT NULL,
  `Auswahl` tinytext,
  `Ausserkonkurrenz` tinytext,
  `Gruppe` int(11) DEFAULT NULL,
  `Gruppe_Aus` int(11) DEFAULT NULL,
  `LosNr` int(11) DEFAULT NULL,
  `Pokal` int(11) DEFAULT NULL,
  `ZKLast` int(11) DEFAULT NULL,
  `AlKlMain` tinytext,
  `GesGrp` int(11) DEFAULT NULL,
  `Mannschaft_Auswahl` int(11) DEFAULT NULL,
  `Norm_Heber` int(11) DEFAULT NULL,
  `Nach_Meldung` int(11) DEFAULT NULL
) ENGINE=InnoDB DEFAULT CHARSET=latin1;

--
-- Daten für Tabelle `heber_3`
--

INSERT INTO `heber_3` (`IdHeber`, `Auswahl`, `Ausserkonkurrenz`, `Gruppe`, `Gruppe_Aus`, `LosNr`, `Pokal`, `ZKLast`, `AlKlMain`, `GesGrp`, `Mannschaft_Auswahl`, `Norm_Heber`, `Nach_Meldung`) VALUES
(354, NULL, NULL, 8, NULL, 7, NULL, 0, '', 0, 0, 1, 0),
(355, NULL, NULL, 11, NULL, 155, NULL, 0, '', 0, 0, 1, 0),
(356, NULL, NULL, 6, NULL, 93, NULL, 0, '', 0, 0, 1, 0),
(358, NULL, NULL, 6, NULL, 65, NULL, 0, '', 0, 0, 1, 0),
(359, NULL, NULL, 1, NULL, 108, NULL, 0, '', 0, 0, 1, 0),
(360, NULL, NULL, 8, NULL, 157, NULL, 0, '', 0, 0, 1, 0),
(361, NULL, NULL, 6, NULL, 176, NULL, 0, '', 0, 0, 1, 0),
(362, NULL, NULL, 9, NULL, 64, NULL, 0, '', 0, 0, 1, 0),
(363, NULL, NULL, 8, NULL, 130, NULL, 0, '', 0, 0, 1, 0),
(364, NULL, NULL, 11, NULL, 94, NULL, 0, '', 0, 0, 1, 0),
(365, NULL, NULL, 9, NULL, 21, NULL, 0, '', 0, 0, 1, 0),
(366, NULL, NULL, 8, NULL, 166, NULL, 0, '', 0, 0, 1, 0),
(367, NULL, NULL, 6, NULL, 53, NULL, 0, '', 0, 0, 1, 0),
(368, NULL, NULL, 5, NULL, 170, NULL, 0, '', 0, 0, 1, 0),
(369, NULL, NULL, 4, NULL, 167, NULL, 0, '', 0, 0, 1, 0),
(370, NULL, NULL, 1, NULL, 114, NULL, 0, '', 0, 0, 1, 0),
(371, NULL, NULL, 5, NULL, 32, NULL, 0, '', 0, 0, 1, 0),
(372, NULL, NULL, 5, NULL, 67, NULL, 0, '', 0, 0, 1, 0),
(373, NULL, NULL, 1, NULL, 123, NULL, 0, '', 0, 0, 1, 0),
(374, NULL, NULL, 4, NULL, 69, NULL, 0, '', 0, 0, 1, 0),
(375, NULL, NULL, 1, NULL, 13, NULL, 0, '', 0, 0, 1, 0),
(376, NULL, NULL, 12, NULL, 129, NULL, 0, '', 0, 0, 1, 0),
(377, NULL, NULL, 6, NULL, 98, NULL, 0, '', 0, 0, 1, 0),
(378, NULL, NULL, 6, NULL, 56, NULL, 0, '', 0, 0, 1, 0),
(379, NULL, NULL, 6, NULL, 46, NULL, 0, '', 0, 0, 1, 0),
(380, NULL, NULL, 10, NULL, 89, NULL, 0, '', 0, 0, 1, 0),
(381, NULL, NULL, 5, NULL, 85, NULL, 0, '', 0, 0, 1, 0),
(382, NULL, NULL, 6, NULL, 5, NULL, 0, '', 0, 0, 0, 0),
(383, NULL, NULL, 6, NULL, 140, NULL, 0, '', 0, 0, 1, 0),
(384, NULL, NULL, 4, NULL, 148, NULL, 0, '', 0, 0, 1, 0),
(385, NULL, NULL, 8, NULL, 107, NULL, 0, '', 0, 0, 1, 0),
(386, NULL, NULL, 9, NULL, 177, NULL, 0, '', 0, 0, 0, 0),
(387, NULL, NULL, 1, NULL, 83, NULL, 0, '', 0, 0, 1, 0),
(390, NULL, NULL, 5, NULL, 112, NULL, 0, '', 0, 0, 1, 0),
(392, NULL, NULL, 9, NULL, 187, NULL, 0, '', 0, 0, 1, 0),
(393, NULL, NULL, 10, NULL, 6, NULL, 0, '', 0, 0, 0, 0),
(394, NULL, NULL, 9, NULL, 72, NULL, 0, '', 0, 0, 1, 0),
(395, NULL, NULL, 9, NULL, 91, NULL, 0, '', 0, 0, 0, 0),
(396, NULL, NULL, 8, NULL, 41, NULL, 0, '', 0, 0, 0, 0),
(397, NULL, NULL, 8, NULL, 125, NULL, 0, '', 0, 0, 1, 0),
(400, NULL, NULL, 10, NULL, 97, NULL, 0, '', 0, 0, 1, 0),
(401, NULL, NULL, 5, NULL, 191, NULL, NULL, NULL, NULL, NULL, NULL, NULL),
(402, NULL, NULL, 4, NULL, 71, NULL, 0, '', 0, 0, 1, 0),
(403, NULL, NULL, 10, NULL, 137, NULL, 0, '', 0, 0, 1, 0),
(404, NULL, NULL, 9, NULL, 51, NULL, 0, '', 0, 0, 0, 0),
(405, NULL, NULL, 2, NULL, 86, NULL, 0, '', 0, 0, 1, 0),
(406, NULL, NULL, 7, NULL, 92, NULL, 0, '', 0, 0, 1, 0),
(408, NULL, NULL, 4, NULL, 96, NULL, 0, '', 0, 0, 1, 0),
(409, NULL, NULL, 9, NULL, 68, NULL, 0, '', 0, 0, 1, 0),
(410, NULL, NULL, 6, NULL, 169, NULL, 0, '', 0, 0, 1, 0),
(411, NULL, NULL, 5, NULL, 111, NULL, 0, '', 0, 0, 1, 0),
(412, NULL, NULL, 9, NULL, 181, NULL, 0, '', 0, 0, 0, 0),
(413, NULL, NULL, 8, NULL, 62, NULL, 0, '', 0, 0, 1, 0),
(414, NULL, NULL, 10, NULL, 24, NULL, 0, '', 0, 0, 1, 0),
(415, NULL, NULL, 12, NULL, 61, NULL, 0, '', 0, 0, 1, 0),
(416, NULL, NULL, 1, NULL, 126, NULL, 0, '', 0, 0, 1, 0),
(417, NULL, NULL, 11, NULL, 14, NULL, 0, '', 0, 0, 1, 0),
(418, NULL, NULL, 8, NULL, 8, NULL, 0, '', 0, 0, 1, 0),
(419, NULL, NULL, 12, NULL, 4, NULL, 0, '', 0, 0, 1, 0),
(421, NULL, NULL, 8, NULL, 179, NULL, 0, '', 0, 0, 1, 0),
(422, NULL, NULL, 1, NULL, 162, NULL, 0, '', 0, 0, 1, 0),
(423, NULL, NULL, 10, NULL, 183, NULL, 0, '', 0, 0, 1, 0),
(424, NULL, NULL, 3, NULL, 76, NULL, 0, '', 0, 0, 1, 0),
(425, NULL, NULL, 6, NULL, 88, NULL, 0, '', 0, 0, 1, 0),
(426, NULL, NULL, 6, NULL, 171, NULL, 0, '', 0, 0, 1, 0),
(427, NULL, NULL, 10, NULL, 66, NULL, 0, '', 0, 0, 1, 0),
(428, NULL, NULL, 3, NULL, 39, NULL, 0, '', 0, 0, 0, 0),
(429, NULL, NULL, 7, NULL, 134, NULL, 0, '', 0, 0, 1, 0),
(430, NULL, NULL, 10, NULL, 184, NULL, 0, '', 0, 0, 1, 0),
(431, NULL, NULL, 7, NULL, 10, NULL, 0, '', 0, 0, 1, 0),
(432, NULL, NULL, NULL, NULL, 30, NULL, NULL, NULL, NULL, NULL, NULL, NULL),
(436, NULL, NULL, 4, NULL, 45, NULL, 0, '', 0, 0, 1, 0),
(437, NULL, NULL, 6, NULL, 192, NULL, NULL, NULL, NULL, NULL, 1, NULL),
(438, NULL, NULL, 8, NULL, 34, NULL, 0, '', 0, 0, 1, 0),
(439, NULL, NULL, 12, NULL, 23, NULL, 0, '', 0, 0, 0, 0),
(441, NULL, NULL, 7, NULL, 154, NULL, 0, '', 0, 0, 1, 0),
(442, NULL, NULL, 10, NULL, 1, NULL, 0, '', 0, 0, 1, 0),
(443, NULL, NULL, 1, NULL, 159, NULL, 0, '', 0, 0, 1, 0),
(444, NULL, NULL, 4, NULL, 104, NULL, 0, '', 0, 0, 0, 0),
(445, NULL, NULL, 4, NULL, 11, NULL, 0, '', 0, 0, 1, 0),
(447, NULL, NULL, 4, NULL, 105, NULL, 0, '', 0, 0, 1, 0),
(448, NULL, NULL, 10, NULL, 150, NULL, 0, '', 0, 0, 1, 0),
(449, NULL, NULL, 1, NULL, 132, NULL, 0, '', 0, 0, 1, 0),
(450, NULL, NULL, 3, NULL, 60, NULL, 0, '', 0, 1, 1, 0),
(451, NULL, NULL, 5, NULL, 2, NULL, 0, '', 0, 1, 1, 0),
(452, NULL, NULL, 8, NULL, 16, NULL, 0, '', 0, 0, 1, 0),
(453, NULL, NULL, 2, NULL, 143, NULL, 0, '', 0, 1, 0, 0),
(454, NULL, NULL, 8, NULL, 75, NULL, 0, '', 0, 1, 1, 0),
(455, NULL, NULL, 2, NULL, 131, NULL, 0, '', 0, 1, 0, 0),
(456, NULL, NULL, 9, NULL, 20, NULL, 0, '', 0, 0, 1, 0),
(457, NULL, NULL, 9, NULL, 9, NULL, 0, '', 0, 0, 1, 0),
(458, NULL, NULL, 3, NULL, 80, NULL, 0, '', 0, 0, 1, 0),
(459, NULL, NULL, 6, NULL, 42, NULL, 0, '', 0, 0, 1, 0),
(461, NULL, NULL, 1, NULL, 160, NULL, 0, '', 0, 0, 1, 0),
(462, NULL, NULL, 11, NULL, 74, NULL, 0, '', 0, 0, 1, 0),
(463, NULL, NULL, 11, NULL, 25, NULL, 0, '', 0, 0, 1, 0),
(464, NULL, NULL, 12, NULL, 19, NULL, 0, '', 0, 0, 0, 0),
(465, NULL, NULL, 7, NULL, 79, NULL, 0, '', 0, 0, 1, 0),
(466, NULL, NULL, 9, NULL, 106, NULL, 0, '', 0, 0, 1, 0),
(467, NULL, NULL, 12, NULL, 146, NULL, 0, '', 0, 0, 1, 0),
(468, NULL, NULL, 11, NULL, 120, NULL, 0, '', 0, 0, 1, 0),
(469, NULL, NULL, 5, NULL, 84, NULL, 0, '', 0, 0, 1, 0),
(470, NULL, NULL, 9, NULL, 57, NULL, 0, '', 0, 0, 1, 0),
(471, NULL, NULL, 1, NULL, 141, NULL, 0, '', 0, 0, 1, 0),
(472, NULL, NULL, 2, NULL, 158, NULL, 0, '', 0, 0, 1, 0),
(474, NULL, NULL, 12, NULL, 168, NULL, 0, '', 0, 0, 0, 0),
(475, NULL, NULL, 6, NULL, 81, NULL, 0, '', 0, 0, 1, 0),
(477, NULL, NULL, 3, NULL, 127, NULL, 0, '', 0, 0, 0, 0),
(478, NULL, NULL, 12, NULL, 161, NULL, 0, '', 0, 0, 1, 0),
(479, NULL, NULL, 2, NULL, 44, NULL, 0, '', 0, 0, 1, 0),
(480, NULL, NULL, 6, NULL, 87, NULL, 0, '', 0, 0, 1, 0),
(481, NULL, NULL, 6, NULL, 144, NULL, 0, '', 0, 1, 1, 0),
(484, NULL, NULL, 2, NULL, 73, NULL, 0, '', 0, 1, 1, 0),
(485, NULL, NULL, 5, NULL, 133, NULL, 0, '', 0, 1, 1, 0),
(486, NULL, NULL, 9, NULL, 22, NULL, 0, '', 0, 1, 1, 0),
(488, NULL, NULL, 1, NULL, 18, NULL, 0, '', 0, 1, 1, 0),
(490, NULL, NULL, 10, NULL, 55, NULL, 0, '', 0, 0, 1, 0),
(491, NULL, NULL, 6, NULL, 101, NULL, 0, '', 0, 0, 1, 0),
(492, NULL, NULL, 8, NULL, 36, NULL, 0, '', 0, 0, 1, 0),
(493, NULL, NULL, 12, NULL, 43, NULL, 0, '', 0, 0, 1, 0),
(494, NULL, NULL, 8, NULL, 185, NULL, 0, '', 0, 0, 1, 0),
(495, NULL, NULL, 12, NULL, 118, NULL, 0, '', 0, 0, 1, 0),
(496, NULL, NULL, 9, NULL, 15, NULL, 0, '', 0, 0, 1, 0),
(497, NULL, NULL, 3, NULL, 164, NULL, 0, '', 0, 0, 1, 0),
(498, NULL, NULL, 5, NULL, 37, NULL, 0, '', 0, 0, 1, 0),
(499, NULL, NULL, 6, NULL, 49, NULL, 0, '', 0, 0, 1, 0),
(500, NULL, NULL, 7, NULL, 151, NULL, 0, '', 0, 0, 1, 0),
(501, NULL, NULL, 5, NULL, 182, NULL, 0, '', 0, 0, 1, 0),
(502, NULL, NULL, 4, NULL, 152, NULL, 0, '', 0, 0, 1, 0),
(503, NULL, NULL, 1, NULL, 175, NULL, 0, '', 0, 0, 1, 0),
(504, NULL, NULL, 9, NULL, 3, NULL, 0, '', 0, 0, 1, 0),
(505, NULL, NULL, 8, NULL, 115, NULL, 0, '', 0, 0, 1, 0),
(506, NULL, NULL, 3, NULL, 138, NULL, 0, '', 0, 0, 1, 0),
(507, NULL, NULL, 3, NULL, 77, NULL, 0, '', 0, 0, 1, 0),
(508, NULL, NULL, 10, NULL, 124, NULL, 0, '', 0, 0, 1, 0),
(509, NULL, NULL, 7, NULL, 63, NULL, 0, '', 0, 0, 1, 0),
(510, NULL, NULL, 4, NULL, 109, NULL, 0, '', 0, 0, 1, 0),
(511, NULL, NULL, 5, NULL, 188, NULL, 0, '', 0, 0, 1, 0),
(512, NULL, NULL, 8, NULL, 100, NULL, 0, '', 0, 1, 1, 0),
(513, NULL, NULL, 2, NULL, 163, NULL, 0, '', 0, 1, 0, 0),
(514, NULL, NULL, 5, NULL, 113, NULL, 0, '', 0, 0, 1, 0),
(515, NULL, NULL, 10, NULL, 180, NULL, 0, '', 0, 0, 1, 0),
(516, NULL, NULL, 4, NULL, 139, NULL, 0, '', 0, 0, 1, 0),
(517, NULL, NULL, 5, NULL, 59, NULL, 0, '', 0, 0, 1, 0),
(518, NULL, NULL, 5, NULL, 174, NULL, 0, '', 0, 0, 1, 0),
(519, NULL, NULL, 7, NULL, 128, NULL, 0, '', 0, 0, 1, 0),
(521, NULL, NULL, 11, NULL, 17, NULL, 0, '', 0, 0, 1, 0),
(522, NULL, NULL, 4, NULL, 54, NULL, 0, '', 0, 0, 1, 0),
(524, NULL, NULL, 6, NULL, 142, NULL, 0, '', 0, 0, 1, 0),
(525, NULL, NULL, 7, NULL, 147, NULL, 0, '', 0, 0, 1, 0),
(526, NULL, NULL, 4, NULL, 117, NULL, 0, '', 0, 0, 1, 0),
(527, NULL, NULL, 5, NULL, 156, NULL, 0, '', 0, 0, 1, 0),
(528, NULL, NULL, 11, NULL, 110, NULL, 0, '', 0, 0, 1, 0),
(529, NULL, NULL, 4, NULL, 102, NULL, 0, '', 0, 0, 1, 0),
(531, NULL, NULL, 9, NULL, 122, NULL, 0, '', 0, 0, 1, 0),
(533, NULL, NULL, 8, NULL, 103, NULL, 0, '', 0, 0, 1, 0),
(534, NULL, NULL, 2, NULL, 116, NULL, 0, '', 0, 0, 1, 0),
(535, NULL, NULL, 6, NULL, 119, NULL, 0, '', 0, 0, 1, 0),
(536, NULL, NULL, 9, NULL, 136, NULL, 0, '', 0, 1, 1, 0),
(537, NULL, NULL, 8, NULL, 47, NULL, 0, '', 0, 0, 1, 0),
(538, NULL, NULL, 9, NULL, 178, NULL, 0, '', 0, 1, 1, 0),
(539, NULL, NULL, 5, NULL, 27, NULL, 0, '', 0, 1, 1, 0),
(540, NULL, NULL, 9, NULL, 38, NULL, 0, '', 0, 0, 1, 0),
(541, NULL, NULL, 3, NULL, 29, NULL, 0, '', 0, 1, 1, 0),
(542, NULL, NULL, 9, NULL, 50, NULL, 0, '', 0, 0, 1, 0),
(543, NULL, NULL, 3, NULL, 12, NULL, 0, '', 0, 0, 0, 0),
(544, NULL, NULL, 1, NULL, 99, NULL, 0, '', 0, 0, 1, 0),
(545, NULL, NULL, 9, NULL, 173, NULL, 0, '', 0, 0, 0, 0),
(546, NULL, NULL, 4, NULL, 121, NULL, 0, '', 0, 0, 1, 0),
(547, NULL, NULL, 2, NULL, 189, NULL, NULL, NULL, NULL, NULL, NULL, NULL),
(548, NULL, NULL, 12, NULL, 190, NULL, NULL, NULL, NULL, NULL, 1, NULL);

-- --------------------------------------------------------

--
-- Tabellenstruktur für Tabelle `heber_4`
--

CREATE TABLE `heber_4` (
  `IdHeber` int(11) DEFAULT NULL,
  `Auswahl` tinytext,
  `Ausserkonkurrenz` tinytext,
  `Gruppe` int(11) DEFAULT NULL,
  `Gruppe_Aus` int(11) DEFAULT NULL,
  `LosNr` int(11) DEFAULT NULL,
  `Pokal` int(11) DEFAULT NULL,
  `ZKLast` int(11) DEFAULT NULL,
  `AlKlMain` tinytext,
  `GesGrp` int(11) DEFAULT NULL,
  `Mannschaft_Auswahl` int(11) DEFAULT NULL,
  `Norm_Heber` int(11) DEFAULT NULL,
  `Nach_Meldung` int(11) DEFAULT NULL
) ENGINE=InnoDB DEFAULT CHARSET=latin1;

--
-- Daten für Tabelle `heber_4`
--

INSERT INTO `heber_4` (`IdHeber`, `Auswahl`, `Ausserkonkurrenz`, `Gruppe`, `Gruppe_Aus`, `LosNr`, `Pokal`, `ZKLast`, `AlKlMain`, `GesGrp`, `Mannschaft_Auswahl`, `Norm_Heber`, `Nach_Meldung`) VALUES
(536, NULL, NULL, 1, NULL, 1, NULL, 0, '', 0, 0, 1, 0),
(479, NULL, NULL, 1, NULL, 2, NULL, 0, '', 0, 0, 1, 0);

-- --------------------------------------------------------

--
-- Tabellenstruktur für Tabelle `heber_6`
--

CREATE TABLE `heber_6` (
  `IdHeber` int(11) DEFAULT NULL,
  `Auswahl` tinytext,
  `Ausserkonkurrenz` tinytext,
  `Gruppe` int(11) DEFAULT NULL,
  `LosNr` int(11) DEFAULT NULL,
  `R_uo_S` int(11) DEFAULT NULL
) ENGINE=InnoDB DEFAULT CHARSET=latin1;

--
-- Daten für Tabelle `heber_6`
--

INSERT INTO `heber_6` (`IdHeber`, `Auswahl`, `Ausserkonkurrenz`, `Gruppe`, `LosNr`, `R_uo_S`) VALUES
(342, NULL, NULL, 1, 7, 0),
(341, NULL, NULL, 1, 4, 0),
(340, NULL, NULL, 1, 5, 0),
(343, NULL, NULL, 2, 2, 0),
(344, NULL, NULL, 2, 9, 0),
(346, NULL, NULL, 2, 10, 0),
(186, NULL, NULL, 1, 12, 0),
(125, NULL, NULL, 1, 1, 0),
(231, NULL, NULL, 1, 3, 0),
(230, NULL, NULL, 2, 11, 0),
(209, NULL, NULL, 2, 6, 0),
(409, NULL, NULL, 2, 8, 0);

-- --------------------------------------------------------

--
-- Tabellenstruktur für Tabelle `heber_7`
--

CREATE TABLE `heber_7` (
  `IdHeber` int(11) DEFAULT NULL,
  `Auswahl` tinytext,
  `Ausserkonkurrenz` tinytext,
  `Gruppe` int(11) DEFAULT NULL,
  `Gruppe_Aus` int(11) DEFAULT NULL,
  `LosNr` int(11) DEFAULT NULL,
  `Pendellauf` float(11,1) DEFAULT NULL,
  `Pendel2` float(11,1) DEFAULT NULL,
  `Sprint` float(11,1) DEFAULT NULL,
  `Sprint2` float(11,1) DEFAULT NULL,
  `Differenzsprung` float(11,2) DEFAULT NULL,
  `Differenzsprung2` float(11,2) DEFAULT NULL,
  `Schlussdreisprung` int(11) DEFAULT NULL,
  `Schlussdreisprung2` int(11) DEFAULT NULL,
  `Schlussdreisprung3` int(11) DEFAULT NULL,
  `Schockwurf` int(11) DEFAULT NULL,
  `Schockwurf2` int(11) DEFAULT NULL,
  `Schockwurf3` int(11) DEFAULT NULL,
  `Anristen` int(11) DEFAULT NULL,
  `Klimmziehen` int(11) DEFAULT NULL,
  `Zug` int(11) DEFAULT NULL,
  `Bankdruecken` int(11) DEFAULT NULL,
  `Liegestuetz` int(11) DEFAULT NULL,
  `Beugestuetz` int(11) DEFAULT NULL,
  `Sternlauf` int(11) DEFAULT NULL,
  `Stern2` int(11) DEFAULT NULL,
  `Pokal` int(11) DEFAULT NULL,
  `ZKLast` int(11) DEFAULT NULL,
  `GesGrp` int(11) DEFAULT NULL,
  `Mannschaft_Auswahl` int(11) DEFAULT NULL,
  `Nach_Meldung` int(11) DEFAULT NULL
) ENGINE=InnoDB DEFAULT CHARSET=latin1;

--
-- Daten für Tabelle `heber_7`
--

INSERT INTO `heber_7` (`IdHeber`, `Auswahl`, `Ausserkonkurrenz`, `Gruppe`, `Gruppe_Aus`, `LosNr`, `Pendellauf`, `Pendel2`, `Sprint`, `Sprint2`, `Differenzsprung`, `Differenzsprung2`, `Schlussdreisprung`, `Schlussdreisprung2`, `Schlussdreisprung3`, `Schockwurf`, `Schockwurf2`, `Schockwurf3`, `Anristen`, `Klimmziehen`, `Zug`, `Bankdruecken`, `Liegestuetz`, `Beugestuetz`, `Sternlauf`, `Stern2`, `Pokal`, `ZKLast`, `GesGrp`, `Mannschaft_Auswahl`, `Nach_Meldung`) VALUES
(536, NULL, NULL, 1, 2, 2, 10.0, NULL, 0.0, NULL, 0.00, NULL, 0, NULL, NULL, 350, 0, 0, 0, 0, 0, 0, 0, 0, 0, NULL, NULL, NULL, NULL, NULL, NULL),
(479, NULL, NULL, 1, 1, 1, 13.0, NULL, 0.0, NULL, 0.00, NULL, 0, NULL, NULL, 150, 0, 0, 0, 0, 0, 0, 0, 0, 0, NULL, NULL, NULL, NULL, NULL, NULL);

-- --------------------------------------------------------

--
-- Tabellenstruktur für Tabelle `heber_wk_3`
--

CREATE TABLE `heber_wk_3` (
  `IdHeber` int(11) NOT NULL,
  `Versuch` int(11) NOT NULL,
  `Reißen` int(11) DEFAULT NULL,
  `Stoßen` int(11) DEFAULT NULL,
  `Div_Wert_R` int(11) DEFAULT NULL,
  `Div_Wert_S` int(11) DEFAULT NULL,
  `Gueltig_Reißen` tinytext,
  `Gueltig_Stoßen` tinytext,
  `Reißen_Verzicht` int(11) DEFAULT NULL,
  `Stoßen_Verzicht` int(11) DEFAULT NULL,
  `time_Reißen` int(11) DEFAULT NULL,
  `time_Stoßen` int(11) DEFAULT NULL,
  `NH_Reißen` int(11) DEFAULT NULL,
  `NH_Stoßen` int(11) DEFAULT NULL,
  `G_Reißen_1` tinytext,
  `G_Stoßen_1` tinytext,
  `G_Reißen_2` tinytext,
  `G_Stoßen_2` tinytext,
  `G_Reißen_3` tinytext,
  `G_Stoßen_3` tinytext,
  `Time_Reißen_1` int(11) DEFAULT NULL,
  `Time_Stoßen_1` int(11) DEFAULT NULL,
  `Time_Reißen_2` int(11) DEFAULT NULL,
  `Time_Stoßen_2` int(11) DEFAULT NULL,
  `Time_Reißen_3` int(11) DEFAULT NULL,
  `Time_Stoßen_3` int(11) DEFAULT NULL
) ENGINE=InnoDB DEFAULT CHARSET=latin1;

--
-- Daten für Tabelle `heber_wk_3`
--

INSERT INTO `heber_wk_3` (`IdHeber`, `Versuch`, `Reißen`, `Stoßen`, `Div_Wert_R`, `Div_Wert_S`, `Gueltig_Reißen`, `Gueltig_Stoßen`, `Reißen_Verzicht`, `Stoßen_Verzicht`, `time_Reißen`, `time_Stoßen`, `NH_Reißen`, `NH_Stoßen`, `G_Reißen_1`, `G_Stoßen_1`, `G_Reißen_2`, `G_Stoßen_2`, `G_Reißen_3`, `G_Stoßen_3`, `Time_Reißen_1`, `Time_Stoßen_1`, `Time_Reißen_2`, `Time_Stoßen_2`, `Time_Reißen_3`, `Time_Stoßen_3`) VALUES
(354, 1, 105, 130, NULL, NULL, 'Ja', 'Nein', NULL, 1, 1509806948, NULL, 1, 1, 'Ja', NULL, 'Ja', NULL, 'Ja', NULL, 1509806948, NULL, 1509806948, NULL, 1509806948, NULL),
(354, 2, 109, 131, 4, 1, 'Nein', 'Nein', NULL, 1, 1509807363, NULL, 1, 1, 'Nein', NULL, 'Nein', NULL, 'Nein', NULL, 1509807363, NULL, 1509807363, NULL, 1509807363, NULL),
(354, 3, 110, 132, 1, 1, 'Nein', 'Nein', NULL, 1, 1509807710, NULL, 1, 1, 'Nein', NULL, 'Nein', NULL, 'Nein', NULL, 1509807710, NULL, 1509807710, NULL, 1509807710, NULL),
(355, 1, 65, 85, NULL, NULL, 'Ja', 'Ja', NULL, NULL, 1509880852, 1509883058, 1, 1, 'Ja', 'Ja', 'Ja', 'Ja', 'Ja', 'Ja', 1509880852, 1509883058, 1509880852, 1509883058, 1509880852, 1509883058),
(355, 2, 70, 90, 5, 5, 'Ja', 'Ja', NULL, NULL, 1509880997, 1509883185, 1, 1, 'Ja', 'Ja', 'Ja', 'Ja', 'Ja', 'Ja', 1509880997, 1509883185, 1509880997, 1509883185, 1509880997, 1509883185),
(355, 3, 75, 95, 5, 5, 'Ja', 'Ja', NULL, NULL, 1509881112, 1509883321, 1, 1, 'Ja', 'Ja', 'Ja', 'Nein', 'Ja', 'Ja', 1509881112, 1509883321, 1509881112, 1509883273, 1509881112, 1509883321),
(356, 1, 50, 60, NULL, NULL, 'Ja', 'Ja', NULL, NULL, 1509790998, 1509794497, 1, 1, 'Ja', 'Ja', 'Ja', 'Ja', 'Ja', 'Ja', 1509790998, 1509794497, 1509790998, 1509794497, 1509790998, 1509794497),
(356, 2, 55, 64, 5, 4, 'Nein', 'Ja', NULL, NULL, 1509791429, 1509794730, 1, 1, 'Nein', 'Ja', 'Ja', 'Ja', 'Nein', 'Ja', 1509791429, 1509794730, 1509791429, 1509794730, 1509791427, 1509794730),
(356, 3, 55, 67, 0, 3, 'Ja', 'Nein', NULL, NULL, 1509791520, 1509795054, 1, 1, 'Ja', 'Nein', 'Ja', 'Nein', 'Ja', 'Nein', 1509791520, 1509795054, 1509791519, 1509795053, 1509791519, 1509795053),
(358, 1, 50, 60, NULL, NULL, 'Ja', 'Ja', NULL, NULL, 1509790955, 1509794441, 1, 1, 'Ja', 'Ja', 'Ja', 'Ja', 'Ja', 'Ja', 1509790955, 1509794441, 1509790955, 1509794441, 1509790955, 1509794441),
(358, 2, 53, 65, 3, 5, 'Ja', 'Nein', NULL, NULL, 1509791275, 1509794808, 1, 1, 'Ja', 'Nein', 'Ja', 'Nein', 'Ja', 'Nein', 1509791275, 1509794808, 1509791274, 1509794807, 1509791274, 1509794807),
(358, 3, 56, 67, 3, 2, 'Nein', 'Ja', NULL, NULL, 1509791659, 1509795112, 1, 1, 'Nein', 'Nein', 'Nein', 'Ja', 'Nein', 'Ja', 1509791659, 1509795112, 1509791659, 1509795113, 1509791659, 1509795111),
(359, 1, 49, 60, NULL, NULL, 'Ja', 'Ja', NULL, NULL, 1509712984, 1509716418, 1, 1, 'Ja', 'Ja', 'Ja', 'Ja', 'Ja', 'Ja', 1509712984, 1509716418, 1509712984, 1509716418, 1509712983, 1509716418),
(359, 2, 53, 65, 4, 5, 'Ja', 'Ja', NULL, NULL, 1509713433, 1509716634, 1, 1, 'Ja', 'Ja', 'Ja', 'Ja', 'Ja', 'Ja', 1509713433, 1509716634, 1509713433, 1509716634, 1509713432, 1509716633),
(359, 3, 56, 69, 3, 4, 'Nein', 'Ja', NULL, NULL, 1509713704, 1509716891, 1, 1, 'Nein', 'Ja', 'Nein', 'Ja', 'Nein', 'Ja', 1509713704, 1509716891, 1509713704, 1509716891, 1509713703, 1509716890),
(360, 1, 111, 133, NULL, NULL, 'Ja', 'Ja', NULL, NULL, 1509807789, 1509812056, 1, 1, 'Ja', 'Ja', 'Ja', 'Ja', 'Ja', 'Ja', 1509807789, 1509812056, 1509807789, 1509812056, 1509807789, 1509812057),
(360, 2, 115, 138, 4, 5, 'Nein', 'Ja', NULL, NULL, 1509808142, 1509812617, 1, 1, 'Nein', 'Ja', 'Nein', 'Ja', 'Nein', 'Ja', 1509808142, 1509812617, 1509808142, 1509812617, 1509808142, 1509812617),
(360, 3, 115, 142, 0, 4, 'Nein', 'Ja', NULL, NULL, 1509808253, 1509813049, 1, 1, 'Nein', 'Ja', 'Nein', 'Ja', 'Nein', 'Ja', 1509808253, 1509813049, 1509808253, 1509813049, 1509808253, 1509813050),
(361, 1, 60, 78, NULL, NULL, 'Ja', 'Ja', NULL, NULL, 1509792082, 1509796440, 1, 1, 'Ja', 'Ja', 'Ja', 'Ja', 'Ja', 'Ja', 1509792082, 1509796440, 1509792082, 1509796440, 1509792082, 1509796440),
(361, 2, 64, 80, 4, 2, 'Nein', 'Ja', NULL, NULL, 1509792654, 1509796761, 1, 1, 'Nein', 'Ja', 'Nein', 'Ja', 'Nein', 'Ja', 1509792654, 1509796761, 1509792654, 1509796761, 1509792654, 1509796761),
(361, 3, 64, 89, 0, 9, 'Nein', 'Nein', NULL, NULL, 1509792782, 1509797840, 1, 1, 'Nein', 'Nein', 'Nein', 'Nein', 'Nein', 'Nein', 1509792782, 1509797840, 1509792783, 1509797840, 1509792782, 1509797840),
(362, 1, 108, 140, NULL, NULL, 'Ja', 'Ja', NULL, NULL, 1509817617, 1509823027, 1, 1, 'Ja', 'Ja', 'Ja', 'Ja', 'Ja', 'Ja', 1509817617, 1509823027, 1509817617, 1509823028, 1509817617, 1509823027),
(362, 2, 113, 145, 5, 5, 'Ja', 'Nein', NULL, NULL, 1509818208, 1509824142, 1, 1, 'Ja', 'Nein', 'Ja', 'Nein', 'Ja', 'Nein', 1509818208, 1509824142, 1509818208, 1509824143, 1509818208, 1509824144),
(362, 3, 116, 145, 3, 0, 'Ja', 'Ja', NULL, NULL, 1509818721, 1509824233, 1, 1, 'Ja', 'Ja', 'Nein', 'Ja', 'Ja', 'Ja', 1509818721, 1509824233, 1509818721, 1509824233, 1509818721, 1509824233),
(363, 1, 105, 132, NULL, NULL, 'Ja', 'Ja', NULL, NULL, 1509807000, 1509811754, 1, 1, 'Ja', 'Ja', 'Ja', 'Ja', 'Ja', 'Ja', 1509807000, 1509811754, 1509807000, 1509811754, 1509807000, 1509811755),
(363, 2, 110, 137, 5, 5, 'Ja', 'Nein', NULL, NULL, 1509807602, 1509812322, 1, 1, 'Ja', 'Nein', 'Ja', 'Nein', 'Ja', 'Nein', 1509807602, 1509812322, 1509807602, 1509812322, 1509807602, 1509812322),
(363, 3, 115, 137, 5, 0, 'Nein', 'Nein', NULL, NULL, 1509808196, 1509812463, 1, 1, 'Nein', 'Nein', 'Nein', 'Nein', 'Nein', 'Nein', 1509808196, 1509812463, 1509808196, 1509812463, 1509808195, 1509812462),
(364, 1, 95, 113, NULL, NULL, 'Ja', 'Ja', NULL, NULL, 1509881683, 1509883875, 1, 1, 'Ja', 'Ja', 'Ja', 'Ja', 'Ja', 'Ja', 1509881683, 1509883875, 1509881683, 1509883874, 1509881683, 1509883874),
(364, 2, 98, 117, 3, 4, 'Ja', 'Nein', NULL, NULL, 1509881854, 1509884031, 1, 1, 'Ja', 'Nein', 'Ja', 'Nein', 'Ja', 'Nein', 1509881854, 1509884031, 1509881854, 1509884031, 1509881854, 1509884031),
(364, 3, 100, 117, 2, 0, 'Ja', 'Nein', NULL, NULL, 1509882014, 1509884162, 1, 1, 'Ja', 'Nein', 'Ja', 'Nein', 'Ja', 'Nein', 1509882014, 1509884162, 1509882014, 1509884162, 1509882013, 1509884163),
(365, 1, 95, 95, NULL, NULL, 'Ja', 'Ja', NULL, NULL, 1509816258, 1509821168, 1, 1, 'Ja', 'Ja', 'Ja', 'Ja', 'Ja', 'Ja', 1509816258, 1509821168, 1509816258, 1509821168, 1509816258, 1509821168),
(365, 2, 102, 96, 7, 1, 'Nein', 'Nein', NULL, 1, 1509817108, NULL, 1, 1, 'Nein', NULL, 'Nein', NULL, 'Nein', NULL, 1509817108, NULL, 1509817108, NULL, 1509817108, NULL),
(365, 3, 102, 97, 0, 1, 'Nein', 'Nein', NULL, 1, 1509817219, NULL, 1, 1, 'Nein', NULL, 'Nein', NULL, 'Nein', NULL, 1509817219, NULL, 1509817220, NULL, 1509817219, NULL),
(366, 1, 80, 100, NULL, NULL, 'Ja', 'Nein', NULL, 1, 1509805284, NULL, 1, 1, 'Ja', NULL, 'Ja', NULL, 'Ja', NULL, 1509805284, NULL, 1509805283, NULL, 1509805284, NULL),
(366, 2, 86, 101, 6, 1, 'Ja', 'Nein', NULL, 1, 1509805429, NULL, 1, 1, 'Ja', NULL, 'Ja', NULL, 'Ja', NULL, 1509805429, NULL, 1509805429, NULL, 1509805429, NULL),
(366, 3, 92, 102, 6, 1, 'Nein', 'Nein', NULL, 1, 1509805917, NULL, 1, 1, 'Nein', NULL, 'Nein', NULL, 'Nein', NULL, 1509805917, NULL, 1509805917, NULL, 1509805917, NULL),
(367, 1, 57, 75, NULL, NULL, 'Ja', 'Nein', NULL, NULL, 1509791717, 1509795918, 1, 1, 'Ja', 'Nein', 'Ja', 'Nein', 'Ja', 'Ja', 1509791717, 1509795918, 1509791717, 1509795920, 1509791716, 1509795920),
(367, 2, 60, 75, 3, 0, 'Nein', 'Nein', NULL, NULL, 1509792125, 1509796048, 1, 1, 'Nein', 'Nein', 'Nein', 'Nein', 'Nein', 'Nein', 1509792125, 1509796048, 1509792125, 1509796048, 1509792124, 1509796048),
(367, 3, 62, 75, 2, 0, 'Nein', 'Nein', NULL, NULL, 1509792389, 1509796142, 1, 1, 'Nein', 'Nein', 'Nein', 'Nein', 'Nein', 'Nein', 1509792389, 1509796142, 1509792389, 1509796142, 1509792389, 1509796143),
(368, 1, 57, 77, NULL, NULL, 'Ja', 'Nein', NULL, NULL, 1509741185, 1509746021, 1, 1, 'Ja', 'Nein', 'Ja', 'Nein', 'Ja', 'Ja', 1509741185, 1509746021, 1509741185, 1509746020, 1509741185, 1509746021),
(368, 2, 60, 77, 3, 0, 'Ja', 'Ja', NULL, NULL, 1509741636, 1509746132, 1, 1, 'Ja', 'Ja', 'Ja', 'Ja', 'Ja', 'Ja', 1509741636, 1509746132, 1509741636, 1509746132, 1509741636, 1509746133),
(368, 3, 63, 80, 3, 3, 'Ja', 'Ja', NULL, NULL, 1509742061, 1509746552, 1, 1, 'Ja', 'Ja', 'Ja', 'Ja', 'Ja', 'Ja', 1509742061, 1509746552, 1509742061, 1509746552, 1509742061, 1509746552),
(369, 1, 44, 55, NULL, NULL, 'Nein', 'Nein', NULL, NULL, 1509732664, 1509735803, 1, 1, 'Nein', 'Nein', 'Nein', 'Nein', 'Nein', 'Nein', 1509732664, 1509735803, 1509732665, 1509735804, 1509732665, 1509735804),
(369, 2, 44, 55, 0, 0, 'Ja', 'Ja', NULL, NULL, 1509732730, 1509735872, 1, 1, 'Ja', 'Ja', 'Ja', 'Ja', 'Ja', 'Ja', 1509732730, 1509735872, 1509732731, 1509735872, 1509732731, 1509735872),
(369, 3, 46, 58, 2, 3, 'Ja', 'Ja', NULL, NULL, 1509732844, 1509735973, 1, 1, 'Ja', 'Ja', 'Ja', 'Ja', 'Ja', 'Ja', 1509732844, 1509735973, 1509732845, 1509735974, 1509732845, 1509735974),
(370, 1, 43, 53, NULL, NULL, 'Ja', 'Ja', NULL, NULL, 1509712422, 1509715497, 1, 1, 'Ja', 'Ja', 'Ja', 'Ja', 'Ja', 'Ja', 1509712422, 1509715497, 1509712422, 1509715497, 1509712422, 1509715496),
(370, 2, 45, 56, 2, 3, 'Ja', 'Ja', NULL, NULL, 1509712573, 1509715985, 1, 1, 'Ja', 'Ja', 'Ja', 'Ja', 'Ja', 'Ja', 1509712573, 1509715985, 1509712573, 1509715985, 1509712572, 1509715984),
(370, 3, 46, 58, 1, 2, 'Ja', 'Ja', NULL, NULL, 1509712706, 1509716282, 1, 1, 'Ja', 'Ja', 'Ja', 'Ja', 'Ja', 'Ja', 1509712706, 1509716282, 1509712706, 1509716282, 1509712705, 1509716281),
(371, 1, 60, 76, NULL, NULL, 'Ja', 'Ja', NULL, NULL, 1509741540, 1509745879, 1, 1, 'Ja', 'Ja', 'Ja', 'Ja', 'Ja', 'Ja', 1509741540, 1509745879, 1509741539, 1509745879, 1509741539, 1509745879),
(371, 2, 63, 80, 3, 4, 'Ja', 'Ja', NULL, NULL, 1509742015, 1509746485, 1, 1, 'Ja', 'Nein', 'Ja', 'Ja', 'Ja', 'Ja', 1509742015, 1509746485, 1509742013, 1509746484, 1509742013, 1509746485),
(371, 3, 65, 82, 2, 2, 'Ja', 'Nein', NULL, NULL, 1509742182, 1509746990, 1, 1, 'Ja', 'Nein', 'Ja', 'Nein', 'Ja', 'Nein', 1509742182, 1509746990, 1509742181, 1509746991, 1509742182, 1509746990),
(372, 1, 59, 73, NULL, NULL, 'Ja', 'Ja', NULL, NULL, 1509741426, 1509745523, 1, 1, 'Ja', 'Ja', 'Ja', 'Ja', 'Ja', 'Ja', 1509741426, 1509745523, 1509741426, 1509745522, 1509741426, 1509745522),
(372, 2, 62, 76, 3, 3, 'Nein', 'Ja', NULL, NULL, 1509741844, 1509745961, 1, 1, 'Nein', 'Ja', 'Nein', 'Ja', 'Nein', 'Ja', 1509741844, 1509745961, 1509741843, 1509745961, 1509741843, 1509745961),
(372, 3, 62, 79, 0, 3, 'Nein', 'Nein', NULL, NULL, 1509741969, 1509746397, 1, 1, 'Nein', 'Nein', 'Nein', 'Nein', 'Nein', 'Nein', 1509741969, 1509746397, 1509741968, 1509746397, 1509741969, 1509746397),
(373, 1, 38, 51, NULL, NULL, 'Nein', 'Ja', NULL, NULL, 1509711722, 1509715355, 1, 1, 'Nein', 'Ja', 'Nein', 'Ja', 'Nein', 'Ja', 1509711722, 1509715355, 1509711722, 1509715354, 1509711722, 1509715354),
(373, 2, 38, 54, 0, 3, 'Nein', 'Ja', NULL, NULL, 1509711828, 1509715764, 1, 1, 'Nein', 'Ja', 'Ja', 'Ja', 'Nein', 'Ja', 1509711828, 1509715764, 1509711827, 1509715764, 1509711827, 1509715763),
(373, 3, 38, 57, 0, 3, 'Nein', 'Nein', NULL, NULL, 1509711949, 1509716191, 1, 1, 'Nein', 'Nein', 'Nein', 'Nein', 'Nein', 'Nein', 1509711949, 1509716191, 1509711948, 1509716191, 1509711949, 1509716190),
(374, 1, 55, 64, NULL, NULL, 'Ja', 'Ja', NULL, NULL, 1509733759, 1509736354, 1, 1, 'Ja', 'Ja', 'Ja', 'Ja', 'Ja', 'Ja', 1509733759, 1509736354, 1509733760, 1509736354, 1509733760, 1509736354),
(374, 2, 58, 67, 3, 3, 'Nein', 'Ja', NULL, NULL, 1509734268, 1509737021, 1, 1, 'Nein', 'Ja', 'Nein', 'Ja', 'Nein', 'Ja', 1509734268, 1509737021, 1509734269, 1509737022, 1509734268, 1509737022),
(374, 3, 58, 70, 0, 3, 'Ja', 'Ja', NULL, NULL, 1509734464, 1509737514, 1, 1, 'Ja', 'Ja', 'Ja', 'Nein', 'Ja', 'Ja', 1509734464, 1509737514, 1509734465, 1509737515, 1509734465, 1509737515),
(375, 1, 39, 50, NULL, NULL, 'Ja', 'Ja', NULL, NULL, 1509712025, 1509715162, 1, 1, 'Ja', 'Ja', 'Ja', 'Ja', 'Ja', 'Ja', 1509712025, 1509715162, 1509712025, 1509715162, 1509712025, 1509715161),
(375, 2, 42, 54, 3, 4, 'Nein', 'Ja', NULL, NULL, 1509712239, 1509715696, 1, 1, 'Nein', 'Ja', 'Nein', 'Ja', 'Nein', 'Ja', 1509712239, 1509715696, 1509712239, 1509715696, 1509712239, 1509715696),
(375, 3, 42, 57, 0, 3, 'Nein', 'Ja', NULL, NULL, 1509712354, 1509716121, 1, 1, 'Nein', 'Ja', 'Nein', 'Ja', 'Nein', 'Ja', 1509712354, 1509716121, 1509712355, 1509716121, 1509712354, 1509716121),
(376, 1, 153, 195, NULL, NULL, 'Ja', 'Ja', NULL, NULL, 1509887275, 1509891157, 1, 1, 'Ja', 'Ja', 'Ja', 'Ja', 'Ja', 'Ja', 1509887275, 1509891157, 1509887275, 1509891156, 1509887274, 1509891156),
(376, 2, 158, 203, 5, 8, 'Ja', 'Ja', NULL, NULL, 1509887537, 1509891614, 1, 1, 'Ja', 'Ja', 'Ja', 'Ja', 'Ja', 'Ja', 1509887537, 1509891614, 1509887536, 1509891614, 1509887536, 1509891613),
(376, 3, 162, 220, 4, 17, 'Ja', 'Nein', NULL, NULL, 1509887770, 1509892150, 1, 1, 'Ja', 'Nein', 'Ja', 'Nein', 'Ja', 'Nein', 1509887770, 1509892150, 1509887769, 1509892150, 1509887769, 1509892152),
(377, 1, 45, 62, NULL, NULL, 'Ja', 'Ja', NULL, NULL, 1509790568, 1509794623, 1, 1, 'Ja', 'Ja', 'Ja', 'Ja', 'Ja', 'Ja', 1509790568, 1509794623, 1509790568, 1509794623, 1509790568, 1509794623),
(377, 2, 48, 65, 3, 3, 'Nein', 'Ja', NULL, NULL, 1509790797, 1509794917, 1, 1, 'Nein', 'Ja', 'Nein', 'Ja', 'Nein', 'Ja', 1509790797, 1509794917, 1509790796, 1509794917, 1509790796, 1509794917),
(377, 3, 49, 68, 1, 3, 'Nein', 'Ja', NULL, NULL, 1509790900, 1509795286, 1, 1, 'Nein', 'Ja', 'Nein', 'Ja', 'Nein', 'Ja', 1509790900, 1509795286, 1509790899, 1509795286, 1509790899, 1509795285),
(378, 1, 56, 73, NULL, NULL, 'Nein', 'Nein', NULL, NULL, 1509791556, 1509795596, 1, 1, 'Nein', 'Nein', 'Nein', 'Nein', 'Nein', 'Nein', 1509791556, 1509795596, 1509791555, 1509795596, 1509791555, 1509795596),
(378, 2, 56, 73, 0, 0, 'Ja', 'Ja', NULL, NULL, 1509791618, 1509795758, 1, 1, 'Ja', 'Ja', 'Ja', 'Nein', 'Ja', 'Ja', 1509791618, 1509795758, 1509791618, 1509795756, 1509791618, 1509795757),
(378, 3, 60, 78, 4, 5, 'Nein', 'Nein', NULL, NULL, 1509792193, 1509796540, 1, 1, 'Nein', 'Nein', 'Nein', 'Nein', 'Nein', 'Nein', 1509792193, 1509796540, 1509792193, 1509796540, 1509792193, 1509796540),
(379, 1, 68, 84, NULL, NULL, 'Ja', 'Nein', NULL, NULL, 1509793018, 1509797227, 1, 1, 'Ja', 'Nein', 'Ja', 'Nein', 'Ja', 'Nein', 1509793018, 1509797227, 1509793018, 1509797227, 1509793016, 1509797227),
(379, 2, 70, 84, 2, 0, 'Nein', 'Nein', NULL, NULL, 1509793246, 1509797318, 1, 1, 'Nein', 'Nein', 'Nein', 'Nein', 'Nein', 'Nein', 1509793246, 1509797318, 1509793246, 1509797318, 1509793246, 1509797318),
(379, 3, 71, 84, 1, 0, 'Nein', 'Ja', NULL, NULL, 1509793340, 1509797445, 1, 1, 'Nein', 'Ja', 'Nein', 'Ja', 'Nein', 'Ja', 1509793340, 1509797445, 1509793340, 1509797445, 1509793339, 1509797445),
(380, 1, 125, 150, NULL, NULL, 'Nein', 'Ja', NULL, NULL, 1509828034, 1509831870, 1, 1, 'Nein', 'Ja', 'Nein', 'Ja', 'Nein', 'Ja', 1509828034, 1509831870, 1509828049, 1509831870, 1509828009, 1509831870),
(380, 2, 125, 155, 0, 5, 'Nein', 'Ja', NULL, NULL, 1509828167, 1509832053, 1, 1, 'Nein', 'Ja', 'Nein', 'Ja', 'Nein', 'Ja', 1509828167, 1509832053, 1509828167, 1509832053, 1509828167, 1509832054),
(380, 3, 125, 160, 0, 5, 'Ja', 'Ja', NULL, NULL, 1509828238, 1509832340, 1, 1, 'Ja', 'Ja', 'Ja', 'Ja', 'Ja', 'Ja', 1509828238, 1509832340, 1509828238, 1509832341, 1509828238, 1509832341),
(381, 1, 45, 55, NULL, NULL, 'Ja', 'Ja', NULL, NULL, 1509740302, 1509744559, 1, 1, 'Ja', 'Ja', 'Ja', 'Ja', 'Ja', 'Ja', 1509740302, 1509744559, 1509740301, 1509744559, 1509740302, 1509744559),
(381, 2, 50, 60, 5, 5, 'Ja', 'Ja', NULL, NULL, 1509740653, 1509744816, 1, 1, 'Ja', 'Ja', 'Ja', 'Ja', 'Ja', 'Ja', 1509740653, 1509744816, 1509740652, 1509744815, 1509740652, 1509744815),
(381, 3, 54, 64, 4, 4, 'Nein', 'Ja', NULL, NULL, 1509741024, 1509745184, 1, 1, 'Nein', 'Ja', 'Nein', 'Ja', 'Nein', 'Ja', 1509741024, 1509745184, 1509741023, 1509745184, 1509741023, 1509745184),
(382, 1, 47, 68, NULL, NULL, 'Ja', 'Ja', NULL, NULL, 1509790653, 1509795226, 1, 1, 'Ja', 'Ja', 'Ja', 'Ja', 'Ja', 'Ja', 1509790653, 1509795226, 1509790652, 1509795226, 1509790652, 1509795226),
(382, 2, 51, 72, 4, 4, 'Nein', 'Ja', NULL, NULL, 1509791047, 1509795552, 1, 1, 'Nein', 'Ja', 'Nein', 'Ja', 'Nein', 'Ja', 1509791047, 1509795552, 1509791048, 1509795552, 1509791047, 1509795551),
(382, 3, 52, 75, 1, 3, 'Nein', 'Ja', NULL, NULL, 1509791183, 1509796090, 1, 1, 'Nein', 'Ja', 'Nein', 'Ja', 'Nein', 'Ja', 1509791183, 1509796090, 1509791182, 1509796090, 1509791182, 1509796089),
(383, 1, 53, 72, NULL, NULL, 'Ja', 'Ja', NULL, NULL, 1509791231, 1509795499, 1, 1, 'Ja', 'Ja', 'Ja', 'Ja', 'Ja', 'Ja', 1509791231, 1509795499, 1509791230, 1509795499, 1509791230, 1509795499),
(383, 2, 57, 77, 4, 5, 'Ja', 'Ja', NULL, NULL, 1509791798, 1509796331, 1, 1, 'Ja', 'Ja', 'Ja', 'Ja', 'Ja', 'Ja', 1509791798, 1509796331, 1509791798, 1509796331, 1509791798, 1509796331),
(383, 3, 60, 81, 3, 4, 'Nein', 'Nein', NULL, NULL, 1509792245, 1509796950, 1, 1, 'Nein', 'Nein', 'Nein', 'Ja', 'Nein', 'Nein', 1509792245, 1509796950, 1509792245, 1509796950, 1509792245, 1509796947),
(384, 1, 58, 78, NULL, NULL, 'Ja', 'Ja', NULL, NULL, 1509734212, 1509738561, 1, 1, 'Ja', 'Ja', 'Ja', 'Ja', 'Ja', 'Ja', 1509734212, 1509738561, 1509734212, 1509738561, 1509734213, 1509738561),
(384, 2, 62, 81, 4, 3, 'Ja', 'Nein', NULL, NULL, 1509734869, 1509738872, 1, 1, 'Ja', 'Nein', 'Ja', 'Nein', 'Ja', 'Nein', 1509734869, 1509738872, 1509734870, 1509738873, 1509734870, 1509738872),
(384, 3, 64, 81, 2, 0, 'Ja', 'Nein', NULL, NULL, 1509735180, 1509739039, 1, 1, 'Ja', 'Nein', 'Ja', 'Nein', 'Ja', 'Nein', 1509735180, 1509739039, 1509735180, 1509739039, 1509735180, 1509739039),
(385, 1, 110, 138, NULL, NULL, 'Ja', 'Ja', NULL, NULL, 1509807544, 1509812537, 1, 1, 'Ja', 'Ja', 'Ja', 'Ja', 'Ja', 'Ja', 1509807544, 1509812537, 1509807544, 1509812537, 1509807544, 1509812538),
(385, 2, 115, 144, 5, 6, 'Ja', 'Ja', NULL, NULL, 1509808085, 1509813130, 1, 1, 'Ja', 'Ja', 'Ja', 'Ja', 'Ja', 'Ja', 1509808085, 1509813130, 1509808086, 1509813131, 1509808086, 1509813131),
(385, 3, 117, 147, 2, 3, 'Ja', 'Ja', NULL, NULL, 1509808375, 1509813328, 1, 1, 'Ja', 'Ja', 'Ja', 'Ja', 'Ja', 'Ja', 1509808375, 1509813328, 1509808375, 1509813328, 1509808375, 1509813328),
(386, 1, 93, 114, NULL, NULL, 'Ja', 'Ja', NULL, NULL, 1509816161, 1509821297, 1, 1, 'Ja', 'Ja', 'Ja', 'Ja', 'Ja', 'Ja', 1509816161, 1509821297, 1509816162, 1509821297, 1509816162, 1509821297),
(386, 2, 96, 118, 3, 4, 'Ja', 'Ja', NULL, NULL, 1509816528, 1509821468, 1, 1, 'Ja', 'Ja', 'Ja', 'Ja', 'Ja', 'Ja', 1509816528, 1509821468, 1509816528, 1509821469, 1509816528, 1509821469),
(386, 3, 98, 122, 2, 4, 'Ja', 'Ja', NULL, NULL, 1509816783, 1509821721, 1, 1, 'Ja', 'Ja', 'Ja', 'Ja', 'Ja', 'Ja', 1509816783, 1509821721, 1509816783, 1509821721, 1509816783, 1509821721),
(387, 1, 34, 50, NULL, NULL, 'Ja', 'Ja', NULL, NULL, 1509711332, 1509715214, 1, 1, 'Ja', 'Ja', 'Ja', 'Ja', 'Ja', 'Ja', 1509711332, 1509715214, 1509711331, 1509715214, 1509711331, 1509715213),
(387, 2, 37, 53, 3, 3, 'Ja', 'Ja', NULL, NULL, 1509711647, 1509715613, 1, 1, 'Ja', 'Ja', 'Ja', 'Ja', 'Ja', 'Ja', 1509711647, 1509715613, 1509711647, 1509715613, 1509711646, 1509715613),
(387, 3, 40, 55, 3, 2, 'Ja', 'Ja', NULL, NULL, 1509712098, 1509715913, 1, 1, 'Ja', 'Ja', 'Ja', 'Ja', 'Ja', 'Ja', 1509712098, 1509715913, 1509712098, 1509715913, 1509712097, 1509715912),
(390, 1, 43, 53, NULL, NULL, 'Ja', 'Ja', NULL, NULL, 1509740174, 1509744419, 1, 1, 'Ja', 'Ja', 'Ja', 'Ja', 'Ja', 'Ja', 1509740174, 1509744419, 1509740173, 1509744418, 1509740173, 1509744418),
(390, 2, 47, 57, 4, 4, 'Ja', 'Ja', NULL, NULL, 1509740509, 1509744699, 1, 1, 'Ja', 'Ja', 'Ja', 'Ja', 'Ja', 'Ja', 1509740509, 1509744699, 1509740509, 1509744699, 1509740509, 1509744699),
(390, 3, 50, 60, 3, 3, 'Ja', 'Nein', NULL, NULL, 1509740733, 1509744912, 1, 1, 'Ja', 'Nein', 'Ja', 'Nein', 'Ja', 'Nein', 1509740733, 1509744912, 1509740732, 1509744912, 1509740733, 1509744912),
(392, 1, 110, 133, NULL, NULL, 'Ja', 'Ja', NULL, NULL, 1509817973, 1509822333, 1, 1, 'Ja', 'Ja', 'Ja', 'Ja', 'Ja', 'Ja', 1509817973, 1509822333, 1509817973, 1509822333, 1509817974, 1509822333),
(392, 2, 115, 138, 5, 5, 'Nein', 'Ja', NULL, NULL, 1509818466, 1509822878, 1, 1, 'Nein', 'Ja', 'Nein', 'Ja', 'Nein', 'Ja', 1509818466, 1509822878, 1509818467, 1509822880, 1509818466, 1509822878),
(392, 3, 115, 142, 0, 4, 'Ja', 'Nein', NULL, NULL, 1509818564, 1509823543, 1, 1, 'Ja', 'Nein', 'Ja', 'Nein', 'Ja', 'Nein', 1509818564, 1509823543, 1509818564, 1509823543, 1509818564, 1509823544),
(393, 1, 103, 120, NULL, NULL, 'Ja', 'Ja', NULL, NULL, 1509827476, 1509831118, 1, 1, 'Ja', 'Ja', 'Ja', 'Ja', 'Ja', 'Ja', 1509827476, 1509831118, 1509827476, 1509831118, 1509827477, 1509831118),
(393, 2, 107, 125, 4, 5, 'Ja', 'Ja', NULL, NULL, 1509827649, 1509831275, 1, 1, 'Ja', 'Ja', 'Ja', 'Ja', 'Ja', 'Ja', 1509827649, 1509831275, 1509827649, 1509831276, 1509827649, 1509831275),
(393, 3, 110, 130, 3, 5, 'Ja', 'Ja', NULL, NULL, 1509827777, 1509831476, 1, 1, 'Ja', 'Ja', 'Ja', 'Ja', 'Ja', 'Ja', 1509827777, 1509831476, 1509827777, 1509831477, 1509827777, 1509831477),
(394, 1, 103, 130, NULL, NULL, 'Ja', 'Ja', NULL, NULL, 1509817275, 1509822100, 1, 1, 'Ja', 'Ja', 'Ja', 'Ja', 'Ja', 'Ja', 1509817275, 1509822100, 1509817276, 1509822101, 1509817276, 1509822101),
(394, 2, 108, 138, 5, 8, 'Nein', 'Nein', NULL, NULL, 1509817674, 1509822821, 1, 1, 'Nein', 'Nein', 'Nein', 'Nein', 'Nein', 'Nein', 1509817674, 1509822821, 1509817674, 1509822821, 1509817673, 1509822821),
(394, 3, 108, 138, 0, 0, 'Nein', 'Nein', NULL, NULL, 1509817800, 1509822954, 1, 1, 'Nein', 'Nein', 'Nein', 'Nein', 'Nein', 'Nein', 1509817800, 1509822954, 1509817800, 1509822954, 1509817800, 1509822954),
(395, 1, 110, 135, NULL, NULL, 'Ja', 'Ja', NULL, NULL, 1509817924, 1509822537, 1, 1, 'Ja', 'Ja', 'Ja', 'Ja', 'Ja', 'Ja', 1509817924, 1509822537, 1509817925, 1509822537, 1509817924, 1509822537),
(395, 2, 115, 140, 5, 5, 'Ja', 'Ja', NULL, NULL, 1509818403, 1509823220, 1, 1, 'Ja', 'Ja', 'Ja', 'Ja', 'Ja', 'Ja', 1509818403, 1509823220, 1509818404, 1509823220, 1509818404, 1509823221),
(395, 3, 117, 143, 2, 3, 'Nein', 'Nein', NULL, NULL, 1509818794, 1509823731, 1, 1, 'Nein', 'Nein', 'Nein', 'Nein', 'Nein', 'Nein', 1509818794, 1509823731, 1509818794, 1509823731, 1509818794, 1509823731),
(396, 1, 110, 135, NULL, NULL, 'Ja', 'Ja', NULL, NULL, 1509807468, 1509812220, 1, 1, 'Ja', 'Ja', 'Ja', 'Ja', 'Ja', 'Nein', 1509807468, 1509812220, 1509807468, 1509812220, 1509807468, 1509812219),
(396, 2, 115, 141, 5, 6, 'Ja', 'Nein', NULL, NULL, 1509808026, 1509812879, 1, 1, 'Ja', 'Nein', 'Ja', 'Nein', 'Ja', 'Nein', 1509808026, 1509812879, 1509808026, 1509812879, 1509808026, 1509812879),
(396, 3, 117, 141, 2, 0, 'Nein', 'Nein', NULL, NULL, 1509808313, 1509812968, 1, 1, 'Nein', 'Nein', 'Nein', 'Nein', 'Nein', 'Nein', 1509808313, 1509812968, 1509808313, 1509812968, 1509808312, 1509812968),
(397, 1, 96, 133, NULL, NULL, 'Nein', 'Ja', NULL, NULL, 1509806101, 1509811983, 1, 1, 'Nein', 'Ja', 'Nein', 'Ja', 'Nein', 'Ja', 1509806101, 1509811983, 1509806101, 1509811983, 1509806101, 1509811983),
(397, 2, 96, 139, 0, 6, 'Nein', 'Nein', NULL, NULL, 1509806222, 1509812684, 1, 1, 'Nein', 'Nein', 'Nein', 'Nein', 'Nein', 'Nein', 1509806222, 1509812684, 1509806222, 1509812685, 1509806222, 1509812684),
(397, 3, 96, 139, 0, 0, 'Ja', 'Nein', NULL, 1, 1509806347, NULL, 1, 1, 'Ja', NULL, 'Ja', NULL, 'Ja', NULL, 1509806347, NULL, 1509806347, NULL, 1509806347, NULL),
(400, 1, 135, 165, NULL, NULL, 'Ja', 'Ja', NULL, NULL, 1509828573, 1509832523, 1, 1, 'Ja', 'Ja', 'Ja', 'Ja', 'Ja', 'Ja', 1509828573, 1509832523, 1509828573, 1509832523, 1509828573, 1509832523),
(400, 2, 141, 171, 6, 6, 'Ja', 'Ja', NULL, NULL, 1509828826, 1509832800, 1, 1, 'Ja', 'Ja', 'Ja', 'Ja', 'Ja', 'Ja', 1509828826, 1509832800, 1509828826, 1509832800, 1509828826, 1509832800),
(400, 3, 147, 177, 6, 6, 'Nein', 'Nein', NULL, NULL, 1509829671, 1509833363, 1, 1, 'Nein', 'Nein', 'Nein', 'Nein', 'Nein', 'Nein', 1509829671, 1509833363, 1509829672, 1509833363, 1509829671, 1509833363),
(401, 1, 47, 57, NULL, NULL, 'Ja', 'Ja', NULL, NULL, 1509740476, 1509744649, 1, 1, 'Ja', 'Ja', 'Ja', 'Ja', 'Ja', 'Ja', 1509740476, 1509744649, 1509740475, 1509744649, 1509740475, 1509744649),
(401, 2, 50, 60, 3, 3, 'Ja', 'Ja', NULL, NULL, 1509740694, 1509744873, 1, 1, 'Ja', 'Ja', 'Ja', 'Ja', 'Ja', 'Ja', 1509740694, 1509744873, 1509740693, 1509744872, 1509740693, 1509744872),
(401, 3, 52, 63, 2, 3, 'Ja', 'Ja', NULL, NULL, 1509740888, 1509745056, 1, 1, 'Ja', 'Ja', 'Ja', 'Ja', 'Ja', 'Ja', 1509740888, 1509745056, 1509740888, 1509745056, 1509740888, 1509745056),
(402, 1, 63, 70, NULL, NULL, 'Ja', 'Ja', NULL, NULL, 1509735027, 1509737319, 1, 1, 'Ja', 'Ja', 'Ja', 'Ja', 'Ja', 'Ja', 1509735027, 1509737319, 1509735027, 1509737319, 1509735027, 1509737319),
(402, 2, 66, 73, 3, 3, 'Ja', 'Ja', NULL, NULL, 1509735293, 1509738096, 1, 1, 'Ja', 'Ja', 'Ja', 'Ja', 'Ja', 'Ja', 1509735293, 1509738096, 1509735293, 1509738096, 1509735293, 1509738096),
(402, 3, 68, 75, 2, 2, 'Ja', 'Nein', NULL, NULL, 1509735469, 1509738336, 1, 1, 'Ja', 'Nein', 'Ja', 'Nein', 'Ja', 'Nein', 1509735469, 1509738336, 1509735470, 1509738337, 1509735470, 1509738337),
(403, 1, 140, 165, NULL, NULL, 'Ja', 'Nein', NULL, 1, 1509828756, 1509750000, 1, 1, 'Ja', NULL, 'Ja', NULL, 'Ja', NULL, 1509828756, NULL, 1509828756, NULL, 1509828756, NULL),
(403, 2, 145, 166, 5, 1, 'Nein', 'Nein', NULL, 1, 1509829434, 1509750000, 1, 1, 'Nein', NULL, 'Nein', NULL, 'Nein', NULL, 1509829434, NULL, 1509829434, NULL, 1509829434, NULL),
(403, 3, 145, 167, 0, 1, 'Nein', 'Nein', NULL, 1, 1509829544, 1509750000, 1, 1, 'Nein', NULL, 'Nein', NULL, 'Nein', NULL, 1509829544, NULL, 1509829544, NULL, 1509829543, NULL),
(404, 1, 100, 118, NULL, NULL, 'Nein', 'Ja', NULL, NULL, 1509816906, 1509821398, 1, 1, 'Nein', 'Ja', 'Nein', 'Ja', 'Nein', 'Ja', 1509816906, 1509821398, 1509816907, 1509821399, 1509816907, 1509821399),
(404, 2, 100, 122, 0, 4, 'Ja', 'Ja', NULL, NULL, 1509816999, 1509821662, 1, 1, 'Ja', 'Ja', 'Ja', 'Ja', 'Ja', 'Ja', 1509816999, 1509821662, 1509817000, 1509821663, 1509816999, 1509821663),
(404, 3, 105, 125, 5, 3, 'Nein', 'Nein', NULL, NULL, 1509817454, 1509821952, 1, 1, 'Nein', 'Nein', 'Nein', 'Nein', 'Nein', 'Nein', 1509817454, 1509821952, 1509817455, 1509821953, 1509817455, 1509821953),
(405, 1, 90, 120, NULL, NULL, 'Ja', 'Ja', NULL, NULL, 1509721377, 1509724268, 1, 1, 'Ja', 'Ja', 'Ja', 'Ja', 'Nein', 'Ja', 1509721377, 1509724268, 1509721377, 1509724268, 1509721378, 1509724269),
(405, 2, 95, 125, 5, 5, 'Ja', 'Ja', NULL, NULL, 1509721742, 1509724505, 1, 1, 'Ja', 'Ja', 'Ja', 'Ja', 'Ja', 'Nein', 1509721742, 1509724505, 1509721742, 1509724503, 1509721742, 1509724505),
(405, 3, 100, 130, 5, 5, 'Ja', 'Nein', NULL, NULL, 1509721919, 1509724660, 1, 1, 'Ja', 'Nein', 'Ja', 'Nein', 'Ja', 'Nein', 1509721919, 1509724660, 1509721919, 1509724660, 1509721919, 1509724661),
(406, 1, 65, 80, NULL, NULL, 'Ja', 'Nein', NULL, NULL, 1509800587, 1509802850, 1, 1, 'Ja', 'Nein', 'Ja', 'Nein', 'Ja', 'Nein', 1509800587, 1509802850, 1509800587, 1509802850, 1509800588, 1509802850),
(406, 2, 67, 80, 2, 0, 'Ja', 'Nein', NULL, NULL, 1509800721, 1509802946, 1, 1, 'Ja', 'Nein', 'Ja', 'Nein', 'Ja', 'Nein', 1509800721, 1509802946, 1509800721, 1509802947, 1509800721, 1509802947),
(406, 3, 69, 80, 2, 0, 'Nein', 'Nein', NULL, NULL, 1509801008, 1509803052, 1, 1, 'Nein', 'Nein', 'Nein', 'Nein', 'Nein', 'Nein', 1509801008, 1509803052, 1509801009, 1509803053, 1509801008, 1509803053),
(408, 1, 49, 60, NULL, NULL, 'Ja', 'Ja', NULL, NULL, 1509733120, 1509736086, 1, 1, 'Ja', 'Ja', 'Ja', 'Ja', 'Ja', 'Ja', 1509733120, 1509736086, 1509733121, 1509736086, 1509733121, 1509736086),
(408, 2, 52, 64, 3, 4, 'Ja', 'Ja', NULL, NULL, 1509733375, 1509736439, 1, 1, 'Ja', 'Ja', 'Ja', 'Ja', 'Ja', 'Ja', 1509733375, 1509736439, 1509733375, 1509736439, 1509733375, 1509736439),
(408, 3, 55, 66, 3, 2, 'Ja', 'Ja', NULL, NULL, 1509733957, 1509736862, 1, 1, 'Ja', 'Ja', 'Ja', 'Ja', 'Ja', 'Ja', 1509733957, 1509736862, 1509733956, 1509736863, 1509733958, 1509736863),
(409, 1, 150, 185, NULL, NULL, 'Ja', 'Ja', NULL, NULL, 1509820434, 1509825759, 1, 1, 'Ja', 'Ja', 'Ja', 'Ja', 'Ja', 'Ja', 1509820434, 1509825759, 1509820434, 1509825759, 1509820434, 1509825759),
(409, 2, 153, 193, 3, 8, 'Nein', 'Ja', NULL, NULL, 1509820583, 1509826043, 1, 1, 'Nein', 'Ja', 'Nein', 'Ja', 'Nein', 'Nein', 1509820583, 1509826043, 1509820583, 1509826044, 1509820583, 1509826042),
(409, 3, 153, 194, 0, 1, 'Ja', 'Nein', NULL, 1, 1509820714, NULL, 1, 1, 'Ja', NULL, 'Ja', NULL, 'Ja', NULL, 1509820714, NULL, 1509820714, NULL, 1509820714, NULL),
(410, 1, 68, 83, NULL, NULL, 'Ja', 'Ja', NULL, NULL, 1509793070, 1509797079, 1, 1, 'Ja', 'Ja', 'Ja', 'Ja', 'Ja', 'Ja', 1509793070, 1509797079, 1509793070, 1509797079, 1509793069, 1509797079),
(410, 2, 70, 85, 2, 2, 'Ja', 'Ja', NULL, NULL, 1509793291, 1509797509, 1, 1, 'Ja', 'Ja', 'Ja', 'Ja', 'Ja', 'Ja', 1509793291, 1509797509, 1509793291, 1509797509, 1509793290, 1509797509),
(410, 3, 72, 87, 2, 2, 'Ja', 'Ja', NULL, NULL, 1509793401, 1509797673, 1, 1, 'Ja', 'Ja', 'Ja', 'Ja', 'Ja', 'Ja', 1509793401, 1509797673, 1509793400, 1509797673, 1509793400, 1509797673),
(411, 1, 53, 72, NULL, NULL, 'Ja', 'Ja', NULL, NULL, 1509740930, 1509745438, 1, 1, 'Ja', 'Ja', 'Ja', 'Ja', 'Ja', 'Ja', 1509740930, 1509745438, 1509740930, 1509745438, 1509740930, 1509745438),
(411, 2, 57, 77, 4, 5, 'Nein', 'Ja', NULL, NULL, 1509741227, 1509746077, 1, 1, 'Nein', 'Ja', 'Nein', 'Ja', 'Nein', 'Ja', 1509741227, 1509746077, 1509741226, 1509746077, 1509741226, 1509746077),
(411, 3, 58, 81, 1, 4, 'Ja', 'Nein', NULL, NULL, 1509741349, 1509746679, 1, 1, 'Ja', 'Nein', 'Ja', 'Nein', 'Ja', 'Nein', 1509741349, 1509746679, 1509741348, 1509746678, 1509741349, 1509746678),
(412, 1, 98, 120, NULL, NULL, 'Ja', 'Ja', NULL, NULL, 1509816719, 1509821561, 1, 1, 'Ja', 'Ja', 'Ja', 'Ja', 'Ja', 'Ja', 1509816719, 1509821561, 1509816720, 1509821562, 1509816720, 1509821562),
(412, 2, 102, 125, 4, 5, 'Ja', 'Ja', NULL, NULL, 1509817162, 1509821839, 1, 1, 'Ja', 'Ja', 'Ja', 'Ja', 'Ja', 'Ja', 1509817162, 1509821839, 1509817162, 1509821840, 1509817163, 1509821840),
(412, 3, 106, 130, 4, 5, 'Nein', 'Nein', NULL, NULL, 1509817523, 1509822234, 1, 1, 'Nein', 'Nein', 'Nein', 'Nein', 'Nein', 'Nein', 1509817523, 1509822234, 1509817523, 1509822235, 1509817523, 1509822236),
(413, 1, 130, 165, NULL, NULL, 'Ja', 'Ja', NULL, NULL, 1509808891, 1509814326, 1, 1, 'Ja', 'Ja', 'Ja', 'Ja', 'Ja', 'Ja', 1509808891, 1509814326, 1509808890, 1509814326, 1509808892, 1509814326),
(413, 2, 135, 170, 5, 5, 'Ja', 'Ja', NULL, NULL, 1509809146, 1509814587, 1, 1, 'Ja', 'Ja', 'Ja', 'Ja', 'Ja', 'Ja', 1509809146, 1509814587, 1509809146, 1509814587, 1509809146, 1509814588),
(413, 3, 138, 175, 3, 5, 'Ja', 'Ja', NULL, NULL, 1509809463, 1509814828, 1, 1, 'Ja', 'Ja', 'Ja', 'Ja', 'Ja', 'Ja', 1509809463, 1509814828, 1509809463, 1509814828, 1509809464, 1509814828),
(414, 1, 148, 186, NULL, NULL, 'Ja', 'Ja', NULL, NULL, 1509829743, 1509834061, 1, 1, 'Ja', 'Ja', 'Ja', 'Ja', 'Ja', 'Ja', 1509829743, 1509834061, 1509829742, 1509834061, 1509829743, 1509834061),
(414, 2, 152, 191, 4, 5, 'Ja', 'Nein', NULL, NULL, 1509830088, 1509830672, 1, 1, 'Ja', NULL, 'Ja', NULL, 'Ja', NULL, 1509830088, NULL, 1509830089, NULL, 1509830089, NULL),
(414, 3, 155, 191, 3, 0, 'Ja', 'Nein', NULL, NULL, 1509830303, 1509834426, 1, 1, 'Ja', 'Nein', 'Ja', 'Nein', 'Ja', 'Nein', 1509830303, 1509834426, 1509830303, 1509834426, 1509830303, 1509834428),
(415, 1, 148, 190, NULL, NULL, 'Ja', 'Ja', NULL, NULL, 1509886826, 1509891011, 1, 1, 'Ja', 'Ja', 'Ja', 'Ja', 'Ja', 'Ja', 1509886826, 1509891011, 1509886826, 1509891011, 1509886825, 1509891011),
(415, 2, 152, 198, 4, 8, 'Nein', 'Nein', NULL, NULL, 1509887102, 1509891293, 1, 1, 'Nein', 'Nein', 'Nein', 'Nein', 'Nein', 'Nein', 1509887102, 1509891293, 1509887102, 1509891293, 1509887102, 1509891292),
(415, 3, 152, 198, 0, 0, 'Ja', 'Ja', NULL, NULL, 1509887204, 1509891434, 1, 1, 'Ja', 'Ja', 'Ja', 'Ja', 'Ja', 'Ja', 1509887204, 1509891434, 1509887204, 1509891435, 1509887204, 1509891435),
(416, 1, 60, 73, NULL, NULL, 'Ja', 'Nein', NULL, NULL, 1509714073, 1509717231, 1, 1, 'Ja', 'Nein', 'Ja', 'Nein', 'Ja', 'Nein', 1509714073, 1509717231, 1509714073, 1509717232, 1509714073, 1509717230),
(416, 2, 64, 75, 4, 2, 'Ja', 'Ja', NULL, NULL, 1509714411, 1509717397, 1, 1, 'Ja', 'Ja', 'Ja', 'Ja', 'Ja', 'Ja', 1509714411, 1509717397, 1509714411, 1509717397, 1509714411, 1509717396),
(416, 3, 66, 80, 2, 5, 'Nein', 'Nein', NULL, NULL, 1509714557, 1509717782, 1, 1, 'Nein', 'Nein', 'Nein', 'Nein', 'Nein', 'Nein', 1509714557, 1509717782, 1509714557, 1509717782, 1509714557, 1509717782),
(417, 1, 84, 108, NULL, NULL, 'Ja', 'Ja', NULL, NULL, 1509881276, 1509883685, 1, 1, 'Ja', 'Ja', 'Ja', 'Ja', 'Ja', 'Ja', 1509881276, 1509883685, 1509881276, 1509883684, 1509881276, 1509883685),
(417, 2, 88, 113, 4, 5, 'Nein', 'Ja', NULL, NULL, 1509881449, 1509883943, 1, 1, 'Nein', 'Ja', 'Nein', 'Ja', 'Nein', 'Ja', 1509881449, 1509883943, 1509881448, 1509883943, 1509881449, 1509883943),
(417, 3, 88, 117, 0, 4, 'Ja', 'Nein', NULL, NULL, 1509881555, 1509884092, 1, 1, 'Ja', 'Nein', 'Ja', 'Nein', 'Ja', 'Nein', 1509881555, 1509884092, 1509881555, 1509884092, 1509881556, 1509884092),
(418, 1, 100, 128, NULL, NULL, 'Ja', 'Ja', NULL, NULL, 1509806504, 1509811629, 1, 1, 'Ja', 'Ja', 'Ja', 'Ja', 'Ja', 'Ja', 1509806504, 1509811629, 1509806503, 1509811629, 1509806504, 1509811630),
(418, 2, 105, 133, 5, 5, 'Nein', 'Ja', NULL, NULL, 1509807072, 1509812143, 1, 1, 'Nein', 'Ja', 'Nein', 'Ja', 'Nein', 'Ja', 1509807072, 1509812143, 1509807071, 1509812142, 1509807071, 1509812143),
(418, 3, 106, 137, 1, 4, 'Ja', 'Nein', NULL, NULL, 1509807215, 1509812405, 1, 1, 'Ja', 'Nein', 'Ja', 'Nein', 'Ja', 'Nein', 1509807215, 1509812405, 1509807215, 1509812405, 1509807215, 1509812405),
(419, 1, 150, 175, NULL, NULL, 'Ja', 'Ja', NULL, NULL, 1509886912, 1509890186, 1, 1, 'Ja', 'Ja', 'Ja', 'Ja', 'Ja', 'Ja', 1509886912, 1509890186, 1509886912, 1509890186, 1509886911, 1509890186),
(419, 2, 156, 182, 6, 7, 'Ja', 'Ja', NULL, NULL, 1509887434, 1509890614, 1, 1, 'Ja', 'Ja', 'Ja', 'Ja', 'Ja', 'Ja', 1509887434, 1509890614, 1509887434, 1509890613, 1509887434, 1509890613),
(419, 3, 161, 186, 5, 4, 'Ja', 'Ja', NULL, NULL, 1509887673, 1509890909, 1, 1, 'Ja', 'Ja', 'Ja', 'Ja', 'Ja', 'Ja', 1509887673, 1509890909, 1509887673, 1509890909, 1509887672, 1509890909),
(421, 1, 143, 175, NULL, NULL, 'Ja', 'Ja', NULL, NULL, 1509809640, 1509814737, 1, 1, 'Ja', 'Ja', 'Ja', 'Ja', 'Ja', 'Ja', 1509809640, 1509814737, 1509809640, 1509814737, 1509809640, 1509814737),
(421, 2, 148, 180, 5, 5, 'Ja', 'Ja', NULL, NULL, 1509809830, 1509814916, 1, 1, 'Nein', 'Ja', 'Ja', 'Ja', 'Ja', 'Ja', 1509809830, 1509814916, 1509809829, 1509814916, 1509809830, 1509814916),
(421, 3, 150, 185, 2, 5, 'Nein', 'Ja', NULL, NULL, 1509809998, 1509815100, 1, 1, 'Nein', 'Ja', 'Nein', 'Ja', 'Nein', 'Ja', 1509809998, 1509815100, 1509809998, 1509815099, 1509809997, 1509815100),
(422, 1, 47, 65, NULL, NULL, 'Ja', 'Ja', NULL, NULL, 1509712771, 1509716577, 1, 1, 'Ja', 'Ja', 'Ja', 'Ja', 'Ja', 'Ja', 1509712771, 1509716577, 1509712770, 1509716577, 1509712770, 1509716576),
(422, 2, 50, 68, 3, 3, 'Nein', 'Ja', NULL, NULL, 1509713111, 1509716815, 1, 1, 'Nein', 'Ja', 'Nein', 'Ja', 'Nein', 'Ja', 1509713111, 1509716815, 1509713111, 1509716815, 1509713111, 1509716815),
(422, 3, 50, 70, 0, 2, 'Ja', 'Nein', NULL, NULL, 1509713215, 1509717044, 1, 1, 'Ja', 'Ja', 'Ja', 'Nein', 'Ja', 'Nein', 1509713215, 1509717044, 1509713215, 1509717033, 1509713214, 1509717044),
(423, 1, 145, 173, NULL, NULL, 'Ja', 'Ja', NULL, NULL, 1509829376, 1509832901, 1, 1, 'Ja', 'Ja', 'Ja', 'Ja', 'Ja', 'Ja', 1509829376, 1509832901, 1509829376, 1509832901, 1509829376, 1509832901),
(423, 2, 149, 177, 4, 4, 'Ja', 'Nein', NULL, NULL, 1509829896, 1509833285, 1, 1, 'Ja', 'Nein', 'Ja', 'Nein', 'Ja', 'Nein', 1509829896, 1509833285, 1509829896, 1509833286, 1509829896, 1509833285),
(423, 3, 152, 178, 3, 1, 'Ja', 'Ja', NULL, NULL, 1509830155, 1509833500, 1, 1, 'Ja', 'Ja', 'Ja', 'Ja', 'Ja', 'Ja', 1509830155, 1509833500, 1509830156, 1509833501, 1509830156, 1509833501),
(424, 1, 98, 124, NULL, NULL, 'Ja', 'Ja', NULL, NULL, 1509727582, 1509730815, 1, 1, 'Ja', 'Ja', 'Ja', 'Ja', 'Ja', 'Ja', 1509727582, 1509730815, 1509727582, 1509730815, 1509727583, 1509730815),
(424, 2, 103, 129, 5, 5, 'Ja', 'Ja', NULL, NULL, 1509727805, 1509731075, 1, 1, 'Ja', 'Ja', 'Ja', 'Ja', 'Ja', 'Ja', 1509727805, 1509731075, 1509727805, 1509731075, 1509727805, 1509731075),
(424, 3, 106, 135, 3, 6, 'Ja', 'Ja', NULL, NULL, 1509728071, 1509731243, 1, 1, 'Ja', 'Ja', 'Ja', 'Ja', 'Ja', 'Ja', 1509728071, 1509731243, 1509728071, 1509731243, 1509728071, 1509731243),
(425, 1, 74, 92, NULL, NULL, 'Nein', 'Ja', NULL, NULL, 1509793647, 1509798007, 1, 1, 'Nein', 'Ja', 'Nein', 'Ja', 'Nein', 'Ja', 1509793647, 1509798007, 1509793647, 1509798007, 1509793647, 1509798007),
(425, 2, 74, 95, 0, 3, 'Nein', 'Ja', NULL, NULL, 1509793765, 1509798302, 1, 1, 'Nein', 'Ja', 'Nein', 'Ja', 'Nein', 'Ja', 1509793765, 1509798302, 1509793765, 1509798302, 1509793764, 1509798301),
(425, 3, 74, 99, 0, 4, 'Nein', 'Ja', NULL, NULL, 1509793899, 1509798445, 1, 1, 'Nein', 'Ja', 'Nein', 'Ja', 'Nein', 'Ja', 1509793899, 1509798445, 1509793903, 1509798445, 1509793891, 1509798444),
(426, 1, 69, 89, NULL, NULL, 'Ja', 'Ja', NULL, NULL, 1509793130, 1509797781, 1, 1, 'Ja', 'Ja', 'Ja', 'Ja', 'Ja', 'Ja', 1509793130, 1509797781, 1509793129, 1509797781, 1509793129, 1509797779),
(426, 2, 72, 93, 3, 4, 'Nein', 'Ja', NULL, NULL, 1509793471, 1509798130, 1, 1, 'Nein', 'Ja', 'Nein', 'Ja', 'Nein', 'Ja', 1509793471, 1509798130, 1509793471, 1509798129, 1509793470, 1509798129),
(426, 3, 72, 100, 0, 7, 'Ja', 'Nein', NULL, NULL, 1509793583, 1509798531, 1, 1, 'Ja', 'Nein', 'Ja', 'Nein', 'Ja', 'Nein', 1509793583, 1509798531, 1509793583, 1509798531, 1509793582, 1509798531),
(427, 1, 125, 153, NULL, NULL, 'Ja', 'Ja', NULL, NULL, 1509827961, 1509831963, 1, 1, 'Ja', 'Ja', 'Ja', 'Nein', 'Ja', 'Ja', 1509827961, 1509831963, 1509827961, 1509831964, 1509827961, 1509831964),
(427, 2, 133, 160, 8, 7, 'Nein', 'Ja', NULL, NULL, 1509828392, 1509832218, 1, 1, 'Nein', 'Ja', 'Nein', 'Nein', 'Nein', 'Ja', 1509828392, 1509832218, 1509828392, 1509832219, 1509828391, 1509832218),
(427, 3, 133, 164, 0, 4, 'Nein', 'Nein', NULL, NULL, 1509828505, 1509832440, 1, 1, 'Nein', 'Nein', 'Nein', 'Nein', 'Nein', 'Nein', 1509828505, 1509832440, 1509828505, 1509832441, 1509828504, 1509832440),
(428, 1, 83, 105, NULL, NULL, 'Ja', 'Ja', NULL, NULL, 1509726250, 1509729788, 1, 1, 'Ja', 'Ja', 'Ja', 'Ja', 'Ja', 'Ja', 1509726250, 1509729788, 1509726250, 1509729788, 1509726250, 1509729788),
(428, 2, 85, 110, 2, 5, 'Ja', 'Ja', NULL, NULL, 1509726442, 1509730214, 1, 1, 'Ja', 'Ja', 'Ja', 'Ja', 'Ja', 'Ja', 1509726442, 1509730214, 1509726442, 1509730214, 1509726442, 1509730215),
(428, 3, 87, 113, 2, 3, 'Ja', 'Nein', NULL, NULL, 1509726890, 1509730514, 1, 1, 'Ja', 'Nein', 'Ja', 'Nein', 'Ja', 'Nein', 1509726890, 1509730514, 1509726889, 1509730514, 1509726890, 1509730513),
(429, 1, 76, 95, NULL, NULL, 'Ja', 'Ja', NULL, NULL, 1509801241, 1509803622, 1, 1, 'Ja', 'Ja', 'Ja', 'Ja', 'Ja', 'Ja', 1509801241, 1509803622, 1509801241, 1509803622, 1509801241, 1509803622),
(429, 2, 80, 100, 4, 5, 'Ja', 'Nein', NULL, NULL, 1509801389, 1509803801, 1, 1, 'Ja', 'Nein', 'Ja', 'Nein', 'Ja', 'Nein', 1509801389, 1509803801, 1509801389, 1509803802, 1509801389, 1509803802),
(429, 3, 83, 100, 3, 0, 'Ja', 'Nein', NULL, NULL, 1509801511, 1509803955, 1, 1, 'Ja', 'Nein', 'Ja', 'Nein', 'Ja', 'Nein', 1509801511, 1509803955, 1509801511, 1509803955, 1509801511, 1509803955),
(430, 1, 98, 127, NULL, NULL, 'Ja', 'Ja', NULL, NULL, 1509827291, 1509831369, 1, 1, 'Ja', 'Ja', 'Ja', 'Ja', 'Ja', 'Ja', 1509827291, 1509831369, 1509827291, 1509831369, 1509827291, 1509831369),
(430, 2, 102, 136, 4, 9, 'Ja', 'Nein', NULL, NULL, 1509827413, 1509831654, 1, 1, 'Ja', 'Nein', 'Ja', 'Nein', 'Ja', 'Nein', 1509827413, 1509831654, 1509827414, 1509831655, 1509827414, 1509831654),
(430, 3, 105, 136, 3, 0, 'Ja', 'Nein', NULL, NULL, 1509827585, 1509831795, 1, 1, 'Ja', 'Nein', 'Ja', 'Nein', 'Ja', 'Nein', 1509827585, 1509831795, 1509827585, 1509831796, 1509827585, 1509831795),
(431, 1, 48, 65, NULL, NULL, 'Ja', 'Nein', NULL, NULL, 1509799721, 1509802134, 1, 1, 'Ja', 'Nein', 'Nein', 'Nein', 'Ja', 'Nein', 1509799721, 1509802134, 1509799722, 1509802134, 1509799722, 1509802135),
(431, 2, 51, 65, 3, 0, 'Ja', 'Ja', NULL, NULL, 1509799885, 1509802223, 1, 1, 'Ja', 'Ja', 'Ja', 'Ja', 'Nein', 'Ja', 1509799885, 1509802223, 1509799886, 1509802224, 1509799885, 1509802223),
(431, 3, 53, 69, 2, 4, 'Nein', 'Nein', NULL, NULL, 1509800021, 1509802438, 1, 1, 'Nein', 'Nein', 'Nein', 'Nein', 'Nein', 'Nein', 1509800021, 1509802438, 1509800021, 1509802438, 1509800022, 1509802438),
(432, 1, NULL, NULL, NULL, NULL, NULL, NULL, NULL, NULL, NULL, NULL, NULL, NULL, NULL, NULL, NULL, NULL, NULL, NULL, NULL, NULL, NULL, NULL, NULL, NULL),
(432, 2, NULL, NULL, NULL, NULL, NULL, NULL, NULL, NULL, NULL, NULL, NULL, NULL, NULL, NULL, NULL, NULL, NULL, NULL, NULL, NULL, NULL, NULL, NULL, NULL),
(432, 3, NULL, NULL, NULL, NULL, NULL, NULL, NULL, NULL, NULL, NULL, NULL, NULL, NULL, NULL, NULL, NULL, NULL, NULL, NULL, NULL, NULL, NULL, NULL, NULL),
(436, 1, 61, 75, NULL, NULL, 'Ja', 'Ja', NULL, NULL, 1509734665, 1509738218, 1, 1, 'Ja', 'Ja', 'Ja', 'Ja', 'Ja', 'Ja', 1509734665, 1509738218, 1509734665, 1509738218, 1509734536, 1509738219),
(436, 2, 65, 80, 4, 5, 'Ja', 'Nein', NULL, NULL, 1509735241, 1509738722, 1, 1, 'Ja', 'Nein', 'Ja', 'Nein', 'Ja', 'Nein', 1509735241, 1509738722, 1509735242, 1509738723, 1509735242, 1509738722),
(436, 3, 67, 85, 2, 5, 'Ja', 'Nein', NULL, NULL, 1509735411, 1509739125, 1, 1, 'Ja', 'Nein', 'Ja', 'Nein', 'Ja', 'Nein', 1509735411, 1509739125, 1509735412, 1509739125, 1509735412, 1509739125),
(437, 1, 48, 63, NULL, NULL, 'Ja', 'Ja', NULL, NULL, 1509790752, 1509794670, 1, 1, 'Ja', 'Ja', 'Ja', 'Nein', 'Ja', 'Ja', 1509790752, 1509794670, 1509790752, 1509794669, 1509790752, 1509794669),
(437, 2, 52, 67, 4, 4, 'Ja', 'Nein', NULL, NULL, 1509791146, 1509794999, 1, 1, 'Nein', 'Nein', 'Ja', 'Nein', 'Ja', 'Nein', 1509791146, 1509794999, 1509791146, 1509794998, 1509791146, 1509794998),
(437, 3, 55, 68, 3, 1, 'Ja', 'Nein', NULL, NULL, 1509791475, 1509795329, 1, 1, 'Ja', 'Nein', 'Ja', 'Nein', 'Ja', 'Nein', 1509791475, 1509795329, 1509791475, 1509795329, 1509791474, 1509795329),
(438, 1, 102, 115, NULL, NULL, 'Nein', 'Nein', NULL, 1, 1509806618, NULL, 1, 1, 'Nein', NULL, 'Nein', NULL, 'Nein', NULL, 1509806618, NULL, 1509806618, NULL, 1509806618, NULL),
(438, 2, 103, 116, 1, 1, 'Nein', 'Nein', NULL, 1, 1509806749, NULL, 1, 1, 'Nein', NULL, 'Nein', NULL, 'Nein', NULL, 1509806749, NULL, 1509806749, NULL, 1509806749, NULL),
(438, 3, 103, 117, 0, 1, 'Ja', 'Nein', NULL, 1, 1509806875, NULL, 1, 1, 'Ja', NULL, 'Ja', NULL, 'Ja', NULL, 1509806875, NULL, 1509806875, NULL, 1509806875, NULL),
(439, 1, 103, 135, NULL, NULL, 'Ja', 'Ja', NULL, NULL, 1509885910, 1509889466, 1, 1, 'Ja', 'Ja', 'Ja', 'Ja', 'Ja', 'Ja', 1509885910, 1509889466, 1509885910, 1509889466, 1509885910, 1509889466),
(439, 2, 107, 142, 4, 7, 'Ja', 'Ja', NULL, NULL, 1509886123, 1509889718, 1, 1, 'Ja', 'Ja', 'Ja', 'Ja', 'Ja', 'Ja', 1509886123, 1509889718, 1509886123, 1509889718, 1509886123, 1509889718),
(439, 3, 110, 150, 3, 8, 'Ja', 'Nein', NULL, NULL, 1509886258, 1509889963, 1, 1, 'Ja', 'Nein', 'Ja', 'Nein', 'Ja', 'Nein', 1509886258, 1509889963, 1509886258, 1509889963, 1509886258, 1509889963),
(441, 1, 65, 85, NULL, NULL, 'Ja', 'Ja', NULL, NULL, 1509800638, 1509803230, 1, 1, 'Ja', 'Ja', 'Ja', 'Ja', 'Ja', 'Ja', 1509800638, 1509803230, 1509800638, 1509803230, 1509800638, 1509803230),
(441, 2, 69, 89, 4, 4, 'Ja', 'Ja', NULL, NULL, 1509800951, 1509803386, 1, 1, 'Ja', 'Ja', 'Ja', 'Ja', 'Ja', 'Nein', 1509800951, 1509803386, 1509800951, 1509803387, 1509800951, 1509803385),
(441, 3, 73, 92, 4, 3, 'Ja', 'Nein', NULL, NULL, 1509801177, 1509803546, 1, 1, 'Ja', 'Nein', 'Ja', 'Nein', 'Ja', 'Nein', 1509801177, 1509803546, 1509801177, 1509803547, 1509801177, 1509803546),
(442, 1, 155, 190, NULL, NULL, 'Ja', 'Ja', NULL, NULL, 1509830236, 1509834159, 1, 1, 'Ja', 'Ja', 'Ja', 'Ja', 'Ja', 'Ja', 1509830236, 1509834159, 1509830235, 1509834159, 1509830235, 1509834160),
(442, 2, 160, 197, 5, 7, 'Ja', 'Ja', NULL, NULL, 1509830413, 1509834539, 1, 1, 'Ja', 'Ja', 'Ja', 'Ja', 'Ja', 'Ja', 1509830413, 1509834539, 1509830413, 1509834539, 1509830413, 1509834540),
(442, 3, 163, 200, 3, 3, 'Ja', 'Nein', NULL, NULL, 1509830627, 1509834755, 1, 1, 'Ja', 'Nein', 'Ja', 'Nein', 'Ja', 'Nein', 1509830627, 1509834755, 1509830627, 1509834754, 1509830628, 1509834754),
(443, 1, 34, 44, NULL, NULL, 'Ja', 'Ja', NULL, NULL, 1509711376, 1509714781, 1, 1, 'Ja', 'Ja', 'Ja', 'Ja', 'Ja', 'Ja', 1509711376, 1509714781, 1509711376, 1509714781, 1509711376, 1509714781),
(443, 2, 35, 45, 1, 1, 'Ja', 'Ja', NULL, NULL, 1509711485, 1509714883, 1, 1, 'Ja', 'Ja', 'Ja', 'Ja', 'Ja', 'Ja', 1509711485, 1509714883, 1509711485, 1509714883, 1509711484, 1509714883),
(443, 3, 36, 46, 1, 1, 'Ja', 'Ja', NULL, NULL, 1509711592, 1509714973, 1, 1, 'Ja', 'Ja', 'Ja', 'Ja', 'Ja', 'Ja', 1509711592, 1509714973, 1509711592, 1509714973, 1509711591, 1509714973),
(444, 1, 59, 70, NULL, NULL, 'Ja', 'Ja', NULL, NULL, 1509734476, 1509737381, 1, 1, 'Ja', 'Ja', 'Ja', 'Ja', 'Ja', 'Ja', 1509734476, 1509737381, 1509734470, 1509737381, 1509734533, 1509737381),
(444, 2, 62, 72, 3, 2, 'Ja', 'Nein', NULL, NULL, 1509734936, 1509737856, 1, 1, 'Ja', 'Nein', 'Ja', 'Nein', 'Ja', 'Nein', 1509734936, 1509737856, 1509734937, 1509737856, 1509734937, 1509737856),
(444, 3, 63, 72, 1, 0, 'Nein', 'Nein', NULL, NULL, 1509735097, 1509737992, 1, 1, 'Nein', 'Nein', 'Nein', 'Nein', 'Nein', 'Nein', 1509735097, 1509737992, 1509735097, 1509737993, 1509735097, 1509737993),
(445, 1, 52, 63, NULL, NULL, 'Nein', 'Ja', NULL, NULL, 1509733265, 1509736208, 1, 1, 'Nein', 'Ja', 'Nein', 'Ja', 'Nein', 'Ja', 1509733265, 1509736208, 1509733266, 1509736208, 1509733265, 1509736208),
(445, 2, 52, 66, 0, 3, 'Nein', 'Ja', NULL, NULL, 1509733413, 1509736819, 1, 1, 'Nein', 'Ja', 'Nein', 'Ja', 'Nein', 'Ja', 1509733413, 1509736819, 1509733414, 1509736819, 1509733413, 1509736820),
(445, 3, 52, 69, 0, 3, 'Ja', 'Nein', NULL, NULL, 1509733529, 1509737187, 1, 1, 'Ja', 'Ja', 'Ja', 'Nein', 'Ja', 'Nein', 1509733529, 1509737187, 1509733529, 1509737188, 1509733529, 1509737188),
(447, 1, 54, 68, NULL, NULL, 'Ja', 'Ja', NULL, NULL, 1509733633, 1509737082, 1, 1, 'Ja', 'Ja', 'Ja', 'Ja', 'Ja', 'Ja', 1509733633, 1509737082, 1509733634, 1509737082, 1509733634, 1509737082),
(447, 2, 57, 72, 3, 4, 'Ja', 'Nein', NULL, NULL, 1509734143, 1509737687, 1, 1, 'Ja', 'Nein', 'Ja', 'Nein', 'Ja', 'Nein', 1509734143, 1509737687, 1509734143, 1509737687, 1509734143, 1509737687),
(447, 3, 61, 72, 4, 0, 'Nein', 'Ja', NULL, NULL, 1509734757, 1509738040, 1, 1, 'Nein', 'Nein', 'Nein', 'Ja', 'Nein', 'Ja', 1509734757, 1509738040, 1509734758, 1509738040, 1509734758, 1509738041),
(448, 1, 143, 175, NULL, NULL, 'Nein', 'Ja', NULL, NULL, 1509829160, 1509833021, 1, 1, 'Nein', 'Ja', 'Nein', 'Ja', 'Nein', 'Ja', 1509829160, 1509833021, 1509829160, 1509833021, 1509829159, 1509833021),
(448, 2, 143, 180, 0, 5, 'Ja', 'Ja', NULL, NULL, 1509829260, 1509833592, 1, 1, 'Ja', 'Ja', 'Ja', 'Ja', 'Ja', 'Ja', 1509829260, 1509833592, 1509829259, 1509833592, 1509829259, 1509833592),
(448, 3, 148, 184, 5, 4, 'Ja', 'Nein', NULL, NULL, 1509829817, 1509833882, 1, 1, 'Ja', 'Nein', 'Ja', 'Nein', 'Ja', 'Nein', 1509829817, 1509833882, 1509829817, 1509833880, 1509829817, 1509833880),
(449, 1, 66, 88, NULL, NULL, 'Ja', 'Nein', NULL, NULL, 1509714504, 1509717956, 1, 1, 'Ja', 'Nein', 'Ja', 'Nein', 'Ja', 'Nein', 1509714504, 1509717956, 1509714504, 1509717956, 1509714504, 1509717956),
(449, 2, 69, 88, 3, 0, 'Ja', 'Nein', NULL, 1, 1509714624, 1509718074, 1, 1, 'Ja', 'Nein', 'Ja', 'Nein', 'Ja', 'Nein', 1509714624, 1509718074, 1509714624, 1509718073, 1509714623, 1509718073),
(449, 3, 70, 88, 1, 0, 'Nein', 'Nein', 1, 1, NULL, NULL, 1, 1, NULL, NULL, NULL, NULL, NULL, NULL, NULL, NULL, NULL, NULL, NULL, NULL),
(450, 1, 90, 108, NULL, NULL, 'Ja', 'Ja', NULL, NULL, 1509726964, 1509730000, 1, 1, 'Ja', 'Ja', 'Ja', 'Ja', 'Ja', 'Ja', 1509726964, 1509730000, 1509726964, 1509730000, 1509726964, 1509730000),
(450, 2, 93, 112, 3, 4, 'Ja', 'Ja', NULL, NULL, 1509727338, 1509730365, 1, 1, 'Ja', 'Ja', 'Ja', 'Ja', 'Ja', 'Ja', 1509727338, 1509730365, 1509727338, 1509730365, 1509727338, 1509730365),
(450, 3, 95, 115, 2, 3, 'Nein', 'Ja', NULL, NULL, 1509727509, 1509730649, 1, 1, 'Nein', 'Ja', 'Nein', 'Ja', 'Nein', 'Nein', 1509727509, 1509730649, 1509727509, 1509730649, 1509727509, 1509730649),
(451, 1, 69, 75, NULL, NULL, 'Ja', 'Ja', NULL, NULL, 1509742414, 1509745822, 1, 1, 'Ja', 'Ja', 'Ja', 'Ja', 'Ja', 'Ja', 1509742414, 1509745822, 1509742414, 1509745823, 1509742414, 1509745822),
(451, 2, 72, 79, 3, 4, 'Nein', 'Ja', NULL, NULL, 1509742905, 1509746320, 1, 1, 'Nein', 'Ja', 'Nein', 'Ja', 'Nein', 'Ja', 1509742905, 1509746320, 1509742904, 1509746320, 1509742905, 1509746320),
(451, 3, 73, 81, 1, 2, 'Nein', 'Ja', NULL, NULL, 1509743080, 1509746729, 1, 1, 'Nein', 'Ja', 'Nein', 'Ja', 'Nein', 'Ja', 1509743080, 1509746729, 1509743079, 1509746729, 1509743080, 1509746729),
(452, 1, 98, 120, NULL, NULL, 'Ja', 'Ja', NULL, NULL, 1509806400, 1509811067, 1, 1, 'Ja', 'Ja', 'Ja', 'Ja', 'Ja', 'Ja', 1509806400, 1509811067, 1509806400, 1509811068, 1509806401, 1509811065),
(452, 2, 103, 127, 5, 7, 'Ja', 'Ja', NULL, NULL, 1509806706, 1509811470, 1, 1, 'Ja', 'Ja', 'Ja', 'Ja', 'Ja', 'Ja', 1509806706, 1509811470, 1509806706, 1509811470, 1509806706, 1509811470),
(452, 3, 107, 132, 4, 5, 'Nein', 'Nein', NULL, NULL, 1509807275, 1509811832, 1, 1, 'Nein', 'Nein', 'Nein', 'Nein', 'Nein', 'Nein', 1509807275, 1509811832, 1509807275, 1509811832, 1509807274, 1509811832),
(453, 1, 68, 90, NULL, NULL, 'Ja', 'Ja', NULL, NULL, 1509720073, 1509722857, 1, 1, 'Ja', 'Ja', 'Ja', 'Ja', 'Ja', 'Ja', 1509720073, 1509722857, 1509720072, 1509722858, 1509720073, 1509722858),
(453, 2, 72, 96, 4, 6, 'Ja', 'Ja', NULL, NULL, 1509720248, 1509723276, 1, 1, 'Ja', 'Ja', 'Ja', 'Ja', 'Ja', 'Ja', 1509720248, 1509723276, 1509720248, 1509723276, 1509720249, 1509723277),
(453, 3, 75, 97, 3, 1, 'Ja', 'Ja', NULL, NULL, 1509720404, 1509723365, 1, 1, 'Ja', 'Ja', 'Ja', 'Ja', 'Ja', 'Ja', 1509720404, 1509723365, 1509720405, 1509723365, 1509720405, 1509723366);
INSERT INTO `heber_wk_3` (`IdHeber`, `Versuch`, `Reißen`, `Stoßen`, `Div_Wert_R`, `Div_Wert_S`, `Gueltig_Reißen`, `Gueltig_Stoßen`, `Reißen_Verzicht`, `Stoßen_Verzicht`, `time_Reißen`, `time_Stoßen`, `NH_Reißen`, `NH_Stoßen`, `G_Reißen_1`, `G_Stoßen_1`, `G_Reißen_2`, `G_Stoßen_2`, `G_Reißen_3`, `G_Stoßen_3`, `Time_Reißen_1`, `Time_Stoßen_1`, `Time_Reißen_2`, `Time_Stoßen_2`, `Time_Reißen_3`, `Time_Stoßen_3`) VALUES
(454, 1, 88, 105, NULL, NULL, 'Ja', 'Ja', NULL, NULL, 1509805642, 1509810448, 1, 1, 'Ja', 'Ja', 'Ja', 'Ja', 'Ja', 'Ja', 1509805642, 1509810448, 1509805642, 1509810447, 1509805642, 1509810448),
(454, 2, 92, 110, 4, 5, 'Nein', 'Ja', NULL, NULL, 1509805863, 1509810575, 1, 1, 'Nein', 'Ja', 'Ja', 'Ja', 'Nein', 'Ja', 1509805863, 1509810575, 1509805862, 1509810575, 1509805863, 1509810575),
(454, 3, 95, 115, 3, 5, 'Ja', 'Nein', NULL, NULL, 1509806045, 1509810783, 1, 1, 'Ja', 'Ja', 'Ja', 'Nein', 'Ja', 'Nein', 1509806045, 1509810783, 1509806045, 1509810783, 1509806045, 1509810781),
(455, 1, 82, 100, NULL, NULL, 'Ja', 'Nein', NULL, NULL, 1509721013, 1509723556, 1, 1, 'Ja', 'Ja', 'Ja', 'Nein', 'Ja', 'Nein', 1509721013, 1509723556, 1509721013, 1509723556, 1509721013, 1509723557),
(455, 2, 86, 100, 4, 0, 'Ja', 'Ja', NULL, NULL, 1509721201, 1509723731, 1, 1, 'Ja', 'Ja', 'Ja', 'Ja', 'Ja', 'Ja', 1509721201, 1509723731, 1509721201, 1509723731, 1509721202, 1509723731),
(455, 3, 88, 109, 2, 9, 'Nein', 'Ja', NULL, NULL, 1509721316, 1509724052, 1, 1, 'Nein', 'Ja', 'Nein', 'Ja', 'Nein', 'Ja', 1509721316, 1509724052, 1509721316, 1509724051, 1509721316, 1509724052),
(456, 1, 113, 144, NULL, NULL, 'Ja', 'Nein', NULL, NULL, 1509818162, 1509823791, 1, 1, 'Ja', 'Nein', 'Ja', 'Nein', 'Ja', 'Nein', 1509818162, 1509823791, 1509818162, 1509823792, 1509818162, 1509823792),
(456, 2, 116, 144, 3, 0, 'Ja', 'Nein', NULL, NULL, 1509818618, 1509823902, 1, 1, 'Ja', 'Nein', 'Ja', 'Nein', 'Ja', 'Nein', 1509818618, 1509823902, 1509818619, 1509823902, 1509818619, 1509823903),
(456, 3, 119, 144, 3, 0, 'Nein', 'Ja', NULL, NULL, 1509818847, 1509824025, 1, 1, 'Nein', 'Ja', 'Nein', 'Ja', 'Nein', 'Ja', 1509818847, 1509824025, 1509818848, 1509824026, 1509818848, 1509824026),
(457, 1, 128, 153, NULL, NULL, 'Ja', 'Ja', NULL, NULL, 1509819699, 1509824800, 1, 1, 'Ja', 'Ja', 'Ja', 'Ja', 'Ja', 'Ja', 1509819699, 1509824800, 1509819700, 1509824800, 1509819700, 1509824800),
(457, 2, 133, 159, 5, 6, 'Ja', 'Ja', NULL, NULL, 1509820095, 1509825213, 1, 1, 'Ja', 'Ja', 'Ja', 'Ja', 'Ja', 'Ja', 1509820095, 1509825213, 1509820096, 1509825213, 1509820096, 1509825213),
(457, 3, 136, 163, 3, 4, 'Nein', 'Ja', NULL, NULL, 1509820275, 1509825504, 1, 1, 'Nein', 'Ja', 'Nein', 'Ja', 'Nein', 'Ja', 1509820275, 1509825504, 1509820276, 1509825504, 1509820276, 1509825504),
(458, 1, 118, 145, NULL, NULL, 'Ja', 'Ja', NULL, NULL, 1509728502, 1509731380, 1, 1, 'Ja', 'Ja', 'Ja', 'Ja', 'Ja', 'Ja', 1509728502, 1509731380, 1509728502, 1509731380, 1509728501, 1509731380),
(458, 2, 122, 150, 4, 5, 'Ja', 'Ja', NULL, NULL, 1509728680, 1509731525, 1, 1, 'Ja', 'Ja', 'Ja', 'Ja', 'Ja', 'Ja', 1509728680, 1509731525, 1509728680, 1509731525, 1509728680, 1509731526),
(458, 3, 126, 153, 4, 3, 'Nein', 'Nein', NULL, NULL, 1509728873, 1509731709, 1, 1, 'Nein', 'Nein', 'Nein', 'Nein', 'Nein', 'Nein', 1509728873, 1509731709, 1509728873, 1509731709, 1509728873, 1509731709),
(459, 1, 58, 69, NULL, NULL, 'Ja', 'Ja', NULL, NULL, 1509791854, 1509795392, 1, 1, 'Ja', 'Ja', 'Ja', 'Ja', 'Ja', 'Ja', 1509791854, 1509795392, 1509791853, 1509795392, 1509791853, 1509795392),
(459, 2, 62, 73, 4, 4, 'Ja', 'Ja', NULL, NULL, 1509792340, 1509795720, 1, 1, 'Ja', 'Ja', 'Ja', 'Ja', 'Ja', 'Ja', 1509792340, 1509795720, 1509792340, 1509795720, 1509792339, 1509795720),
(459, 3, 64, 76, 2, 3, 'Nein', 'Ja', NULL, NULL, 1509792743, 1509796258, 1, 1, 'Nein', 'Ja', 'Nein', 'Ja', 'Nein', 'Ja', 1509792743, 1509796258, 1509792743, 1509796258, 1509792743, 1509796257),
(461, 1, 38, 48, NULL, NULL, 'Nein', 'Ja', NULL, NULL, 1509711780, 1509715047, 1, 1, 'Nein', 'Ja', 'Nein', 'Ja', 'Nein', 'Ja', 1509711780, 1509715047, 1509711780, 1509715047, 1509711779, 1509715047),
(461, 2, 38, 52, 0, 4, 'Ja', 'Ja', NULL, NULL, 1509711898, 1509715427, 1, 1, 'Ja', 'Nein', 'Ja', 'Ja', 'Ja', 'Ja', 1509711898, 1509715427, 1509711898, 1509715427, 1509711897, 1509715427),
(461, 3, 40, 55, 2, 3, 'Nein', 'Nein', NULL, NULL, 1509712172, 1509715846, 1, 1, 'Nein', 'Nein', 'Nein', 'Nein', 'Nein', 'Nein', 1509712172, 1509715846, 1509712171, 1509715844, 1509712171, 1509715844),
(462, 1, 61, 81, NULL, NULL, 'Ja', 'Ja', NULL, NULL, 1509880658, 1509882807, 1, 1, 'Ja', 'Ja', 'Ja', 'Ja', 'Ja', 'Ja', 1509880658, 1509882807, 1509880659, 1509882807, 1509880659, 1509882807),
(462, 2, 66, 85, 5, 4, 'Ja', 'Ja', NULL, NULL, 1509880890, 1509883102, 1, 1, 'Ja', 'Ja', 'Ja', 'Ja', 'Ja', 'Ja', 1509880890, 1509883102, 1509880890, 1509883102, 1509880890, 1509883102),
(462, 3, 70, 90, 4, 5, 'Nein', 'Nein', NULL, NULL, 1509881034, 1509883263, 1, 1, 'Nein', 'Nein', 'Nein', 'Nein', 'Nein', 'Ja', 1509881034, 1509883263, 1509881034, 1509883263, 1509881034, 1509883263),
(463, 1, 50, 70, NULL, NULL, 'Ja', 'Ja', NULL, NULL, 1509880265, 1509882412, 1, 1, 'Ja', 'Ja', 'Ja', 'Ja', 'Ja', 'Ja', 1509880265, 1509882412, 1509880264, 1509882412, 1509880264, 1509882412),
(463, 2, 55, 75, 5, 5, 'Ja', 'Ja', NULL, NULL, 1509880376, 1509882558, 1, 1, 'Ja', 'Ja', 'Ja', 'Ja', 'Ja', 'Ja', 1509880376, 1509882558, 1509880376, 1509882558, 1509880376, 1509882558),
(463, 3, 60, 80, 5, 5, 'Ja', 'Ja', NULL, NULL, 1509880622, 1509882763, 1, 1, 'Ja', 'Ja', 'Ja', 'Ja', 'Ja', 'Ja', 1509880622, 1509882763, 1509880621, 1509882763, 1509880621, 1509882763),
(464, 1, 91, 113, NULL, NULL, 'Ja', 'Ja', NULL, NULL, 1509885520, 1509888718, 1, 1, 'Ja', 'Ja', 'Ja', 'Ja', 'Ja', 'Ja', 1509885520, 1509888718, 1509885520, 1509888718, 1509885520, 1509888718),
(464, 2, 95, 118, 4, 5, 'Ja', 'Ja', NULL, NULL, 1509885660, 1509888879, 1, 1, 'Ja', 'Ja', 'Ja', 'Ja', 'Ja', 'Ja', 1509885660, 1509888879, 1509885660, 1509888879, 1509885660, 1509888879),
(464, 3, 100, 125, 5, 7, 'Ja', 'Nein', NULL, NULL, 1509885816, 1509889298, 1, 1, 'Ja', 'Nein', 'Ja', 'Nein', 'Ja', 'Nein', 1509885816, 1509889298, 1509885816, 1509889298, 1509885816, 1509889298),
(465, 1, 80, 100, NULL, NULL, 'Ja', 'Nein', NULL, NULL, 1509801335, 1509803721, 1, 1, 'Ja', 'Nein', 'Ja', 'Ja', 'Ja', 'Nein', 1509801335, 1509803721, 1509801336, 1509803723, 1509801336, 1509803722),
(465, 2, 85, 100, 5, 0, 'Ja', 'Ja', NULL, NULL, 1509801580, 1509803881, 1, 1, 'Ja', 'Ja', 'Ja', 'Ja', 'Ja', 'Ja', 1509801580, 1509803881, 1509801580, 1509803881, 1509801580, 1509803881),
(465, 3, 95, 105, 10, 5, 'Nein', 'Nein', NULL, NULL, 1509801770, 1509804034, 1, 1, 'Nein', 'Nein', 'Nein', 'Nein', 'Nein', 'Nein', 1509801770, 1509804034, 1509801771, 1509804035, 1509801771, 1509804035),
(466, 1, 125, 142, NULL, NULL, 'Ja', 'Ja', NULL, NULL, 1509819403, 1509823449, 1, 1, 'Ja', 'Ja', 'Ja', 'Ja', 'Ja', 'Nein', 1509819403, 1509823449, 1509819404, 1509823450, 1509819403, 1509823450),
(466, 2, 131, 147, 6, 5, 'Ja', 'Ja', NULL, NULL, 1509819984, 1509824301, 1, 1, 'Ja', 'Ja', 'Ja', 'Ja', 'Ja', 'Ja', 1509819984, 1509824301, 1509819984, 1509824301, 1509819984, 1509824301),
(466, 3, 135, 150, 4, 3, 'Ja', 'Nein', NULL, 1, 1509820203, NULL, 1, 1, 'Ja', NULL, 'Ja', NULL, 'Ja', NULL, 1509820203, NULL, 1509820204, NULL, 1509820204, NULL),
(467, 1, 107, 140, NULL, NULL, 'Ja', 'Ja', NULL, NULL, 1509886075, 1509889646, 1, 1, 'Ja', 'Ja', 'Ja', 'Ja', 'Ja', 'Ja', 1509886075, 1509889646, 1509886076, 1509889646, 1509886076, 1509889646),
(467, 2, 111, 147, 4, 7, 'Ja', 'Ja', NULL, NULL, 1509886329, 1509889897, 1, 1, 'Ja', 'Ja', 'Ja', 'Ja', 'Ja', 'Ja', 1509886329, 1509889897, 1509886328, 1509889897, 1509886329, 1509889897),
(467, 3, 115, 154, 4, 7, 'Nein', 'Nein', NULL, NULL, 1509886518, 1509890065, 1, 1, 'Nein', 'Nein', 'Nein', 'Nein', 'Nein', 'Nein', 1509886518, 1509890065, 1509886518, 1509890064, 1509886518, 1509890064),
(468, 1, 60, 75, NULL, NULL, 'Ja', 'Ja', NULL, NULL, 1509880544, 1509882505, 1, 1, 'Ja', 'Ja', 'Ja', 'Nein', 'Ja', 'Ja', 1509880544, 1509882505, 1509880544, 1509882504, 1509880544, 1509882505),
(468, 2, 63, 79, 3, 4, 'Ja', 'Ja', NULL, NULL, 1509880752, 1509882699, 1, 1, 'Ja', 'Ja', 'Ja', 'Nein', 'Ja', 'Ja', 1509880752, 1509882699, 1509880751, 1509882697, 1509880751, 1509882699),
(468, 3, 66, 83, 3, 4, 'Ja', 'Nein', NULL, NULL, 1509880938, 1509882954, 1, 1, 'Ja', 'Nein', 'Ja', 'Nein', 'Ja', 'Nein', 1509880938, 1509882954, 1509880938, 1509882954, 1509880938, 1509882954),
(469, 1, 73, 88, NULL, NULL, 'Ja', 'Ja', NULL, NULL, 1509743027, 1509747552, 1, 1, 'Ja', 'Ja', 'Ja', 'Ja', 'Ja', 'Ja', 1509743027, 1509747552, 1509743026, 1509747551, 1509743026, 1509747552),
(469, 2, 76, 91, 3, 3, 'Ja', 'Ja', NULL, NULL, 1509743380, 1509747769, 1, 1, 'Ja', 'Ja', 'Ja', 'Ja', 'Nein', 'Ja', 1509743380, 1509747769, 1509743379, 1509747769, 1509743379, 1509747769),
(469, 3, 77, 93, 1, 2, 'Ja', 'Ja', NULL, NULL, 1509743509, 1509747996, 1, 1, 'Ja', 'Ja', 'Ja', 'Ja', 'Ja', 'Ja', 1509743509, 1509747996, 1509743509, 1509747996, 1509743509, 1509747996),
(470, 1, 125, 153, NULL, NULL, 'Ja', 'Ja', NULL, NULL, 1509819352, 1509824856, 1, 1, 'Ja', 'Ja', 'Ja', 'Ja', 'Ja', 'Ja', 1509819352, 1509824856, 1509819353, 1509824856, 1509819353, 1509824856),
(470, 2, 128, 157, 3, 4, 'Nein', 'Ja', NULL, NULL, 1509819755, 1509825125, 1, 1, 'Nein', 'Ja', 'Nein', 'Ja', 'Nein', 'Ja', 1509819755, 1509825125, 1509819755, 1509825126, 1509819755, 1509825126),
(470, 3, 128, 160, 0, 3, 'Ja', 'Ja', NULL, NULL, 1509819861, 1509825417, 1, 1, 'Ja', 'Ja', 'Ja', 'Ja', 'Ja', 'Ja', 1509819861, 1509825417, 1509819862, 1509825418, 1509819862, 1509825418),
(471, 1, 58, 77, NULL, NULL, 'Ja', 'Ja', NULL, NULL, 1509713763, 1509717492, 1, 1, 'Ja', 'Ja', 'Ja', 'Ja', 'Ja', 'Ja', 1509713763, 1509717492, 1509713763, 1509717492, 1509713762, 1509717492),
(471, 2, 61, 80, 3, 3, 'Ja', 'Ja', NULL, NULL, 1509714181, 1509717724, 1, 1, 'Ja', 'Ja', 'Ja', 'Ja', 'Ja', 'Ja', 1509714181, 1509717724, 1509714181, 1509717724, 1509714181, 1509717724),
(471, 3, 63, 82, 2, 2, 'Ja', 'Ja', NULL, NULL, 1509714340, 1509717878, 1, 1, 'Ja', 'Ja', 'Ja', 'Ja', 'Ja', 'Ja', 1509714340, 1509717878, 1509714340, 1509717878, 1509714340, 1509717877),
(472, 1, 90, 119, NULL, NULL, 'Ja', 'Nein', NULL, NULL, 1509721445, 1509724147, 1, 1, 'Nein', 'Nein', 'Ja', 'Nein', 'Ja', 'Nein', 1509721445, 1509724147, 1509721445, 1509724147, 1509721446, 1509724148),
(472, 2, 94, 120, 4, 1, 'Ja', 'Ja', NULL, NULL, 1509721673, 1509724345, 1, 1, 'Ja', 'Ja', 'Ja', 'Ja', 'Ja', 'Ja', 1509721673, 1509724345, 1509721673, 1509724345, 1509721673, 1509724346),
(472, 3, 97, 125, 3, 5, 'Ja', 'Ja', NULL, NULL, 1509721854, 1509724583, 1, 1, 'Ja', 'Ja', 'Ja', 'Ja', 'Ja', 'Ja', 1509721854, 1509724583, 1509721854, 1509724583, 1509721854, 1509724584),
(474, 1, 95, 120, NULL, NULL, 'Ja', 'Nein', NULL, NULL, 1509885611, 1509888970, 1, 1, 'Ja', 'Nein', 'Ja', 'Ja', 'Ja', 'Nein', 1509885611, 1509888970, 1509885611, 1509888970, 1509885611, 1509888968),
(474, 2, 100, 124, 5, 4, 'Nein', 'Nein', NULL, NULL, 1509885770, 1509889101, 1, 1, 'Nein', 'Nein', 'Nein', 'Nein', 'Nein', 'Nein', 1509885770, 1509889101, 1509885770, 1509889101, 1509885770, 1509889102),
(474, 3, 100, 124, 0, 0, 'Ja', 'Nein', NULL, NULL, 1509885858, 1509885631, 1, 1, 'Ja', NULL, 'Ja', NULL, 'Ja', NULL, 1509885858, NULL, 1509885859, NULL, 1509885859, NULL),
(475, 1, 60, 73, NULL, NULL, 'Ja', 'Ja', NULL, NULL, 1509791996, 1509795656, 1, 1, 'Ja', 'Ja', 'Ja', 'Ja', 'Ja', 'Nein', 1509791996, 1509795656, 1509791996, 1509795655, 1509791995, 1509795655),
(475, 2, 64, 77, 4, 4, 'Ja', 'Ja', NULL, NULL, 1509792614, 1509796382, 1, 1, 'Ja', 'Ja', 'Ja', 'Ja', 'Ja', 'Ja', 1509792614, 1509796382, 1509792614, 1509796382, 1509792613, 1509796381),
(475, 3, 66, 80, 2, 3, 'Ja', 'Ja', NULL, NULL, 1509792911, 1509796823, 1, 1, 'Ja', 'Ja', 'Ja', 'Nein', 'Ja', 'Ja', 1509792911, 1509796823, 1509792911, 1509796821, 1509792911, 1509796822),
(477, 1, 80, 105, NULL, NULL, 'Ja', 'Ja', NULL, NULL, 1509726092, 1509729843, 1, 1, 'Ja', 'Ja', 'Ja', 'Ja', 'Ja', 'Ja', 1509726092, 1509729843, 1509726092, 1509729844, 1509726092, 1509729843),
(477, 2, 85, 110, 5, 5, 'Nein', 'Ja', NULL, NULL, 1509726362, 1509730281, 1, 1, 'Nein', 'Ja', 'Nein', 'Ja', 'Nein', 'Ja', 1509726362, 1509730281, 1509726362, 1509730281, 1509726362, 1509730281),
(477, 3, 85, 112, 0, 2, 'Ja', 'Ja', NULL, NULL, 1509726521, 1509730426, 1, 1, 'Ja', 'Ja', 'Ja', 'Ja', 'Ja', 'Ja', 1509726521, 1509730426, 1509726520, 1509730426, 1509726521, 1509730426),
(478, 1, 144, 175, NULL, NULL, 'Ja', 'Ja', NULL, NULL, 1509886600, 1509890306, 1, 1, 'Ja', 'Ja', 'Ja', 'Ja', 'Ja', 'Ja', 1509886600, 1509890306, 1509886600, 1509890306, 1509886600, 1509890306),
(478, 2, 147, 180, 3, 5, 'Ja', 'Ja', NULL, NULL, 1509886759, 1509890518, 1, 1, 'Ja', 'Ja', 'Ja', 'Ja', 'Ja', 'Ja', 1509886759, 1509890518, 1509886759, 1509890518, 1509886759, 1509890518),
(478, 3, 150, 183, 3, 3, 'Nein', 'Ja', NULL, NULL, 1509887020, 1509836400, 1, 1, 'Nein', NULL, 'Nein', NULL, 'Nein', NULL, 1509887020, NULL, 1509887019, NULL, 1509887020, NULL),
(479, 1, 62, 82, NULL, NULL, 'Ja', 'Ja', NULL, NULL, 1509719826, 1509722582, 1, 1, 'Ja', 'Ja', 'Ja', 'Ja', 'Ja', 'Ja', 1509719826, 1509722582, 1509719826, 1509722582, 1509719827, 1509722583),
(479, 2, 66, 87, 4, 5, 'Ja', 'Ja', NULL, NULL, 1509719974, 1509722777, 1, 1, 'Ja', 'Ja', 'Ja', 'Ja', 'Ja', 'Ja', 1509719974, 1509722777, 1509719974, 1509722777, 1509719975, 1509722778),
(479, 3, 70, 92, 4, 5, 'Ja', 'Ja', NULL, NULL, 1509720163, 1509723036, 1, 1, 'Ja', 'Ja', 'Ja', 'Ja', 'Ja', 'Nein', 1509720163, 1509723036, 1509720163, 1509723036, 1509720164, 1509723037),
(480, 1, 70, 87, NULL, NULL, 'Ja', 'Ja', NULL, NULL, 1509793207, 1509797603, 1, 1, 'Ja', 'Ja', 'Ja', 'Ja', 'Ja', 'Ja', 1509793207, 1509797603, 1509793207, 1509797602, 1509793207, 1509797602),
(480, 2, 75, 91, 5, 4, 'Ja', 'Ja', NULL, NULL, 1509793961, 1509797945, 1, 1, 'Ja', 'Ja', 'Ja', 'Ja', 'Ja', 'Ja', 1509793961, 1509797945, 1509793961, 1509797945, 1509793961, 1509797945),
(480, 3, 77, 94, 2, 3, 'Ja', 'Ja', NULL, NULL, 1509794070, 1509798229, 1, 1, 'Ja', 'Ja', 'Ja', 'Ja', 'Ja', 'Ja', 1509794070, 1509798229, 1509794070, 1509798229, 1509794070, 1509798229),
(481, 1, 44, 61, NULL, NULL, 'Nein', 'Ja', NULL, NULL, 1509790433, 1509794568, 1, 1, 'Nein', 'Ja', 'Nein', 'Ja', 'Nein', 'Ja', 1509790433, 1509794568, 1509790433, 1509794568, 1509790433, 1509794567),
(481, 2, 44, 65, 0, 4, 'Ja', 'Ja', NULL, NULL, 1509790524, 1509794867, 1, 1, 'Ja', 'Nein', 'Ja', 'Ja', 'Ja', 'Ja', 1509790524, 1509794867, 1509790524, 1509794867, 1509790523, 1509794867),
(481, 3, 47, 67, 3, 2, 'Nein', 'Nein', NULL, NULL, 1509790709, 1509795177, 1, 1, 'Nein', 'Nein', 'Nein', 'Nein', 'Nein', 'Nein', 1509790709, 1509795177, 1509790709, 1509795177, 1509790708, 1509795177),
(484, 1, 77, 96, NULL, NULL, 'Ja', 'Ja', NULL, NULL, 1509720547, 1509723211, 1, 1, 'Ja', 'Ja', 'Ja', 'Ja', 'Ja', 'Ja', 1509720547, 1509723211, 1509720546, 1509723211, 1509720547, 1509723211),
(484, 2, 81, 100, 4, 4, 'Ja', 'Ja', NULL, NULL, 1509720878, 1509723668, 1, 1, 'Ja', 'Ja', 'Ja', 'Ja', 'Ja', 'Ja', 1509720878, 1509723668, 1509720878, 1509723668, 1509720878, 1509723669),
(484, 3, 84, 103, 3, 3, 'Ja', 'Nein', NULL, NULL, 1509721085, 1509723841, 1, 1, 'Ja', 'Nein', 'Ja', 'Nein', 'Nein', 'Nein', 1509721085, 1509723841, 1509721085, 1509723841, 1509721085, 1509723842),
(485, 1, 39, 48, NULL, NULL, 'Ja', 'Ja', NULL, NULL, 1509740076, 1509744234, 1, 1, 'Ja', 'Ja', 'Ja', 'Ja', 'Ja', 'Ja', 1509740076, 1509744234, 1509740075, 1509744233, 1509740076, 1509744233),
(485, 2, 43, 51, 4, 3, 'Ja', 'Ja', NULL, NULL, 1509740225, 1509744346, 1, 1, 'Ja', 'Ja', 'Ja', 'Ja', 'Ja', 'Ja', 1509740225, 1509744346, 1509740224, 1509744346, 1509740224, 1509744346),
(485, 3, 46, 54, 3, 3, 'Ja', 'Nein', NULL, NULL, 1509740429, 1509744506, 1, 1, 'Ja', 'Nein', 'Ja', 'Nein', 'Ja', 'Nein', 1509740429, 1509744506, 1509740428, 1509744505, 1509740429, 1509744505),
(486, 1, 120, 143, NULL, NULL, 'Ja', 'Ja', NULL, NULL, 1509818949, 1509823598, 1, 1, 'Ja', 'Ja', 'Ja', 'Ja', 'Ja', 'Ja', 1509818949, 1509823598, 1509818950, 1509823598, 1509818950, 1509823598),
(486, 2, 125, 150, 5, 7, 'Ja', 'Ja', NULL, NULL, 1509819454, 1509824702, 1, 1, 'Ja', 'Ja', 'Ja', 'Ja', 'Ja', 'Ja', 1509819454, 1509824702, 1509819454, 1509824702, 1509819454, 1509824702),
(486, 3, 129, 154, 4, 4, 'Nein', 'Ja', NULL, NULL, 1509819919, 1509824979, 1, 1, 'Nein', 'Ja', 'Nein', 'Ja', 'Nein', 'Ja', 1509819919, 1509824979, 1509819920, 1509824980, 1509819920, 1509824979),
(488, 1, 54, 66, NULL, NULL, 'Ja', 'Ja', NULL, NULL, 1509713556, 1509716683, 1, 1, 'Ja', 'Ja', 'Ja', 'Ja', 'Ja', 'Ja', 1509713556, 1509716683, 1509713556, 1509716683, 1509713555, 1509716683),
(488, 2, 58, 70, 4, 4, 'Ja', 'Ja', NULL, NULL, 1509713820, 1509716976, 1, 1, 'Ja', 'Ja', 'Ja', 'Ja', 'Ja', 'Ja', 1509713820, 1509716976, 1509713820, 1509716976, 1509713819, 1509716976),
(488, 3, 60, 72, 2, 2, 'Nein', 'Ja', NULL, NULL, 1509714129, 1509717161, 1, 1, 'Nein', 'Ja', 'Nein', 'Ja', 'Nein', 'Ja', 1509714129, 1509717161, 1509714129, 1509717161, 1509714129, 1509717161),
(490, 1, 120, 160, NULL, NULL, 'Ja', 'Nein', NULL, NULL, 1509827852, 1509832138, 1, 1, 'Ja', 'Nein', 'Ja', 'Nein', 'Ja', 'Nein', 1509827852, 1509832138, 1509827852, 1509832138, 1509827852, 1509832138),
(490, 2, 125, 160, 5, 0, 'Ja', 'Ja', NULL, NULL, 1509828101, 1509832277, 1, 1, 'Ja', 'Ja', 'Ja', 'Ja', 'Ja', 'Ja', 1509828101, 1509832277, 1509828101, 1509832277, 1509828101, 1509832277),
(490, 3, 128, 167, 3, 7, 'Ja', 'Nein', NULL, NULL, 1509828300, 1509832629, 1, 1, 'Ja', 'Nein', 'Ja', 'Nein', 'Ja', 'Nein', 1509828300, 1509832629, 1509828300, 1509832630, 1509828300, 1509832630),
(491, 1, 64, 75, NULL, NULL, 'Nein', 'Ja', NULL, NULL, 1509792566, 1509795968, 1, 1, 'Nein', 'Ja', 'Nein', 'Ja', 'Nein', 'Ja', 1509792566, 1509795968, 1509792566, 1509795968, 1509792566, 1509795968),
(491, 2, 64, 79, 0, 4, 'Ja', 'Ja', NULL, NULL, 1509792694, 1509796640, 1, 1, 'Ja', 'Ja', 'Ja', 'Ja', 'Ja', 'Ja', 1509792694, 1509796640, 1509792694, 1509796640, 1509792693, 1509796640),
(491, 3, 67, 81, 3, 2, 'Ja', 'Ja', NULL, NULL, 1509792968, 1509797004, 1, 1, 'Ja', 'Ja', 'Ja', 'Ja', 'Ja', 'Ja', 1509792968, 1509797004, 1509792968, 1509797004, 1509792968, 1509797004),
(492, 1, 100, 122, NULL, NULL, 'Ja', 'Ja', NULL, NULL, 1509806550, 1509811280, 1, 1, 'Ja', 'Ja', 'Ja', 'Ja', 'Ja', 'Ja', 1509806550, 1509811280, 1509806550, 1509811280, 1509806550, 1509811280),
(492, 2, 105, 127, 5, 5, 'Ja', 'Ja', NULL, NULL, 1509807123, 1509811546, 1, 1, 'Ja', 'Ja', 'Ja', 'Ja', 'Ja', 'Ja', 1509807123, 1509811546, 1509807123, 1509811546, 1509807123, 1509811546),
(492, 3, 110, 132, 5, 5, 'Ja', 'Nein', NULL, NULL, 1509807657, 1509811913, 1, 1, 'Ja', 'Nein', 'Ja', 'Nein', 'Ja', 'Nein', 1509807657, 1509811913, 1509807658, 1509811913, 1509807658, 1509811913),
(493, 1, 150, 175, NULL, NULL, 'Ja', 'Ja', NULL, NULL, 1509886964, 1509890239, 1, 1, 'Ja', 'Ja', 'Ja', 'Ja', 'Ja', 'Ja', 1509886964, 1509890239, 1509886963, 1509890239, 1509886963, 1509890239),
(493, 2, 155, 180, 5, 5, 'Ja', 'Ja', NULL, NULL, 1509887382, 1509890451, 1, 1, 'Ja', 'Ja', 'Ja', 'Ja', 'Ja', 'Ja', 1509887382, 1509890451, 1509887382, 1509890451, 1509887381, 1509890451),
(493, 3, 158, 186, 3, 6, 'Ja', 'Ja', NULL, NULL, 1509887609, 1509890841, 1, 1, 'Ja', 'Ja', 'Ja', 'Ja', 'Ja', 'Ja', 1509887609, 1509890841, 1509887609, 1509890841, 1509887609, 1509890841),
(494, 1, 125, 155, NULL, NULL, 'Ja', 'Ja', NULL, NULL, 1509808675, 1509813777, 1, 1, 'Ja', 'Ja', 'Ja', 'Ja', 'Ja', 'Ja', 1509808675, 1509813777, 1509808674, 1509813777, 1509808675, 1509813777),
(494, 2, 130, 160, 5, 5, 'Ja', 'Ja', NULL, NULL, 1509809029, 1509810393, 1, 1, 'Ja', 'Nein', 'Ja', 'Ja', 'Ja', 'Nein', 1509809029, 1509813878, 1509809029, 1509813977, 1509809029, 1509813878),
(494, 3, 136, 165, 6, 5, 'Ja', 'Ja', NULL, NULL, 1509809371, 1509814419, 1, 1, 'Ja', 'Ja', 'Ja', 'Ja', 'Ja', 'Ja', 1509809371, 1509814419, 1509809371, 1509814419, 1509809371, 1509814420),
(495, 1, 103, 133, NULL, NULL, 'Ja', 'Ja', NULL, NULL, 1509885962, 1509889378, 1, 1, 'Ja', 'Ja', 'Ja', 'Ja', 'Ja', 'Ja', 1509885962, 1509889378, 1509885962, 1509889378, 1509885962, 1509889378),
(495, 2, 108, 138, 5, 5, 'Ja', 'Ja', NULL, NULL, 1509886185, 1509889541, 1, 1, 'Ja', 'Ja', 'Ja', 'Ja', 'Ja', 'Ja', 1509886185, 1509889541, 1509886185, 1509889541, 1509886185, 1509889540),
(495, 3, 111, 142, 3, 4, 'Nein', 'Ja', NULL, NULL, 1509886381, 1509889784, 1, 1, 'Nein', 'Nein', 'Nein', 'Ja', 'Nein', 'Ja', 1509886381, 1509889784, 1509886381, 1509889785, 1509886381, 1509889785),
(496, 1, 145, 180, NULL, NULL, 'Ja', 'Ja', NULL, NULL, 1509820334, 1509825657, 1, 1, 'Ja', 'Ja', 'Ja', 'Ja', 'Ja', 'Ja', 1509820334, 1509825657, 1509820334, 1509825657, 1509820334, 1509825657),
(496, 2, 150, 185, 5, 5, 'Ja', 'Ja', NULL, NULL, 1509820486, 1509825815, 1, 1, 'Ja', 'Ja', 'Ja', 'Ja', 'Ja', 'Ja', 1509820486, 1509825815, 1509820486, 1509825816, 1509820486, 1509825815),
(496, 3, 155, 190, 5, 5, 'Ja', 'Nein', NULL, NULL, 1509820768, 1509825954, 1, 1, 'Ja', 'Nein', 'Ja', 'Nein', 'Ja', 'Nein', 1509820768, 1509825954, 1509820768, 1509825955, 1509820768, 1509825955),
(497, 1, 70, 90, NULL, NULL, 'Ja', 'Ja', NULL, NULL, 1509725706, 1509729329, 1, 1, 'Ja', 'Ja', 'Ja', 'Ja', 'Ja', 'Ja', 1509725706, 1509729329, 1509725706, 1509729329, 1509725706, 1509729329),
(497, 2, 74, 95, 4, 5, 'Ja', 'Ja', NULL, NULL, 1509725869, 1509729465, 1, 1, 'Ja', 'Ja', 'Ja', 'Ja', 'Ja', 'Ja', 1509725869, 1509729465, 1509725869, 1509729465, 1509725869, 1509729465),
(497, 3, 78, 100, 4, 5, 'Ja', 'Ja', NULL, NULL, 1509726028, 1509729655, 1, 1, 'Ja', 'Ja', 'Ja', 'Ja', 'Ja', 'Ja', 1509726028, 1509729655, 1509726028, 1509729655, 1509726028, 1509729654),
(498, 1, 62, 82, NULL, NULL, 'Ja', 'Ja', NULL, NULL, 1509741777, 1509746793, 1, 1, 'Ja', 'Ja', 'Ja', 'Ja', 'Ja', 'Ja', 1509741777, 1509746793, 1509741776, 1509746792, 1509741776, 1509746793),
(498, 2, 65, 86, 3, 4, 'Nein', 'Nein', NULL, NULL, 1509742137, 1509747258, 1, 1, 'Nein', 'Nein', 'Nein', 'Ja', 'Nein', 'Nein', 1509742137, 1509747258, 1509742136, 1509747256, 1509742136, 1509747258),
(498, 3, 65, 86, 0, 0, 'Ja', 'Nein', NULL, NULL, 1509742232, 1509747465, 1, 1, 'Ja', 'Nein', 'Ja', 'Nein', 'Ja', 'Nein', 1509742232, 1509747465, 1509742231, 1509747465, 1509742232, 1509747465),
(499, 1, 60, 75, NULL, NULL, 'Ja', 'Nein', NULL, NULL, 1509791936, 1509795861, 1, 1, 'Ja', 'Nein', 'Ja', 'Nein', 'Ja', 'Ja', 1509791936, 1509795861, 1509791936, 1509795862, 1509791935, 1509795861),
(499, 2, 63, 75, 3, 0, 'Nein', 'Ja', NULL, NULL, 1509792425, 1509796004, 1, 1, 'Nein', 'Ja', 'Nein', 'Ja', 'Nein', 'Ja', 1509792425, 1509796004, 1509792425, 1509796004, 1509792425, 1509796004),
(499, 3, 63, 78, 0, 3, 'Nein', 'Nein', NULL, NULL, 1509792502, 1509796580, 1, 1, 'Nein', 'Nein', 'Nein', 'Nein', 'Nein', 'Nein', 1509792502, 1509796580, 1509792502, 1509796580, 1509792502, 1509796579),
(500, 1, 55, 68, NULL, NULL, 'Ja', 'Ja', NULL, NULL, 1509800152, 1509802369, 1, 1, 'Ja', 'Ja', 'Ja', 'Ja', 'Ja', 'Ja', 1509800152, 1509802369, 1509800152, 1509802369, 1509800152, 1509802369),
(500, 2, 59, 73, 4, 5, 'Ja', 'Ja', NULL, NULL, 1509800339, 1509802593, 1, 1, 'Ja', 'Ja', 'Ja', 'Ja', 'Ja', 'Ja', 1509800339, 1509802593, 1509800339, 1509802593, 1509800339, 1509802592),
(500, 3, 62, 78, 3, 5, 'Ja', 'Ja', NULL, NULL, 1509800473, 1509802789, 1, 1, 'Ja', 'Ja', 'Ja', 'Ja', 'Ja', 'Ja', 1509800473, 1509802789, 1509800473, 1509802789, 1509800473, 1509802789),
(501, 1, 68, 78, NULL, NULL, 'Ja', 'Ja', NULL, NULL, 1509742374, 1509746207, 1, 1, 'Ja', 'Ja', 'Ja', 'Ja', 'Ja', 'Ja', 1509742374, 1509746207, 1509742373, 1509746206, 1509742373, 1509746206),
(501, 2, 71, 82, 3, 4, 'Nein', 'Ja', NULL, NULL, 1509742736, 1509746932, 1, 1, 'Nein', 'Ja', 'Nein', 'Ja', 'Nein', 'Ja', 1509742736, 1509746932, 1509742735, 1509746932, 1509742736, 1509746932),
(501, 3, 71, 86, 0, 4, 'Nein', 'Nein', NULL, NULL, 1509742858, 1509747326, 1, 1, 'Nein', 'Nein', 'Nein', 'Nein', 'Nein', 'Nein', 1509742858, 1509747326, 1509742858, 1509747325, 1509742858, 1509747326),
(502, 1, 67, 75, NULL, NULL, 'Ja', 'Ja', NULL, NULL, 1509735353, 1509738284, 1, 1, 'Ja', 'Ja', 'Ja', 'Ja', 'Ja', 'Ja', 1509735353, 1509738284, 1509735353, 1509738284, 1509735353, 1509738285),
(502, 2, 70, 78, 3, 3, 'Ja', 'Ja', NULL, NULL, 1509735547, 1509738625, 1, 1, 'Ja', 'Ja', 'Ja', 'Ja', 'Ja', 'Ja', 1509735547, 1509738625, 1509735548, 1509738626, 1509735548, 1509738626),
(502, 3, 72, 81, 2, 3, 'Nein', 'Ja', NULL, NULL, 1509735687, 1509738942, 1, 1, 'Nein', 'Ja', 'Nein', 'Ja', 'Nein', 'Ja', 1509735687, 1509738942, 1509735687, 1509738944, 1509735687, 1509738943),
(503, 1, 48, 53, NULL, NULL, 'Ja', 'Ja', NULL, NULL, 1509712860, 1509715559, 1, 1, 'Ja', 'Nein', 'Ja', 'Ja', 'Ja', 'Ja', 1509712860, 1509715559, 1509712860, 1509715559, 1509712859, 1509715558),
(503, 2, 51, 56, 3, 3, 'Ja', 'Ja', NULL, NULL, 1509713284, 1509716044, 1, 1, 'Ja', 'Ja', 'Ja', 'Ja', 'Ja', 'Ja', 1509713284, 1509716044, 1509713285, 1509716044, 1509713284, 1509716044),
(503, 3, 53, 58, 2, 2, 'Nein', 'Nein', NULL, NULL, 1509713497, 1509716346, 1, 1, 'Nein', 'Nein', 'Nein', 'Nein', 'Nein', 'Nein', 1509713497, 1509716346, 1509713496, 1509716345, 1509713496, 1509716346),
(504, 1, 122, 155, NULL, NULL, 'Ja', 'Ja', NULL, NULL, 1509819223, 1509825036, 1, 1, 'Ja', 'Ja', 'Ja', 'Ja', 'Ja', 'Ja', 1509819223, 1509825036, 1509819223, 1509825036, 1509819223, 1509825036),
(504, 2, 127, 160, 5, 5, 'Ja', 'Ja', NULL, NULL, 1509819634, 1509825300, 1, 1, 'Ja', 'Ja', 'Ja', 'Ja', 'Ja', 'Ja', 1509819634, 1509825300, 1509819635, 1509825301, 1509819635, 1509825301),
(504, 3, 131, 170, 4, 10, 'Nein', 'Nein', NULL, NULL, 1509820020, 1509825597, 1, 1, 'Nein', 'Nein', 'Nein', 'Nein', 'Nein', 'Nein', 1509820020, 1509825597, 1509820021, 1509825597, 1509820021, 1509825598),
(505, 1, 136, 160, NULL, NULL, 'Ja', 'Nein', NULL, NULL, 1509809294, 1509810301, 1, 1, 'Ja', NULL, 'Ja', NULL, 'Ja', NULL, 1509809294, NULL, 1509809294, NULL, 1509809294, NULL),
(505, 2, 140, 160, 4, 0, 'Ja', 'Ja', NULL, NULL, 1509809533, 1509814054, 1, 1, 'Ja', 'Ja', 'Ja', 'Ja', 'Ja', 'Ja', 1509809533, 1509814054, 1509809533, 1509813994, 1509809533, 1509813982),
(505, 3, 143, 166, 3, 6, 'Nein', 'Ja', NULL, NULL, 1509809709, 1509814501, 1, 1, 'Nein', 'Ja', 'Nein', 'Ja', 'Nein', 'Ja', 1509809709, 1509814501, 1509809709, 1509814501, 1509809709, 1509814501),
(506, 1, 81, 104, NULL, NULL, 'Ja', 'Ja', NULL, NULL, 1509726156, 1509729707, 1, 1, 'Ja', 'Ja', 'Ja', 'Ja', 'Ja', 'Ja', 1509726156, 1509729707, 1509726156, 1509729707, 1509726156, 1509729707),
(506, 2, 86, 109, 5, 5, 'Nein', 'Ja', NULL, NULL, 1509726590, 1509730130, 1, 1, 'Nein', 'Ja', 'Nein', 'Ja', 'Nein', 'Ja', 1509726590, 1509730130, 1509726590, 1509730130, 1509726590, 1509730130),
(506, 3, 86, 115, 0, 6, 'Nein', 'Nein', NULL, NULL, 1509726725, 1509730576, 1, 1, 'Nein', 'Nein', 'Nein', 'Nein', 'Nein', 'Nein', 1509726725, 1509730576, 1509726726, 1509730576, 1509726726, 1509730576),
(507, 1, 100, 120, NULL, NULL, 'Ja', 'Ja', NULL, NULL, 1509727682, 1509730705, 1, 1, 'Ja', 'Ja', 'Ja', 'Ja', 'Ja', 'Ja', 1509727682, 1509730705, 1509727681, 1509730705, 1509727682, 1509730705),
(507, 2, 104, 124, 4, 4, 'Ja', 'Ja', NULL, NULL, 1509727880, 1509730866, 1, 1, 'Ja', 'Ja', 'Ja', 'Ja', 'Ja', 'Ja', 1509727880, 1509730866, 1509727880, 1509730866, 1509727880, 1509730866),
(507, 3, 107, 126, 3, 2, 'Nein', 'Ja', NULL, NULL, 1509728142, 1509731008, 1, 1, 'Nein', 'Ja', 'Nein', 'Nein', 'Nein', 'Ja', 1509728142, 1509731008, 1509728142, 1509731005, 1509728142, 1509731008),
(508, 1, 143, 176, NULL, NULL, 'Ja', 'Ja', NULL, NULL, 1509829091, 1509833106, 1, 1, 'Ja', 'Ja', 'Ja', 'Ja', 'Ja', 'Ja', 1509829091, 1509833106, 1509829092, 1509833106, 1509829092, 1509833106),
(508, 2, 147, 181, 4, 5, 'Ja', 'Ja', NULL, NULL, 1509829603, 1509833780, 1, 1, 'Ja', 'Ja', 'Ja', 'Ja', 'Ja', 'Ja', 1509829603, 1509833780, 1509829603, 1509833780, 1509829603, 1509833779),
(508, 3, 150, 185, 3, 4, 'Ja', 'Ja', NULL, NULL, 1509829975, 1509833983, 1, 1, 'Ja', 'Ja', 'Ja', 'Ja', 'Ja', 'Ja', 1509829975, 1509833983, 1509829974, 1509833983, 1509829975, 1509833983),
(509, 1, 68, 85, NULL, NULL, 'Nein', 'Ja', NULL, NULL, 1509800770, 1509803173, 1, 1, 'Nein', 'Ja', 'Nein', 'Ja', 'Ja', 'Nein', 1509800770, 1509803173, 1509800773, 1509803173, 1509800773, 1509803174),
(509, 2, 68, 89, 0, 4, 'Ja', 'Ja', NULL, NULL, 1509800893, 1509803325, 1, 1, 'Ja', 'Ja', 'Ja', 'Ja', 'Ja', 'Ja', 1509800893, 1509803325, 1509800894, 1509803325, 1509800894, 1509803325),
(509, 3, 73, 92, 5, 3, 'Nein', 'Nein', NULL, NULL, 1509801121, 1509803480, 1, 1, 'Nein', 'Nein', 'Nein', 'Nein', 'Nein', 'Nein', 1509801121, 1509803480, 1509801122, 1509803481, 1509801122, 1509803480),
(510, 1, 48, 63, NULL, NULL, 'Nein', 'Ja', NULL, NULL, 1509732895, 1509736282, 1, 1, 'Nein', 'Ja', 'Nein', 'Ja', 'Ja', 'Ja', 1509732895, 1509736282, 1509732895, 1509736283, 1509732895, 1509736283),
(510, 2, 48, 67, 0, 4, 'Nein', 'Ja', NULL, NULL, 1509732973, 1509736942, 1, 1, 'Nein', 'Ja', 'Nein', 'Ja', 'Nein', 'Ja', 1509732973, 1509736942, 1509732974, 1509736942, 1509732973, 1509736943),
(510, 3, 48, 70, 0, 3, 'Ja', 'Nein', NULL, NULL, 1509733071, 1509737569, 1, 1, 'Ja', 'Nein', 'Ja', 'Nein', 'Ja', 'Nein', 1509733071, 1509737569, 1509733072, 1509737570, 1509733072, 1509737569),
(511, 1, 66, 82, NULL, NULL, 'Ja', 'Ja', NULL, NULL, 1509742294, 1509746872, 1, 1, 'Ja', 'Ja', 'Ja', 'Ja', 'Ja', 'Ja', 1509742294, 1509746872, 1509742294, 1509746871, 1509742294, 1509746871),
(511, 2, 69, 85, 3, 3, 'Nein', 'Nein', NULL, NULL, 1509742479, 1509747141, 1, 1, 'Nein', 'Ja', 'Nein', 'Nein', 'Nein', 'Nein', 1509742479, 1509747141, 1509742478, 1509747141, 1509742478, 1509747141),
(511, 3, 69, 86, 0, 1, 'Ja', 'Ja', NULL, NULL, 1509742601, 1509747409, 1, 1, 'Ja', 'Ja', 'Ja', 'Ja', 'Ja', 'Ja', 1509742601, 1509747409, 1509742601, 1509747408, 1509742601, 1509747409),
(512, 1, 115, 140, NULL, NULL, 'Ja', 'Ja', NULL, NULL, 1509807959, 1509812820, 1, 1, 'Ja', 'Ja', 'Ja', 'Ja', 'Ja', 'Ja', 1509807959, 1509812820, 1509807959, 1509812820, 1509807960, 1509812821),
(512, 2, 120, 146, 5, 6, 'Ja', 'Ja', NULL, NULL, 1509808453, 1509813246, 1, 1, 'Ja', 'Ja', 'Ja', 'Ja', 'Ja', 'Ja', 1509808453, 1509813246, 1509808453, 1509813246, 1509808454, 1509813247),
(512, 3, 125, 151, 5, 5, 'Nein', 'Ja', NULL, NULL, 1509808748, 1509813454, 1, 1, 'Nein', 'Ja', 'Nein', 'Ja', 'Nein', 'Ja', 1509808748, 1509813454, 1509808748, 1509813454, 1509808747, 1509813454),
(513, 1, 73, 87, NULL, NULL, 'Ja', 'Ja', NULL, NULL, 1509720296, 1509722722, 1, 1, 'Ja', 'Ja', 'Ja', 'Ja', 'Ja', 'Ja', 1509720296, 1509722722, 1509720296, 1509722722, 1509720297, 1509722722),
(513, 2, 76, 91, 3, 4, 'Nein', 'Nein', NULL, NULL, 1509720456, 1509722928, 1, 1, 'Nein', 'Nein', 'Nein', 'Ja', 'Nein', 'Nein', 1509720456, 1509722928, 1509720456, 1509722928, 1509720456, 1509722929),
(513, 3, 78, 93, 2, 2, 'Ja', 'Ja', NULL, NULL, 1509720717, 1509723102, 1, 1, 'Ja', 'Ja', 'Ja', 'Ja', 'Ja', 'Ja', 1509720717, 1509723102, 1509720717, 1509723102, 1509720718, 1509723102),
(514, 1, 75, 93, NULL, NULL, 'Ja', 'Ja', NULL, NULL, 1509743154, 1509747914, 1, 1, 'Ja', 'Ja', 'Ja', 'Ja', 'Ja', 'Ja', 1509743154, 1509747914, 1509743153, 1509747913, 1509743153, 1509747913),
(514, 2, 78, 97, 3, 4, 'Ja', 'Ja', NULL, NULL, 1509743582, 1509748105, 1, 1, 'Ja', 'Ja', 'Ja', 'Ja', 'Ja', 'Ja', 1509743582, 1509748105, 1509743581, 1509748104, 1509743582, 1509748104),
(514, 3, 80, 100, 2, 3, 'Ja', 'Ja', NULL, NULL, 1509743751, 1509748289, 1, 1, 'Ja', 'Ja', 'Ja', 'Ja', 'Ja', 'Ja', 1509743751, 1509748289, 1509743749, 1509748289, 1509743750, 1509748289),
(515, 1, 138, 170, NULL, NULL, 'Ja', 'Ja', NULL, NULL, 1509828665, 1509832720, 1, 1, 'Ja', 'Ja', 'Ja', 'Ja', 'Ja', 'Ja', 1509828665, 1509832720, 1509828665, 1509832720, 1509828666, 1509832720),
(515, 2, 142, 176, 4, 6, 'Nein', 'Ja', NULL, NULL, 1509828907, 1509833188, 1, 1, 'Nein', 'Ja', 'Nein', 'Ja', 'Nein', 'Ja', 1509828907, 1509833188, 1509828908, 1509833188, 1509828907, 1509833188),
(515, 3, 142, 180, 0, 4, 'Ja', 'Ja', NULL, NULL, 1509829033, 1509833682, 1, 1, 'Ja', 'Ja', 'Ja', 'Ja', 'Ja', 'Ja', 1509829033, 1509833682, 1509829033, 1509833682, 1509829033, 1509833683),
(516, 1, 51, 60, NULL, NULL, 'Ja', 'Ja', NULL, NULL, 1509733214, 1509736134, 1, 1, 'Ja', 'Ja', 'Ja', 'Ja', 'Ja', 'Ja', 1509733214, 1509736134, 1509733216, 1509736135, 1509733216, 1509736135),
(516, 2, 54, 65, 3, 5, 'Ja', 'Nein', NULL, NULL, 1509733697, 1509736654, 1, 1, 'Ja', 'Nein', 'Ja', 'Ja', 'Ja', 'Nein', 1509733697, 1509736654, 1509733697, 1509736656, 1509733698, 1509736656),
(516, 3, 56, 65, 2, 0, 'Nein', 'Nein', NULL, NULL, 1509734060, 1509736763, 1, 1, 'Nein', 'Nein', 'Nein', 'Nein', 'Nein', 'Nein', 1509734060, 1509736763, 1509734061, 1509736763, 1509734061, 1509736763),
(517, 1, 70, 85, NULL, NULL, 'Ja', 'Ja', NULL, NULL, 1509742663, 1509747048, 1, 1, 'Ja', 'Ja', 'Ja', 'Ja', 'Ja', 'Ja', 1509742663, 1509747048, 1509742662, 1509747048, 1509742662, 1509747048),
(517, 2, 75, 91, 5, 6, 'Nein', 'Nein', NULL, NULL, 1509743213, 1509747685, 1, 1, 'Nein', 'Nein', 'Nein', 'Nein', 'Nein', 'Nein', 1509743213, 1509747685, 1509743212, 1509747684, 1509743212, 1509747684),
(517, 3, 75, 91, 0, 0, 'Ja', 'Nein', NULL, NULL, 1509743306, 1509747814, 1, 1, 'Ja', 'Nein', 'Ja', 'Nein', 'Ja', 'Nein', 1509743306, 1509747814, 1509743306, 1509747813, 1509743306, 1509747813),
(518, 1, 52, 70, NULL, NULL, 'Ja', 'Ja', NULL, NULL, 1509740844, 1509745338, 1, 1, 'Ja', 'Ja', 'Ja', 'Ja', 'Ja', 'Ja', 1509740844, 1509745338, 1509740844, 1509745337, 1509740844, 1509745337),
(518, 2, 56, 73, 4, 3, 'Ja', 'Nein', NULL, NULL, 1509741079, 1509745567, 1, 1, 'Ja', 'Nein', 'Ja', 'Nein', 'Ja', 'Nein', 1509741079, 1509745567, 1509741078, 1509745567, 1509741079, 1509745567),
(518, 3, 58, 74, 2, 1, 'Nein', 'Nein', NULL, NULL, 1509741306, 1509745680, 1, 1, 'Nein', 'Nein', 'Nein', 'Nein', 'Nein', 'Nein', 1509741306, 1509745680, 1509741305, 1509745680, 1509741306, 1509745680),
(519, 1, 50, 67, NULL, NULL, 'Ja', 'Ja', NULL, NULL, 1509799839, 1509802303, 1, 1, 'Ja', 'Ja', 'Ja', 'Ja', 'Ja', 'Ja', 1509799839, 1509802303, 1509799840, 1509802303, 1509799840, 1509802303),
(519, 2, 53, 71, 3, 4, 'Ja', 'Ja', NULL, NULL, 1509799975, 1509802510, 1, 1, 'Ja', 'Ja', 'Ja', 'Ja', 'Ja', 'Ja', 1509799975, 1509802510, 1509799975, 1509802510, 1509799975, 1509802510),
(519, 3, 56, 74, 3, 3, 'Ja', 'Ja', NULL, NULL, 1509800229, 1509802659, 1, 1, 'Ja', 'Ja', 'Ja', 'Ja', 'Ja', 'Ja', 1509800229, 1509802659, 1509800229, 1509802660, 1509800229, 1509802660),
(521, 1, 57, 78, NULL, NULL, 'Ja', 'Ja', NULL, NULL, 1509880442, 1509882642, 1, 1, 'Ja', 'Ja', 'Ja', 'Ja', 'Ja', 'Ja', 1509880442, 1509882642, 1509880442, 1509882641, 1509880442, 1509882641),
(521, 2, 60, 82, 3, 4, 'Ja', 'Nein', NULL, NULL, 1509880580, 1509882865, 1, 1, 'Ja', 'Nein', 'Ja', 'Nein', 'Ja', 'Nein', 1509880580, 1509882865, 1509880580, 1509882865, 1509880580, 1509882865),
(521, 3, 64, 83, 4, 1, 'Ja', 'Ja', NULL, NULL, 1509880792, 1509883004, 1, 1, 'Ja', 'Ja', 'Ja', 'Ja', 'Ja', 'Ja', 1509880792, 1509883004, 1509880793, 1509883004, 1509880792, 1509883004),
(522, 1, 45, 60, NULL, NULL, 'Ja', 'Ja', NULL, NULL, 1509732778, 1509736045, 1, 1, 'Ja', 'Ja', 'Ja', 'Nein', 'Ja', 'Ja', 1509732778, 1509736045, 1509732779, 1509736046, 1509732779, 1509736046),
(522, 2, 48, 64, 3, 4, 'Ja', 'Nein', NULL, NULL, 1509732934, 1509736400, 1, 1, 'Ja', 'Nein', 'Ja', 'Nein', 'Ja', 'Nein', 1509732934, 1509736400, 1509732934, 1509736401, 1509732934, 1509736401),
(522, 3, 53, 64, 5, 0, 'Nein', 'Ja', NULL, NULL, 1509733577, 1509736511, 1, 1, 'Nein', 'Nein', 'Nein', 'Ja', 'Nein', 'Ja', 1509733577, 1509736511, 1509733577, 1509736513, 1509733577, 1509736513),
(524, 1, 57, 76, NULL, NULL, 'Ja', 'Ja', NULL, NULL, 1509791750, 1509796186, 1, 1, 'Ja', 'Ja', 'Ja', 'Ja', 'Ja', 'Ja', 1509791750, 1509796186, 1509791750, 1509796186, 1509791750, 1509796186),
(524, 2, 60, 80, 3, 4, 'Nein', 'Ja', NULL, NULL, 1509792154, 1509796700, 1, 1, 'Nein', 'Ja', 'Nein', 'Ja', 'Ja', 'Ja', 1509792154, 1509796700, 1509792154, 1509796701, 1509792154, 1509796700),
(524, 3, 61, 83, 1, 3, 'Ja', 'Ja', NULL, NULL, 1509792281, 1509797162, 1, 1, 'Ja', 'Ja', 'Ja', 'Ja', 'Ja', 'Nein', 1509792281, 1509797162, 1509792282, 1509797162, 1509792281, 1509797161),
(525, 1, 55, 76, NULL, NULL, 'Ja', 'Ja', NULL, NULL, 1509800100, 1509802716, 1, 1, 'Ja', 'Ja', 'Ja', 'Ja', 'Ja', 'Ja', 1509800100, 1509802716, 1509800100, 1509802716, 1509800100, 1509802715),
(525, 2, 58, 80, 3, 4, 'Ja', 'Ja', NULL, NULL, 1509800279, 1509802907, 1, 1, 'Ja', 'Ja', 'Ja', 'Ja', 'Ja', 'Ja', 1509800279, 1509802907, 1509800279, 1509802907, 1509800279, 1509802907),
(525, 3, 61, 82, 3, 2, 'Ja', 'Nein', NULL, NULL, 1509800420, 1509803105, 1, 1, 'Ja', 'Nein', 'Ja', 'Nein', 'Ja', 'Nein', 1509800420, 1509803105, 1509800420, 1509803106, 1509800420, 1509803106),
(526, 1, 55, 65, NULL, NULL, 'Ja', 'Ja', NULL, NULL, 1509733839, 1509736600, 1, 1, 'Nein', 'Ja', 'Ja', 'Ja', 'Ja', 'Ja', 1509733839, 1509736600, 1509733842, 1509736601, 1509733842, 1509736601),
(526, 2, 58, 69, 3, 4, 'Ja', 'Nein', NULL, NULL, 1509734323, 1509737136, 1, 1, 'Ja', 'Nein', 'Ja', 'Nein', 'Ja', 'Nein', 1509734323, 1509737136, 1509734323, 1509737144, 1509734324, 1509737144),
(526, 3, 61, 69, 3, 0, 'Nein', 'Nein', NULL, NULL, 1509734813, 1509737238, 1, 1, 'Nein', 'Nein', 'Nein', 'Nein', 'Nein', 'Nein', 1509734813, 1509737238, 1509734813, 1509737238, 1509734813, 1509737238),
(527, 1, 46, 62, NULL, NULL, 'Ja', 'Ja', NULL, NULL, 1509740371, 1509744986, 1, 1, 'Ja', 'Ja', 'Ja', 'Ja', 'Ja', 'Ja', 1509740371, 1509744986, 1509740370, 1509744986, 1509740370, 1509744986),
(527, 2, 48, 64, 2, 2, 'Ja', 'Nein', NULL, NULL, 1509740560, 1509745131, 1, 1, 'Ja', 'Nein', 'Ja', 'Nein', 'Ja', 'Ja', 1509740560, 1509745131, 1509740559, 1509745131, 1509740559, 1509745131),
(527, 3, 51, 64, 3, 0, 'Ja', 'Nein', NULL, NULL, 1509740797, 1509745257, 1, 1, 'Ja', 'Nein', 'Ja', 'Nein', 'Ja', 'Ja', 1509740797, 1509745257, 1509740796, 1509745256, 1509740796, 1509745257),
(528, 1, 81, 96, NULL, NULL, 'Ja', 'Ja', NULL, NULL, 1509881193, 1509883382, 1, 1, 'Ja', 'Ja', 'Ja', 'Ja', 'Ja', 'Ja', 1509881193, 1509883382, 1509881193, 1509883382, 1509881193, 1509883382),
(528, 2, 86, 104, 5, 8, 'Ja', 'Ja', NULL, NULL, 1509881360, 1509883574, 1, 1, 'Ja', 'Ja', 'Ja', 'Ja', 'Ja', 'Ja', 1509881360, 1509883574, 1509881360, 1509883574, 1509881360, 1509883574),
(528, 3, 91, 110, 5, 6, 'Nein', 'Ja', NULL, NULL, 1509881633, 1509883822, 1, 1, 'Nein', 'Ja', 'Nein', 'Nein', 'Nein', 'Ja', 1509881633, 1509883822, 1509881633, 1509883820, 1509881633, 1509883822),
(529, 1, 52, 71, NULL, NULL, 'Ja', 'Ja', NULL, NULL, 1509733332, 1509737620, 1, 1, 'Ja', 'Ja', 'Ja', 'Ja', 'Ja', 'Ja', 1509733332, 1509737620, 1509733333, 1509737620, 1509733333, 1509737620),
(529, 2, 56, 76, 4, 5, 'Ja', 'Ja', NULL, NULL, 1509733998, 1509738388, 1, 1, 'Ja', 'Ja', 'Ja', 'Ja', 'Ja', 'Ja', 1509733998, 1509738388, 1509733999, 1509738388, 1509733999, 1509738389),
(529, 3, 58, 80, 2, 4, 'Ja', 'Nein', NULL, NULL, 1509734366, 1509738770, 1, 1, 'Ja', 'Nein', 'Ja', 'Nein', 'Ja', 'Nein', 1509734366, 1509738770, 1509734367, 1509738769, 1509734367, 1509738770),
(531, 1, 107, 138, NULL, NULL, 'Ja', 'Ja', NULL, NULL, 1509817575, 1509822741, 1, 1, 'Ja', 'Ja', 'Ja', 'Ja', 'Ja', 'Ja', 1509817575, 1509822741, 1509817575, 1509822742, 1509817575, 1509822742),
(531, 2, 112, 143, 5, 5, 'Ja', 'Ja', NULL, NULL, 1509818113, 1509823663, 1, 1, 'Ja', 'Ja', 'Ja', 'Nein', 'Ja', 'Ja', 1509818113, 1509823663, 1509818114, 1509823663, 1509818114, 1509823663),
(531, 3, 116, 148, 4, 5, 'Nein', 'Nein', NULL, NULL, 1509818671, 1509824356, 1, 1, 'Nein', 'Nein', 'Nein', 'Nein', 'Nein', 'Nein', 1509818671, 1509824356, 1509818672, 1509824357, 1509818672, 1509824357),
(533, 1, 125, 153, NULL, NULL, 'Ja', 'Nein', NULL, NULL, 1509808601, 1509813540, 1, 1, 'Ja', 'Nein', 'Ja', 'Nein', 'Ja', 'Nein', 1509808601, 1509813540, 1509808601, 1509813540, 1509808602, 1509813539),
(533, 2, 130, 153, 5, 0, 'Ja', 'Ja', NULL, NULL, 1509808958, 1509813645, 1, 1, 'Ja', 'Ja', 'Ja', 'Ja', 'Ja', 'Ja', 1509808958, 1509813645, 1509808958, 1509813645, 1509808958, 1509813645),
(533, 3, 135, 160, 5, 7, 'Nein', 'Nein', NULL, NULL, 1509809218, 1509814203, 1, 1, 'Nein', 'Nein', 'Nein', 'Nein', 'Nein', 'Nein', 1509809218, 1509814203, 1509809220, 1509814203, 1509809218, 1509814202),
(534, 1, 54, 73, NULL, NULL, 'Ja', 'Ja', NULL, NULL, 1509719543, 1509722331, 1, 1, 'Ja', 'Ja', 'Ja', 'Ja', 'Ja', 'Nein', 1509719543, 1509722331, 1509719543, 1509722330, 1509719543, 1509722332),
(534, 2, 58, 78, 4, 5, 'Ja', 'Ja', NULL, NULL, 1509719728, 1509722485, 1, 1, 'Ja', 'Ja', 'Ja', 'Ja', 'Ja', 'Ja', 1509719728, 1509722485, 1509719727, 1509722485, 1509719728, 1509722485),
(534, 3, 62, 82, 4, 4, 'Ja', 'Nein', NULL, NULL, 1509719892, 1509722656, 1, 1, 'Ja', 'Nein', 'Ja', 'Nein', 'Nein', 'Nein', 1509719892, 1509722656, 1509719892, 1509722656, 1509719893, 1509722657),
(535, 1, 60, 74, NULL, NULL, 'Ja', 'Ja', NULL, NULL, 1509792040, 1509795818, 1, 1, 'Ja', 'Ja', 'Ja', 'Ja', 'Ja', 'Ja', 1509792040, 1509795818, 1509792040, 1509795818, 1509792039, 1509795817),
(535, 2, 63, 78, 3, 4, 'Ja', 'Ja', NULL, NULL, 1509792468, 1509796497, 1, 1, 'Ja', 'Ja', 'Ja', 'Ja', 'Ja', 'Ja', 1509792468, 1509796497, 1509792468, 1509796497, 1509792468, 1509796497),
(535, 3, 66, 80, 3, 2, 'Ja', 'Nein', NULL, NULL, 1509792862, 1509796877, 1, 1, 'Ja', 'Nein', 'Ja', 'Nein', 'Ja', 'Nein', 1509792862, 1509796877, 1509792862, 1509796877, 1509792862, 1509796876),
(536, 1, 120, 145, NULL, NULL, 'Ja', 'Ja', NULL, NULL, 1509819032, 1509824094, 1, 1, 'Ja', 'Ja', 'Ja', 'Ja', 'Ja', 'Ja', 1509819032, 1509824094, 1509819032, 1509824094, 1509819032, 1509824094),
(536, 2, 125, 149, 5, 4, 'Ja', 'Nein', NULL, NULL, 1509819510, 1509824484, 1, 1, 'Ja', 'Nein', 'Ja', 'Nein', 'Ja', 'Nein', 1509819510, 1509824484, 1509819510, 1509824484, 1509819510, 1509824484),
(536, 3, 128, 149, 3, 0, 'Ja', 'Nein', NULL, NULL, 1509819814, 1509824633, 1, 1, 'Ja', 'Ja', 'Ja', 'Nein', 'Nein', 'Nein', 1509819814, 1509824633, 1509819815, 1509824633, 1509819815, 1509824634),
(537, 1, 87, 116, NULL, NULL, 'Nein', 'Ja', NULL, NULL, 1509805489, 1509810857, 1, 1, 'Nein', 'Ja', 'Nein', 'Ja', 'Nein', 'Ja', 1509805489, 1509810857, 1509805489, 1509810857, 1509805489, 1509810858),
(537, 2, 87, 121, 0, 5, 'Ja', 'Ja', NULL, NULL, 1509805592, 1509811138, 1, 1, 'Ja', 'Ja', 'Ja', 'Ja', 'Ja', 'Ja', 1509805592, 1509811138, 1509805592, 1509811138, 1509805592, 1509811140),
(537, 3, 91, 124, 4, 3, 'Ja', 'Ja', NULL, NULL, 1509805802, 1509811380, 1, 1, 'Ja', 'Ja', 'Ja', 'Ja', 'Ja', 'Ja', 1509805802, 1509811380, 1509805803, 1509811380, 1509805803, 1509811380),
(538, 1, 120, 149, NULL, NULL, 'Nein', 'Ja', NULL, NULL, 1509819076, 1509824413, 1, 1, 'Nein', 'Ja', 'Nein', 'Ja', 'Nein', 'Ja', 1509819076, 1509824413, 1509819077, 1509824414, 1509819077, 1509824414),
(538, 2, 120, 154, 0, 5, 'Ja', 'Ja', NULL, NULL, 1509819149, 1509824915, 1, 1, 'Ja', 'Ja', 'Ja', 'Ja', 'Ja', 'Ja', 1509819149, 1509824915, 1509819149, 1509824915, 1509819149, 1509824915),
(538, 3, 125, 160, 5, 6, 'Nein', 'Ja', NULL, NULL, 1509819553, 1509825355, 1, 1, 'Nein', 'Ja', 'Nein', 'Ja', 'Nein', 'Ja', 1509819553, 1509825355, 1509819554, 1509825355, 1509819554, 1509825356),
(539, 1, 60, 75, NULL, NULL, 'Nein', 'Ja', NULL, NULL, 1509741493, 1509745766, 1, 1, 'Nein', 'Ja', 'Nein', 'Ja', 'Nein', 'Ja', 1509741493, 1509745766, 1509741492, 1509745765, 1509741492, 1509745766),
(539, 2, 60, 78, 0, 3, 'Ja', 'Ja', NULL, NULL, 1509741687, 1509746266, 1, 1, 'Ja', 'Ja', 'Ja', 'Ja', 'Ja', 'Ja', 1509741687, 1509746266, 1509741687, 1509746266, 1509741687, 1509746266),
(539, 3, 62, 80, 2, 2, 'Ja', 'Ja', NULL, NULL, 1509741896, 1509746620, 1, 1, 'Ja', 'Ja', 'Ja', 'Ja', 'Ja', 'Ja', 1509741896, 1509746620, 1509741896, 1509746620, 1509741896, 1509746620),
(540, 1, 100, 130, NULL, NULL, 'Ja', 'Nein', NULL, NULL, 1509816846, 1509822031, 1, 1, 'Ja', 'Nein', 'Ja', 'Nein', 'Ja', 'Nein', 1509816846, 1509822031, 1509816846, 1509822024, 1509816847, 1509822031),
(540, 2, 105, 130, 5, 0, 'Ja', 'Ja', NULL, NULL, 1509817404, 1509822170, 1, 1, 'Ja', 'Ja', 'Ja', 'Ja', 'Ja', 'Ja', 1509817404, 1509822170, 1509817404, 1509822170, 1509817404, 1509822170),
(540, 3, 110, 135, 5, 5, 'Nein', 'Nein', NULL, NULL, 1509818059, 1509822679, 1, 1, 'Nein', 'Nein', 'Nein', 'Nein', 'Nein', 'Nein', 1509818059, 1509822679, 1509818059, 1509822679, 1509818059, 1509822679),
(541, 1, 105, 145, NULL, NULL, 'Ja', 'Ja', NULL, NULL, 1509727980, 1509731316, 1, 1, 'Ja', 'Ja', 'Ja', 'Ja', 'Ja', 'Ja', 1509727980, 1509731316, 1509727980, 1509731316, 1509727980, 1509731316),
(541, 2, 110, 152, 5, 7, 'Ja', 'Ja', NULL, NULL, 1509728273, 1509731629, 1, 1, 'Ja', 'Ja', 'Ja', 'Ja', 'Ja', 'Ja', 1509728273, 1509731629, 1509728273, 1509731629, 1509728273, 1509731630),
(541, 3, 115, 158, 5, 6, 'Ja', 'Nein', NULL, NULL, 1509728429, 1509731821, 1, 1, 'Ja', 'Nein', 'Ja', 'Nein', 'Ja', 'Nein', 1509728429, 1509731821, 1509728429, 1509731821, 1509728429, 1509731821),
(542, 1, 110, 134, NULL, NULL, 'Ja', 'Ja', NULL, NULL, 1509817860, 1509822411, 1, 1, 'Ja', 'Ja', 'Nein', 'Ja', 'Ja', 'Ja', 1509817860, 1509822411, 1509817810, 1509822411, 1509817860, 1509822411),
(542, 2, 115, 140, 5, 6, 'Nein', 'Nein', NULL, NULL, 1509818346, 1509823121, 1, 1, 'Nein', 'Nein', 'Nein', 'Nein', 'Nein', 'Nein', 1509818346, 1509823121, 1509818347, 1509823121, 1509818347, 1509823121),
(542, 3, 115, 140, 0, 0, 'Nein', 'Nein', NULL, NULL, 1509818507, 1509823352, 1, 1, 'Nein', 'Nein', 'Nein', 'Nein', 'Nein', 'Nein', 1509818507, 1509823352, 1509818507, 1509823353, 1509818507, 1509823353),
(543, 1, 87, 100, NULL, NULL, 'Ja', 'Ja', NULL, NULL, 1509726798, 1509729580, 1, 1, 'Ja', 'Ja', 'Ja', 'Ja', 'Ja', 'Ja', 1509726798, 1509729580, 1509726798, 1509729580, 1509726798, 1509729580),
(543, 2, 92, 105, 5, 5, 'Nein', 'Ja', NULL, NULL, 1509727080, 1509729915, 1, 1, 'Nein', 'Ja', 'Nein', 'Ja', 'Nein', 'Ja', 1509727080, 1509729915, 1509727080, 1509729915, 1509727080, 1509729915),
(543, 3, 92, 108, 0, 3, 'Nein', 'Ja', NULL, NULL, 1509727259, 1509730079, 1, 1, 'Nein', 'Ja', 'Nein', 'Ja', 'Nein', 'Ja', 1509727259, 1509730079, 1509727259, 1509730078, 1509727259, 1509730079),
(544, 1, 55, 75, NULL, NULL, 'Ja', 'Ja', NULL, NULL, 1509713599, 1509717327, 1, 1, 'Ja', 'Ja', 'Ja', 'Ja', 'Ja', 'Ja', 1509713599, 1509717327, 1509713599, 1509717327, 1509713598, 1509717327),
(544, 2, 58, 78, 3, 3, 'Nein', 'Nein', NULL, NULL, 1509713855, 1509717542, 1, 1, 'Nein', 'Nein', 'Nein', 'Nein', 'Nein', 'Nein', 1509713855, 1509717542, 1509713855, 1509717543, 1509713855, 1509717541),
(544, 3, 58, 78, 0, 0, 'Nein', 'Ja', NULL, NULL, 1509713952, 1509717637, 1, 1, 'Nein', 'Ja', 'Nein', 'Ja', 'Nein', 'Ja', 1509713952, 1509717637, 1509713952, 1509717637, 1509713952, 1509717637),
(545, 1, 95, 135, NULL, NULL, 'Nein', 'Ja', NULL, NULL, 1509816318, 1509822599, 1, 1, 'Nein', 'Nein', 'Nein', 'Ja', 'Nein', 'Ja', 1509816318, 1509822599, 1509816319, 1509822611, 1509816318, 1509822611),
(545, 2, 95, 140, 0, 5, 'Nein', 'Nein', NULL, NULL, 1509816434, 1509823304, 1, 1, 'Nein', 'Nein', 'Nein', 'Nein', 'Nein', 'Nein', 1509816434, 1509823304, 1509816434, 1509823305, 1509816434, 1509823305),
(545, 3, 97, 140, 2, 0, 'Ja', 'Nein', NULL, 1, 1509816652, NULL, 1, 1, 'Ja', NULL, 'Ja', NULL, 'Ja', NULL, 1509816652, NULL, 1509816653, NULL, 1509816653, NULL),
(546, 1, 55, 70, NULL, NULL, 'Ja', 'Ja', NULL, NULL, 1509733938, 1509737435, 1, 1, 'Ja', 'Ja', 'Ja', 'Ja', 'Ja', 'Ja', 1509733938, 1509737435, 1509733938, 1509737436, 1509733938, 1509737436),
(546, 2, 61, 74, 6, 4, 'Nein', 'Ja', NULL, NULL, 1509734706, 1509738154, 1, 1, 'Nein', 'Ja', 'Nein', 'Ja', 'Nein', 'Ja', 1509734706, 1509738154, 1509734706, 1509738154, 1509734706, 1509738155),
(546, 3, 62, 77, 1, 3, 'Nein', 'Nein', NULL, NULL, 1509734980, 1509738479, 1, 1, 'Nein', 'Nein', 'Nein', 'Nein', 'Nein', 'Nein', 1509734980, 1509738479, 1509734980, 1509738479, 1509734980, 1509738479),
(547, 1, 77, 98, NULL, NULL, 'Ja', 'Ja', NULL, NULL, 1509720613, 1509723457, 1, 1, 'Ja', 'Ja', 'Ja', 'Ja', 'Ja', 'Ja', 1509720613, 1509723457, 1509720612, 1509723457, 1509720613, 1509723457),
(547, 2, 80, 104, 3, 6, 'Nein', 'Ja', NULL, NULL, 1509720787, 1509723920, 1, 1, 'Nein', 'Ja', 'Nein', 'Ja', 'Nein', 'Ja', 1509720787, 1509723920, 1509720787, 1509723921, 1509720787, 1509723922),
(547, 3, 81, 105, 1, 1, 'Ja', 'Nein', NULL, 1, 1509720943, NULL, 1, 1, 'Ja', NULL, 'Ja', NULL, 'Ja', NULL, 1509720943, NULL, 1509720942, NULL, 1509720943, NULL),
(548, 1, 178, 200, NULL, NULL, 'Ja', 'Ja', NULL, NULL, 1509887865, 1509891520, 1, 1, 'Ja', 'Ja', 'Ja', 'Ja', 'Ja', 'Ja', 1509887865, 1509891520, 1509887864, 1509891520, 1509887864, 1509891520),
(548, 2, 183, 210, 5, 10, 'Ja', 'Ja', NULL, NULL, 1509888079, 1509891793, 1, 1, 'Ja', 'Ja', 'Ja', 'Ja', 'Ja', 'Ja', 1509888079, 1509891793, 1509888079, 1509891794, 1509888079, 1509891793),
(548, 3, 187, 215, 4, 5, 'Nein', 'Nein', NULL, NULL, 1509888335, 1509892074, 1, 1, 'Nein', 'Nein', 'Nein', 'Nein', 'Nein', 'Nein', 1509888335, 1509892074, 1509888335, 1509892074, 1509888335, 1509892074);

-- --------------------------------------------------------

--
-- Tabellenstruktur für Tabelle `heber_wk_4`
--

CREATE TABLE `heber_wk_4` (
  `IdHeber` int(11) DEFAULT NULL,
  `Versuch` int(11) DEFAULT NULL,
  `Reißen` int(11) DEFAULT NULL,
  `Stoßen` int(11) DEFAULT NULL,
  `Div_Wert_R` int(11) DEFAULT NULL,
  `Div_Wert_S` int(11) DEFAULT NULL,
  `Gueltig_Reißen` tinytext,
  `Gueltig_Stoßen` tinytext,
  `Reißen_Verzicht` int(11) DEFAULT NULL,
  `Stoßen_Verzicht` int(11) DEFAULT NULL,
  `time_Reißen` int(11) DEFAULT NULL,
  `time_Stoßen` int(11) DEFAULT NULL,
  `NH_Reißen` int(11) DEFAULT NULL,
  `NH_Stoßen` int(11) DEFAULT NULL,
  `G_Reißen_1` tinytext,
  `G_Stoßen_1` tinytext,
  `G_Reißen_2` tinytext,
  `G_Stoßen_2` tinytext,
  `G_Reißen_3` tinytext,
  `G_Stoßen_3` tinytext,
  `Time_Reißen_1` int(11) DEFAULT NULL,
  `Time_Stoßen_1` int(11) DEFAULT NULL,
  `Time_Reißen_2` int(11) DEFAULT NULL,
  `Time_Stoßen_2` int(11) DEFAULT NULL,
  `Time_Reißen_3` int(11) DEFAULT NULL,
  `Time_Stoßen_3` int(11) DEFAULT NULL
) ENGINE=InnoDB DEFAULT CHARSET=latin1;

--
-- Daten für Tabelle `heber_wk_4`
--

INSERT INTO `heber_wk_4` (`IdHeber`, `Versuch`, `Reißen`, `Stoßen`, `Div_Wert_R`, `Div_Wert_S`, `Gueltig_Reißen`, `Gueltig_Stoßen`, `Reißen_Verzicht`, `Stoßen_Verzicht`, `time_Reißen`, `time_Stoßen`, `NH_Reißen`, `NH_Stoßen`, `G_Reißen_1`, `G_Stoßen_1`, `G_Reißen_2`, `G_Stoßen_2`, `G_Reißen_3`, `G_Stoßen_3`, `Time_Reißen_1`, `Time_Stoßen_1`, `Time_Reißen_2`, `Time_Stoßen_2`, `Time_Reißen_3`, `Time_Stoßen_3`) VALUES
(536, 1, 50, 50, NULL, NULL, 'Ja', NULL, NULL, NULL, 1509871861, NULL, 1, NULL, NULL, NULL, NULL, NULL, NULL, NULL, NULL, NULL, NULL, NULL, NULL, NULL),
(536, 2, 51, 51, 1, 1, NULL, NULL, NULL, NULL, NULL, NULL, NULL, NULL, NULL, NULL, NULL, NULL, NULL, NULL, NULL, NULL, NULL, NULL, NULL, NULL),
(536, 3, 52, 52, 1, 1, NULL, NULL, NULL, NULL, NULL, NULL, NULL, NULL, NULL, NULL, NULL, NULL, NULL, NULL, NULL, NULL, NULL, NULL, NULL, NULL),
(479, 1, 50, 50, NULL, NULL, NULL, NULL, NULL, NULL, NULL, NULL, NULL, NULL, NULL, NULL, NULL, NULL, NULL, NULL, NULL, NULL, NULL, NULL, NULL, NULL),
(479, 2, 51, 51, 1, 1, NULL, NULL, NULL, NULL, NULL, NULL, NULL, NULL, NULL, NULL, NULL, NULL, NULL, NULL, NULL, NULL, NULL, NULL, NULL, NULL),
(479, 3, 52, 52, 1, 1, NULL, NULL, NULL, NULL, NULL, NULL, NULL, NULL, NULL, NULL, NULL, NULL, NULL, NULL, NULL, NULL, NULL, NULL, NULL, NULL);

-- --------------------------------------------------------

--
-- Tabellenstruktur für Tabelle `heber_wk_6`
--

CREATE TABLE `heber_wk_6` (
  `IdHeber` int(11) DEFAULT NULL,
  `Versuch` int(11) DEFAULT NULL,
  `Reißen` int(11) DEFAULT NULL,
  `Stoßen` int(11) DEFAULT NULL,
  `Div_Wert_R` int(11) DEFAULT NULL,
  `Div_Wert_S` int(11) DEFAULT NULL,
  `Gueltig_Reißen` tinytext,
  `Gueltig_Stoßen` tinytext,
  `Reißen_Verzicht` int(11) DEFAULT NULL,
  `Stoßen_Verzicht` int(11) DEFAULT NULL,
  `time_Reißen` int(11) DEFAULT NULL,
  `time_Stoßen` int(11) DEFAULT NULL,
  `time` tinytext,
  `NH_Reißen` int(11) DEFAULT NULL,
  `NH_Stoßen` int(11) DEFAULT NULL,
  `G_Reißen_1` tinytext,
  `G_Stoßen_1` tinytext,
  `G_Reißen_2` tinytext,
  `G_Stoßen_2` tinytext,
  `G_Reißen_3` tinytext,
  `G_Stoßen_3` tinytext,
  `Time_Reißen_1` int(11) DEFAULT NULL,
  `Time_Stoßen_1` int(11) DEFAULT NULL,
  `Time_Reißen_2` int(11) DEFAULT NULL,
  `Time_Stoßen_2` int(11) DEFAULT NULL,
  `Time_Reißen_3` int(11) DEFAULT NULL,
  `Time_Stoßen_3` int(11) DEFAULT NULL
) ENGINE=InnoDB DEFAULT CHARSET=latin1;

--
-- Daten für Tabelle `heber_wk_6`
--

INSERT INTO `heber_wk_6` (`IdHeber`, `Versuch`, `Reißen`, `Stoßen`, `Div_Wert_R`, `Div_Wert_S`, `Gueltig_Reißen`, `Gueltig_Stoßen`, `Reißen_Verzicht`, `Stoßen_Verzicht`, `time_Reißen`, `time_Stoßen`, `time`, `NH_Reißen`, `NH_Stoßen`, `G_Reißen_1`, `G_Stoßen_1`, `G_Reißen_2`, `G_Stoßen_2`, `G_Reißen_3`, `G_Stoßen_3`, `Time_Reißen_1`, `Time_Stoßen_1`, `Time_Reißen_2`, `Time_Stoßen_2`, `Time_Reißen_3`, `Time_Stoßen_3`) VALUES
(342, 1, 75, 75, NULL, NULL, 'Ja', 'Ja', NULL, NULL, 1509912982, 1509916330, NULL, 1, 1, NULL, NULL, NULL, NULL, NULL, NULL, NULL, NULL, NULL, NULL, NULL, NULL),
(342, 2, 76, 76, 1, 1, 'Ja', 'Ja', NULL, NULL, 1509915550, 1509916456, NULL, 1, 1, NULL, NULL, NULL, NULL, NULL, NULL, NULL, NULL, NULL, NULL, NULL, NULL),
(342, 3, 77, 77, 1, 1, 'Ja', 'Ja', NULL, NULL, 1509916145, 1509916460, NULL, 1, 1, NULL, NULL, NULL, NULL, NULL, NULL, NULL, NULL, NULL, NULL, NULL, NULL),
(341, 1, 75, 75, NULL, NULL, 'Ja', 'Ja', NULL, NULL, 1509915271, 1509916454, NULL, 1, 1, NULL, NULL, NULL, NULL, NULL, NULL, NULL, NULL, NULL, NULL, NULL, NULL),
(341, 2, 76, 76, 1, 1, 'Ja', 'Ja', NULL, NULL, 1509915848, 1509916457, NULL, 1, 1, NULL, NULL, NULL, NULL, NULL, NULL, NULL, NULL, NULL, NULL, NULL, NULL),
(341, 3, 77, 77, 1, 1, 'Ja', 'Ja', NULL, NULL, 1509916256, 1509916461, NULL, 1, 1, NULL, NULL, NULL, NULL, NULL, NULL, NULL, NULL, NULL, NULL, NULL, NULL),
(340, 1, 75, 75, NULL, NULL, 'Ja', 'Ja', NULL, NULL, 1509915330, 1509916454, NULL, 1, 1, NULL, NULL, NULL, NULL, NULL, NULL, NULL, NULL, NULL, NULL, NULL, NULL),
(340, 2, 76, 76, 1, 1, 'Ja', 'Ja', NULL, NULL, 1509915876, 1509916458, NULL, 1, 1, NULL, NULL, NULL, NULL, NULL, NULL, NULL, NULL, NULL, NULL, NULL, NULL),
(340, 3, 77, 77, 1, 1, 'Ja', 'Nein', NULL, NULL, 1509916258, 1509916462, NULL, 1, 1, NULL, NULL, NULL, NULL, NULL, NULL, NULL, NULL, NULL, NULL, NULL, NULL),
(343, 1, 75, 75, NULL, NULL, 'Nein', 'Ja', NULL, NULL, 1509916519, 1509916554, NULL, 1, 1, NULL, NULL, NULL, NULL, NULL, NULL, NULL, NULL, NULL, NULL, NULL, NULL),
(343, 2, 75, 76, 0, 1, 'Ja', 'Ja', NULL, NULL, 1509916521, 1509916558, NULL, 1, 1, NULL, NULL, NULL, NULL, NULL, NULL, NULL, NULL, NULL, NULL, NULL, NULL),
(343, 3, 76, 77, 1, 1, 'Ja', 'Ja', NULL, NULL, 1509916524, 1509916580, NULL, 1, 1, NULL, NULL, NULL, NULL, NULL, NULL, NULL, NULL, NULL, NULL, NULL, NULL),
(344, 1, 75, 75, NULL, NULL, 'Ja', 'Ja', NULL, NULL, 1509916473, 1509916552, NULL, 1, 1, NULL, NULL, NULL, NULL, NULL, NULL, NULL, NULL, NULL, NULL, NULL, NULL),
(344, 2, 76, 76, 1, 1, 'Ja', 'Ja', NULL, NULL, 1509916523, 1509916557, NULL, 1, 1, NULL, NULL, NULL, NULL, NULL, NULL, NULL, NULL, NULL, NULL, NULL, NULL),
(344, 3, 77, 77, 1, 1, 'Ja', 'Nein', NULL, NULL, 1509916526, 1509916579, NULL, 1, 1, NULL, NULL, NULL, NULL, NULL, NULL, NULL, NULL, NULL, NULL, NULL, NULL),
(346, 1, 75, 75, NULL, NULL, 'Ja', 'Ja', NULL, NULL, 1509916520, 1509916554, NULL, 1, 1, NULL, NULL, NULL, NULL, NULL, NULL, NULL, NULL, NULL, NULL, NULL, NULL),
(346, 2, 76, 76, 1, 1, 'Ja', 'Nein', NULL, 1, 1509916524, NULL, NULL, 1, 1, NULL, NULL, NULL, NULL, NULL, NULL, NULL, NULL, NULL, NULL, NULL, NULL),
(346, 3, 77, 77, 1, 1, 'Ja', 'Nein', NULL, 1, 1509916528, NULL, NULL, 1, 1, NULL, NULL, NULL, NULL, NULL, NULL, NULL, NULL, NULL, NULL, NULL, NULL),
(186, 1, 75, 75, NULL, NULL, 'Ja', 'Ja', NULL, NULL, 1509915195, 1509916331, NULL, 1, 1, NULL, NULL, NULL, NULL, NULL, NULL, NULL, NULL, NULL, NULL, NULL, NULL),
(186, 2, 76, 76, 1, 1, 'Ja', 'Ja', NULL, NULL, 1509915657, 1509916457, NULL, 1, 1, NULL, NULL, NULL, NULL, NULL, NULL, NULL, NULL, NULL, NULL, NULL, NULL),
(186, 3, 77, 77, 1, 1, 'Ja', 'Ja', NULL, NULL, 1509916242, 1509916460, NULL, 1, 1, NULL, NULL, NULL, NULL, NULL, NULL, NULL, NULL, NULL, NULL, NULL, NULL),
(125, 1, 75, 75, NULL, NULL, 'Ja', 'Nein', NULL, NULL, 1509915254, 1509916333, NULL, 1, 1, NULL, NULL, NULL, NULL, NULL, NULL, NULL, NULL, NULL, NULL, NULL, NULL),
(125, 2, 76, 75, 1, 0, 'Ja', 'Ja', NULL, NULL, 1509915828, 1509916455, NULL, 1, 1, NULL, NULL, NULL, NULL, NULL, NULL, NULL, NULL, NULL, NULL, NULL, NULL),
(125, 3, 77, 76, 1, 1, 'Nein', 'Ja', NULL, NULL, 1509916254, 1509916458, NULL, 1, 1, NULL, NULL, NULL, NULL, NULL, NULL, NULL, NULL, NULL, NULL, NULL, NULL),
(231, 1, 75, 75, NULL, NULL, 'Ja', 'Ja', NULL, NULL, 1509912876, 1509916329, NULL, 1, 1, NULL, NULL, NULL, NULL, NULL, NULL, NULL, NULL, NULL, NULL, NULL, NULL),
(231, 2, 76, 76, 1, 1, 'Ja', 'Ja', NULL, NULL, 1509915338, 1509916455, NULL, 1, 1, NULL, NULL, NULL, NULL, NULL, NULL, NULL, NULL, NULL, NULL, NULL, NULL),
(231, 3, 77, 77, 1, 1, 'Ja', 'Nein', NULL, NULL, 1509915913, 1509916459, NULL, 1, 1, NULL, NULL, NULL, NULL, NULL, NULL, NULL, NULL, NULL, NULL, NULL, NULL),
(230, 1, 75, 75, NULL, NULL, 'Ja', 'Ja', NULL, NULL, 1509916472, 1509916551, NULL, 1, 1, NULL, NULL, NULL, NULL, NULL, NULL, NULL, NULL, NULL, NULL, NULL, NULL),
(230, 2, 76, 76, 1, 1, 'Nein', 'Nein', NULL, 1, 1509916522, NULL, NULL, 1, 1, NULL, NULL, NULL, NULL, NULL, NULL, NULL, NULL, NULL, NULL, NULL, NULL),
(230, 3, 76, 77, 0, 1, 'Ja', 'Nein', NULL, 1, 1509916525, NULL, NULL, 1, 1, NULL, NULL, NULL, NULL, NULL, NULL, NULL, NULL, NULL, NULL, NULL, NULL),
(209, 1, 75, 75, NULL, NULL, 'Ja', 'Ja', NULL, NULL, 1509916470, 1509916547, NULL, 1, 1, NULL, NULL, NULL, NULL, NULL, NULL, NULL, NULL, NULL, NULL, NULL, NULL),
(209, 2, 76, 76, 1, 1, 'Ja', 'Nein', NULL, NULL, 1509916521, 1509916555, NULL, 1, 1, NULL, NULL, NULL, NULL, NULL, NULL, NULL, NULL, NULL, NULL, NULL, NULL),
(209, 3, 77, 76, 1, 0, 'Ja', 'Ja', NULL, NULL, 1509916526, 1509916579, NULL, 1, 1, NULL, NULL, NULL, NULL, NULL, NULL, NULL, NULL, NULL, NULL, NULL, NULL),
(409, 1, 75, 75, NULL, NULL, 'Ja', 'Nein', NULL, NULL, 1509916518, 1509916553, NULL, 1, 1, NULL, NULL, NULL, NULL, NULL, NULL, NULL, NULL, NULL, NULL, NULL, NULL),
(409, 2, 76, 75, 1, 0, 'Ja', 'Ja', NULL, NULL, 1509916523, 1509916555, NULL, 1, 1, NULL, NULL, NULL, NULL, NULL, NULL, NULL, NULL, NULL, NULL, NULL, NULL),
(409, 3, 77, 76, 1, 1, 'Nein', 'Ja', NULL, NULL, 1509916527, 1509916578, NULL, 1, 1, NULL, NULL, NULL, NULL, NULL, NULL, NULL, NULL, NULL, NULL, NULL, NULL);

-- --------------------------------------------------------

--
-- Tabellenstruktur für Tabelle `heber_wk_7`
--

CREATE TABLE `heber_wk_7` (
  `IdHeber` int(11) DEFAULT NULL,
  `Versuch` int(11) DEFAULT NULL,
  `Reißen` int(11) DEFAULT NULL,
  `Stoßen` int(11) DEFAULT NULL,
  `Technik_Reißen` float(11,2) DEFAULT NULL,
  `Technik_Stoßen` float(11,2) DEFAULT NULL,
  `Div_Wert_R` int(11) DEFAULT NULL,
  `Div_Wert_S` int(11) DEFAULT NULL,
  `Gueltig_Reißen` tinytext,
  `Gueltig_Stoßen` tinytext,
  `Reißen_Verzicht` int(11) DEFAULT NULL,
  `Stoßen_Verzicht` int(11) DEFAULT NULL,
  `time_Reißen` int(11) DEFAULT NULL,
  `time_Stoßen` int(11) DEFAULT NULL,
  `NH_Reißen` int(11) DEFAULT NULL,
  `NH_Stoßen` int(11) DEFAULT NULL,
  `G_Reißen_1` tinytext,
  `G_Stoßen_1` tinytext,
  `G_Reißen_2` tinytext,
  `G_Stoßen_2` tinytext,
  `G_Reißen_3` tinytext,
  `G_Stoßen_3` tinytext,
  `Time_Reißen_1` int(11) DEFAULT NULL,
  `Time_Stoßen_1` int(11) DEFAULT NULL,
  `Time_Reißen_2` int(11) DEFAULT NULL,
  `Time_Stoßen_2` int(11) DEFAULT NULL,
  `Time_Reißen_3` int(11) DEFAULT NULL,
  `Time_Stoßen_3` int(11) DEFAULT NULL,
  `TeWert_Reißen_1` float(11,2) DEFAULT NULL,
  `TeWert_Stoßen_1` float(11,2) DEFAULT NULL,
  `TeWert_Reißen_2` float(11,2) DEFAULT NULL,
  `TeWert_Stoßen_2` float(11,2) DEFAULT NULL,
  `TeWert_Reißen_3` float(11,2) DEFAULT NULL,
  `TeWert_Stoßen_3` float(11,2) DEFAULT NULL
) ENGINE=InnoDB DEFAULT CHARSET=latin1;

--
-- Daten für Tabelle `heber_wk_7`
--

INSERT INTO `heber_wk_7` (`IdHeber`, `Versuch`, `Reißen`, `Stoßen`, `Technik_Reißen`, `Technik_Stoßen`, `Div_Wert_R`, `Div_Wert_S`, `Gueltig_Reißen`, `Gueltig_Stoßen`, `Reißen_Verzicht`, `Stoßen_Verzicht`, `time_Reißen`, `time_Stoßen`, `NH_Reißen`, `NH_Stoßen`, `G_Reißen_1`, `G_Stoßen_1`, `G_Reißen_2`, `G_Stoßen_2`, `G_Reißen_3`, `G_Stoßen_3`, `Time_Reißen_1`, `Time_Stoßen_1`, `Time_Reißen_2`, `Time_Stoßen_2`, `Time_Reißen_3`, `Time_Stoßen_3`, `TeWert_Reißen_1`, `TeWert_Stoßen_1`, `TeWert_Reißen_2`, `TeWert_Stoßen_2`, `TeWert_Reißen_3`, `TeWert_Stoßen_3`) VALUES
(536, 1, 50, 50, NULL, NULL, NULL, NULL, NULL, NULL, NULL, NULL, NULL, NULL, NULL, NULL, NULL, NULL, NULL, NULL, NULL, NULL, NULL, NULL, NULL, NULL, NULL, NULL, NULL, NULL, NULL, NULL, NULL, NULL),
(536, 2, NULL, NULL, NULL, NULL, NULL, NULL, NULL, NULL, NULL, NULL, NULL, NULL, NULL, NULL, NULL, NULL, NULL, NULL, NULL, NULL, NULL, NULL, NULL, NULL, NULL, NULL, NULL, NULL, NULL, NULL, NULL, NULL),
(536, 3, NULL, NULL, NULL, NULL, NULL, NULL, NULL, NULL, NULL, NULL, NULL, NULL, NULL, NULL, NULL, NULL, NULL, NULL, NULL, NULL, NULL, NULL, NULL, NULL, NULL, NULL, NULL, NULL, NULL, NULL, NULL, NULL),
(479, 1, 50, 50, NULL, NULL, NULL, NULL, NULL, NULL, NULL, NULL, NULL, NULL, NULL, NULL, NULL, NULL, NULL, NULL, NULL, NULL, NULL, NULL, NULL, NULL, NULL, NULL, NULL, NULL, NULL, NULL, NULL, NULL),
(479, 2, NULL, NULL, NULL, NULL, NULL, NULL, NULL, NULL, NULL, NULL, NULL, NULL, NULL, NULL, NULL, NULL, NULL, NULL, NULL, NULL, NULL, NULL, NULL, NULL, NULL, NULL, NULL, NULL, NULL, NULL, NULL, NULL),
(479, 3, NULL, NULL, NULL, NULL, NULL, NULL, NULL, NULL, NULL, NULL, NULL, NULL, NULL, NULL, NULL, NULL, NULL, NULL, NULL, NULL, NULL, NULL, NULL, NULL, NULL, NULL, NULL, NULL, NULL, NULL, NULL, NULL);

-- --------------------------------------------------------

--
-- Tabellenstruktur für Tabelle `laender`
--

CREATE TABLE `laender` (
  `laender` text NOT NULL,
  `Idlaender` int(11) NOT NULL,
  `laender_lang` text NOT NULL
) ENGINE=InnoDB DEFAULT CHARSET=latin1;

--
-- Daten für Tabelle `laender`
--

INSERT INTO `laender` (`laender`, `Idlaender`, `laender_lang`) VALUES
('BW', 2, 'Baden-Württemberg'),
('BY', 3, 'Bayern'),
('BE', 4, 'Berlin'),
('BB', 5, 'Brandenburg'),
('HB', 6, 'Bremen'),
('HH', 7, 'Hamburg'),
('HE', 8, 'Hessen'),
('MV', 9, 'Mecklenburg-Vorpommern'),
('NI', 10, 'Niedersachsen'),
('NW', 11, 'Nordrhein-Westfalen'),
('RP', 12, 'Rheinland-Pfalz'),
('SL', 13, 'Saarland'),
('SN', 14, 'Sachsen'),
('ST', 15, '	Sachsen-Anhalt'),
('SH', 16, 'Schleswig-Holstein'),
('TH', 17, 'Thüringen');

-- --------------------------------------------------------

--
-- Tabellenstruktur für Tabelle `laenderwertung`
--

CREATE TABLE `laenderwertung` (
  `Platz` int(11) NOT NULL,
  `P_Punkte` int(11) NOT NULL
) ENGINE=InnoDB DEFAULT CHARSET=latin1;

--
-- Daten für Tabelle `laenderwertung`
--

INSERT INTO `laenderwertung` (`Platz`, `P_Punkte`) VALUES
(1, 28),
(2, 25),
(3, 23),
(4, 22),
(5, 21),
(6, 20),
(7, 19),
(8, 18),
(9, 17),
(10, 16),
(11, 15),
(12, 14),
(13, 13),
(14, 12),
(15, 11),
(16, 10),
(17, 9),
(18, 8),
(19, 7),
(20, 6),
(21, 5),
(22, 4),
(23, 3),
(24, 2),
(25, 1);

-- --------------------------------------------------------

--
-- Tabellenstruktur für Tabelle `laenderwertung_3`
--

CREATE TABLE `laenderwertung_3` (
  `Ver_Lan_Sta` text,
  `Lw_Punkte` float(11,1) DEFAULT NULL,
  `Lw_Platz` int(11) DEFAULT NULL
) ENGINE=InnoDB DEFAULT CHARSET=latin1;

--
-- Daten für Tabelle `laenderwertung_3`
--

INSERT INTO `laenderwertung_3` (`Ver_Lan_Sta`, `Lw_Punkte`, `Lw_Platz`) VALUES
('BW', 654.0, 1),
('BY', 576.0, 2),
('BE', 131.0, 8),
('BB', 338.0, 4),
('HE', 98.0, 10),
('NI', 56.0, 11),
('NW', 185.0, 7),
('RP', 261.0, 5),
('SL', 32.0, 12),
('SN', 439.0, 3),
('ST', 117.0, 9),
('SH', 28.0, 13),
('TH', 246.0, 6);

-- --------------------------------------------------------

--
-- Tabellenstruktur für Tabelle `laenderwertung_4`
--

CREATE TABLE `laenderwertung_4` (
  `Ver_Lan_Sta` text,
  `Lw_Punkte` float(11,1) DEFAULT NULL,
  `Lw_Platz` int(11) DEFAULT NULL
) ENGINE=InnoDB DEFAULT CHARSET=latin1;

-- --------------------------------------------------------

--
-- Tabellenstruktur für Tabelle `laenderwertung_7`
--

CREATE TABLE `laenderwertung_7` (
  `Ver_Lan_Sta` text,
  `Lw_Punkte` float(11,1) DEFAULT NULL,
  `Lw_Platz` int(11) DEFAULT NULL
) ENGINE=InnoDB DEFAULT CHARSET=latin1;

-- --------------------------------------------------------

--
-- Tabellenstruktur für Tabelle `mannschaften_3`
--

CREATE TABLE `mannschaften_3` (
  `IdVerein` int(11) DEFAULT NULL,
  `Anzahl_M` int(11) DEFAULT NULL
) ENGINE=InnoDB DEFAULT CHARSET=latin1;

--
-- Daten für Tabelle `mannschaften_3`
--

INSERT INTO `mannschaften_3` (`IdVerein`, `Anzahl_M`) VALUES
(3, 0),
(4, 0),
(5, 0),
(6, 0),
(8, 0),
(43, 0),
(49, 0),
(52, 0),
(57, 0),
(58, 0),
(64, 0),
(1, 0),
(2, 0),
(7, 0),
(9, 0),
(11, 0),
(12, 0),
(13, 0),
(14, 0),
(15, 0),
(17, 0),
(18, 0),
(19, 1),
(22, 0),
(23, 0),
(26, 0),
(29, 0),
(30, 1),
(32, 0),
(33, 0),
(35, 0),
(36, 1),
(38, 0),
(39, 0),
(42, 0),
(45, 0),
(46, 0),
(48, 0),
(50, 0),
(53, 0),
(54, 0),
(68, 0),
(69, 0),
(71, 0),
(72, 0),
(73, 0),
(75, 0),
(76, 0),
(77, 0),
(78, 0),
(79, 0),
(80, 0),
(81, 0),
(82, 0),
(83, 0),
(84, 0),
(85, 0),
(86, 0),
(87, 0),
(88, 0),
(89, 0),
(90, 0),
(91, 0),
(92, 0),
(93, 0),
(96, 0),
(95, 0),
(97, 0);

-- --------------------------------------------------------

--
-- Tabellenstruktur für Tabelle `mannschaften_4`
--

CREATE TABLE `mannschaften_4` (
  `IdVerein` int(11) DEFAULT NULL,
  `Anzahl_M` int(11) DEFAULT NULL
) ENGINE=InnoDB DEFAULT CHARSET=latin1;

-- --------------------------------------------------------

--
-- Tabellenstruktur für Tabelle `mannschaften_7`
--

CREATE TABLE `mannschaften_7` (
  `IdVerein` int(11) DEFAULT NULL,
  `Anzahl_M` int(11) DEFAULT NULL
) ENGINE=InnoDB DEFAULT CHARSET=latin1;

-- --------------------------------------------------------

--
-- Tabellenstruktur für Tabelle `master_pw`
--

CREATE TABLE `master_pw` (
  `Id` int(11) NOT NULL,
  `Master_PW` tinytext NOT NULL
) ENGINE=InnoDB DEFAULT CHARSET=latin1;

-- --------------------------------------------------------

--
-- Tabellenstruktur für Tabelle `relativtabzug`
--

CREATE TABLE `relativtabzug` (
  `Gewicht` int(11) NOT NULL,
  `Maenner` double(11,1) NOT NULL,
  `Frauen` double(11,1) NOT NULL
) ENGINE=InnoDB DEFAULT CHARSET=latin1;

--
-- Daten für Tabelle `relativtabzug`
--

INSERT INTO `relativtabzug` (`Gewicht`, `Maenner`, `Frauen`) VALUES
(31, 22.5, 12.5),
(32, 23.0, 12.5),
(33, 23.5, 12.5),
(34, 24.0, 12.5),
(35, 24.5, 12.5),
(36, 25.0, 12.5),
(37, 25.5, 12.5),
(38, 26.0, 12.5),
(39, 26.5, 12.5),
(40, 27.0, 12.5),
(41, 27.5, 13.0),
(42, 28.0, 13.0),
(43, 28.5, 13.5),
(44, 29.0, 13.5),
(45, 29.5, 14.0),
(46, 30.0, 14.0),
(47, 30.5, 14.5),
(48, 31.0, 15.0),
(49, 32.0, 15.5),
(50, 34.5, 16.0),
(51, 35.0, 16.5),
(52, 36.0, 17.0),
(53, 37.0, 17.5),
(54, 38.5, 18.5),
(55, 40.0, 19.5),
(56, 42.0, 20.5),
(57, 44.0, 21.5),
(58, 46.0, 22.5),
(59, 48.0, 23.5),
(60, 50.0, 25.0),
(61, 52.0, 26.5),
(62, 54.0, 27.5),
(63, 56.0, 28.5),
(64, 57.5, 29.5),
(65, 59.0, 31.0),
(66, 60.5, 32.0),
(67, 62.0, 33.0),
(68, 63.5, 34.0),
(69, 65.0, 35.0),
(70, 66.5, 36.0),
(71, 68.0, 37.0),
(72, 69.5, 38.0),
(73, 70.5, 39.0),
(74, 71.5, 40.0),
(75, 72.5, 40.0),
(76, 74.0, 40.5),
(77, 75.5, 41.0),
(78, 77.0, 41.5),
(79, 78.0, 42.0),
(80, 0.0, 42.5),
(81, 0.0, 43.0),
(82, 0.0, 43.5),
(83, 0.0, 44.0),
(84, 0.0, 44.5),
(85, 0.0, 44.5),
(86, 0.0, 45.0),
(87, 0.0, 45.5),
(88, 0.0, 46.0),
(89, 0.0, 46.0),
(90, 0.0, 46.5),
(91, 0.0, 47.0),
(92, 0.0, 47.5),
(93, 0.0, 47.5),
(94, 0.0, 48.0),
(95, 0.0, 48.5),
(96, 95.5, 48.5),
(97, 96.0, 49.0),
(98, 96.5, 49.5),
(99, 97.0, 49.5),
(100, 97.5, 50.0),
(101, 98.5, 50.5),
(102, 99.5, 50.5),
(103, 100.5, 51.0),
(104, 101.0, 51.0),
(105, 102.0, 51.5),
(106, 103.0, 51.5),
(107, 103.5, 52.0),
(108, 103.5, 52.0),
(109, 104.0, 52.5),
(110, 104.0, 52.5),
(111, 104.0, 53.0),
(112, 104.5, 53.0),
(113, 104.5, 53.5),
(114, 105.0, 53.5),
(115, 105.0, 54.0),
(116, 105.5, 54.0),
(117, 106.0, 54.5),
(118, 106.5, 54.5),
(119, 107.0, 55.0),
(120, 107.5, 55.0),
(121, 108.0, 55.5),
(122, 108.5, 55.5),
(123, 109.0, 56.0),
(124, 109.5, 56.0),
(125, 110.0, 56.5),
(126, 110.5, 56.5),
(127, 111.0, 57.0),
(128, 111.5, 57.0),
(129, 112.0, 57.5),
(130, 112.5, 57.5),
(131, 113.0, 58.0),
(132, 113.5, 58.0),
(133, 114.0, 58.5),
(134, 114.5, 58.5),
(135, 115.0, 59.0),
(136, 115.5, 59.0),
(137, 116.0, 59.5),
(138, 116.5, 59.5),
(139, 117.0, 60.0),
(140, 117.5, 60.0),
(141, 118.0, 60.5),
(142, 118.5, 60.5),
(143, 119.0, 61.0),
(144, 119.5, 61.0),
(145, 120.0, 61.5),
(146, 120.5, 61.5),
(147, 121.0, 62.0),
(148, 121.5, 62.0),
(149, 122.0, 62.5),
(150, 122.5, 62.5),
(151, 123.0, 63.0),
(152, 123.5, 63.0),
(153, 124.0, 63.5),
(154, 124.5, 63.5),
(155, 125.0, 64.0),
(156, 125.5, 64.0),
(157, 126.0, 64.5),
(158, 126.5, 64.5),
(159, 127.0, 65.0),
(160, 127.5, 65.0);

-- --------------------------------------------------------

--
-- Tabellenstruktur für Tabelle `sinclair_alterstabellle`
--

CREATE TABLE `sinclair_alterstabellle` (
  `Age` int(11) NOT NULL,
  `Al_Sin_Werte` float(11,3) NOT NULL
) ENGINE=InnoDB DEFAULT CHARSET=latin1;

--
-- Daten für Tabelle `sinclair_alterstabellle`
--

INSERT INTO `sinclair_alterstabellle` (`Age`, `Al_Sin_Werte`) VALUES
(30, 1.000),
(31, 1.016),
(32, 1.031),
(33, 1.046),
(34, 1.059),
(35, 1.072),
(36, 1.083),
(37, 1.096),
(38, 1.109),
(39, 1.122),
(40, 1.135),
(41, 1.149),
(42, 1.162),
(43, 1.176),
(44, 1.189),
(45, 1.203),
(46, 1.218),
(47, 1.233),
(48, 1.248),
(49, 1.263),
(50, 1.279),
(51, 1.297),
(52, 1.316),
(53, 1.338),
(54, 1.361),
(55, 1.385),
(56, 1.411),
(57, 1.437),
(58, 1.462),
(59, 1.488),
(60, 1.514),
(61, 1.541),
(62, 1.568),
(63, 1.598),
(64, 1.629),
(65, 1.663),
(66, 1.699),
(67, 1.738),
(68, 1.779),
(69, 1.823),
(70, 1.867),
(71, 1.910),
(72, 1.953),
(73, 2.004),
(74, 2.060),
(75, 2.117),
(76, 2.181),
(77, 2.255),
(78, 2.336),
(79, 2.419),
(80, 2.504),
(81, 2.597),
(82, 2.702),
(83, 2.831),
(84, 2.981),
(85, 3.153),
(86, 3.352),
(87, 3.580),
(88, 3.843),
(89, 4.145),
(90, 4.493);

-- --------------------------------------------------------

--
-- Tabellenstruktur für Tabelle `sinclair_faktoren`
--

CREATE TABLE `sinclair_faktoren` (
  `Id` int(11) NOT NULL,
  `Sin_Koef_M` double(15,10) NOT NULL,
  `Sin_Koef_W` double(15,10) NOT NULL,
  `Sin_Gew_M` double(11,3) NOT NULL,
  `Sin_Gew_W` double(11,3) NOT NULL
) ENGINE=InnoDB DEFAULT CHARSET=latin1;

--
-- Daten für Tabelle `sinclair_faktoren`
--

INSERT INTO `sinclair_faktoren` (`Id`, `Sin_Koef_M`, `Sin_Koef_W`, `Sin_Gew_M`, `Sin_Gew_W`) VALUES
(1, 0.7943581410, 0.8972607400, 174.393, 148.026);

-- --------------------------------------------------------

--
-- Tabellenstruktur für Tabelle `staaten`
--

CREATE TABLE `staaten` (
  `IdStaat` int(11) NOT NULL,
  `Staat` text NOT NULL,
  `FlaggenFormat` text NOT NULL
) ENGINE=InnoDB DEFAULT CHARSET=latin1;

--
-- Daten für Tabelle `staaten`
--

INSERT INTO `staaten` (`IdStaat`, `Staat`, `FlaggenFormat`) VALUES
(0, '---', ''),
(1, 'Ger', 'jpg'),
(2, 'Fra', ''),
(3, '', ''),
(4, '', ''),
(5, '', ''),
(6, '', ''),
(7, '', ''),
(9, '', '');

-- --------------------------------------------------------

--
-- Tabellenstruktur für Tabelle `stammdaten_wk_3`
--

CREATE TABLE `stammdaten_wk_3` (
  `Heber_pro_M` int(11) NOT NULL,
  `Meisterschaft` tinytext,
  `Ort` tinytext,
  `Datum` tinytext,
  `Wk_Art` tinytext,
  `V_Faktor` float(11,2) DEFAULT NULL,
  `Laenderwertung` int(11) DEFAULT NULL,
  `Kampfrichter` int(11) DEFAULT NULL,
  `Gerd` int(11) DEFAULT NULL,
  `Pokal` int(11) DEFAULT NULL,
  `Gruppenteiler` int(11) DEFAULT NULL,
  `Urkunden_höhe` int(11) DEFAULT NULL,
  `Anzahl_Heber_p_S` int(11) DEFAULT NULL,
  `Masters` int(11) DEFAULT NULL,
  `EineKlasse` int(11) DEFAULT NULL,
  `Flagge` int(11) DEFAULT NULL,
  `International` int(11) DEFAULT NULL,
  `passwort` tinytext,
  `Mannschaft_Auswahl` int(11) DEFAULT NULL,
  `GesGrpAlKl` tinytext,
  `LosNummern` int(11) DEFAULT NULL,
  `Rel_Sin_AlKl` int(11) DEFAULT NULL,
  `Hauptauswertung` int(11) DEFAULT NULL,
  `Zeitnehmer` int(11) DEFAULT NULL,
  `HHP_Hardware` int(11) DEFAULT NULL,
  `Grp_Einteilung` int(11) DEFAULT NULL,
  `DM` int(11) DEFAULT NULL,
  `MitNorm` int(11) DEFAULT NULL,
  `NormAlKl` tinytext,
  `UrkName1` text NOT NULL,
  `UrkName2` text NOT NULL,
  `UrkName3` text NOT NULL,
  `UrkName4` text NOT NULL
) ENGINE=InnoDB DEFAULT CHARSET=latin1;

--
-- Daten für Tabelle `stammdaten_wk_3`
--

INSERT INTO `stammdaten_wk_3` (`Heber_pro_M`, `Meisterschaft`, `Ort`, `Datum`, `Wk_Art`, `V_Faktor`, `Laenderwertung`, `Kampfrichter`, `Gerd`, `Pokal`, `Gruppenteiler`, `Urkunden_höhe`, `Anzahl_Heber_p_S`, `Masters`, `EineKlasse`, `Flagge`, `International`, `passwort`, `Mannschaft_Auswahl`, `GesGrpAlKl`, `LosNummern`, `Rel_Sin_AlKl`, `Hauptauswertung`, `Zeitnehmer`, `HHP_Hardware`, `Grp_Einteilung`, `DM`, `MitNorm`, `NormAlKl`, `UrkName1`, `UrkName2`, `UrkName3`, `UrkName4`) VALUES
(5, 'Deutsche Meisterschaft', 'Speyer', '2017-11-03', 'ZK', 0.00, 2, 3, 1, 0, 0, 14, 25, 0, 0, 0, 0, NULL, 0, '', 1, 0, 0, 1, 1, 0, 1, 1, 'Aktive', 'Alexander Meinhardt-Heib ', 'Jörg Schanninger ', 'Vizepräsident Sport', '1.Vorsizender AV 03 Speyer');

-- --------------------------------------------------------

--
-- Tabellenstruktur für Tabelle `stammdaten_wk_4`
--

CREATE TABLE `stammdaten_wk_4` (
  `Heber_pro_M` int(11) DEFAULT NULL,
  `Meisterschaft` tinytext,
  `Ort` tinytext,
  `Datum` tinytext,
  `Wk_Art` tinytext,
  `V_Faktor` float(11,2) DEFAULT NULL,
  `Laenderwertung` int(11) DEFAULT NULL,
  `Kampfrichter` int(11) DEFAULT NULL,
  `Gerd` int(11) DEFAULT NULL,
  `Pokal` int(11) DEFAULT NULL,
  `Gruppenteiler` int(11) DEFAULT NULL,
  `Urkunden_höhe` int(11) DEFAULT NULL,
  `Anzahl_Heber_p_S` int(11) DEFAULT NULL,
  `Masters` int(11) DEFAULT NULL,
  `EineKlasse` int(11) DEFAULT NULL,
  `Flagge` int(11) DEFAULT NULL,
  `International` int(11) DEFAULT NULL,
  `passwort` tinytext,
  `Mannschaft_Auswahl` int(11) DEFAULT NULL,
  `GesGrpAlKl` tinytext,
  `LosNummern` int(11) DEFAULT NULL,
  `Rel_Sin_AlKl` int(11) DEFAULT NULL,
  `Hauptauswertung` int(11) DEFAULT NULL,
  `Zeitnehmer` int(11) DEFAULT NULL,
  `HHP_Hardware` int(11) DEFAULT NULL,
  `Grp_Einteilung` int(11) DEFAULT NULL,
  `DM` int(11) DEFAULT NULL,
  `MitNorm` int(11) DEFAULT NULL,
  `NormAlKl` tinytext
) ENGINE=InnoDB DEFAULT CHARSET=latin1;

--
-- Daten für Tabelle `stammdaten_wk_4`
--

INSERT INTO `stammdaten_wk_4` (`Heber_pro_M`, `Meisterschaft`, `Ort`, `Datum`, `Wk_Art`, `V_Faktor`, `Laenderwertung`, `Kampfrichter`, `Gerd`, `Pokal`, `Gruppenteiler`, `Urkunden_höhe`, `Anzahl_Heber_p_S`, `Masters`, `EineKlasse`, `Flagge`, `International`, `passwort`, `Mannschaft_Auswahl`, `GesGrpAlKl`, `LosNummern`, `Rel_Sin_AlKl`, `Hauptauswertung`, `Zeitnehmer`, `HHP_Hardware`, `Grp_Einteilung`, `DM`, `MitNorm`, `NormAlKl`) VALUES
(4, '', '', '', 'ZK', 0.00, 1, 1, 0, 0, 0, 14, 25, 0, 0, 0, 0, NULL, 0, '', 1, 0, 0, 0, 0, 0, 1, 1, 'Aktive');

-- --------------------------------------------------------

--
-- Tabellenstruktur für Tabelle `stammdaten_wk_6`
--

CREATE TABLE `stammdaten_wk_6` (
  `Meisterschaft` tinytext,
  `Ort` tinytext,
  `Datum` date DEFAULT NULL,
  `Wk_Art` tinytext,
  `Kampfrichter` int(11) DEFAULT NULL,
  `Gerd` int(11) DEFAULT NULL,
  `Urkunden_höhe` int(11) DEFAULT NULL,
  `Anzahl_Heber_p_S` int(11) DEFAULT NULL,
  `passwort` tinytext,
  `Liga` tinytext,
  `LosNummern` int(11) DEFAULT NULL,
  `Zeitnehmer` int(11) DEFAULT NULL,
  `HHP_Hardware` int(11) DEFAULT NULL
) ENGINE=InnoDB DEFAULT CHARSET=latin1;

--
-- Daten für Tabelle `stammdaten_wk_6`
--

INSERT INTO `stammdaten_wk_6` (`Meisterschaft`, `Ort`, `Datum`, `Wk_Art`, `Kampfrichter`, `Gerd`, `Urkunden_höhe`, `Anzahl_Heber_p_S`, `passwort`, `Liga`, `LosNummern`, `Zeitnehmer`, `HHP_Hardware`) VALUES
('', '', '0000-00-00', 'BL', 1, 0, 14, 25, NULL, 'testKlasse', 1, 1, 0);

-- --------------------------------------------------------

--
-- Tabellenstruktur für Tabelle `stammdaten_wk_7`
--

CREATE TABLE `stammdaten_wk_7` (
  `Heber_pro_M` int(11) DEFAULT NULL,
  `Meisterschaft` tinytext,
  `Ort` tinytext,
  `Datum` tinytext,
  `Wk_Art` tinytext,
  `V_Faktor` float(11,2) DEFAULT NULL,
  `Pendellauf` int(11) DEFAULT NULL,
  `Sprint` int(11) DEFAULT NULL,
  `Differenzsprung` int(11) DEFAULT NULL,
  `Differenzsprung2` int(11) DEFAULT NULL,
  `DifferenzsprungEmatte` int(11) DEFAULT NULL,
  `Schlussdreisprung` int(11) DEFAULT NULL,
  `Schockwurf` int(11) DEFAULT NULL,
  `Anristen` int(11) DEFAULT NULL,
  `Klimmziehen` int(11) DEFAULT NULL,
  `Zug` int(11) DEFAULT NULL,
  `Bankdruecken` int(11) DEFAULT NULL,
  `Liegestuetz` int(11) DEFAULT NULL,
  `Beugestuetz` int(11) DEFAULT NULL,
  `Sternlauf` int(11) DEFAULT NULL,
  `Laenderwertung` int(11) DEFAULT NULL,
  `Kampfrichter` int(11) DEFAULT NULL,
  `Gerd` int(11) DEFAULT NULL,
  `Pokal` int(11) DEFAULT NULL,
  `Gruppenteiler` int(11) DEFAULT NULL,
  `Urkunden_höhe` int(11) DEFAULT NULL,
  `Anzahl_Heber_p_S` int(11) DEFAULT NULL,
  `Flagge` int(11) DEFAULT NULL,
  `International` int(11) DEFAULT NULL,
  `passwort` tinytext,
  `GesGrpAlKl` tinytext,
  `LosNummern` int(11) DEFAULT NULL,
  `Zeitnehmer` int(11) DEFAULT NULL,
  `HHP_Hardware` int(11) DEFAULT NULL,
  `Mannschaft_Auswahl` int(11) DEFAULT NULL,
  `UrkName1` tinytext,
  `UrkName2` tinytext,
  `UrkName3` tinytext,
  `UrkName4` tinytext
) ENGINE=InnoDB DEFAULT CHARSET=latin1;

--
-- Daten für Tabelle `stammdaten_wk_7`
--

INSERT INTO `stammdaten_wk_7` (`Heber_pro_M`, `Meisterschaft`, `Ort`, `Datum`, `Wk_Art`, `V_Faktor`, `Pendellauf`, `Sprint`, `Differenzsprung`, `Differenzsprung2`, `DifferenzsprungEmatte`, `Schlussdreisprung`, `Schockwurf`, `Anristen`, `Klimmziehen`, `Zug`, `Bankdruecken`, `Liegestuetz`, `Beugestuetz`, `Sternlauf`, `Laenderwertung`, `Kampfrichter`, `Gerd`, `Pokal`, `Gruppenteiler`, `Urkunden_höhe`, `Anzahl_Heber_p_S`, `Flagge`, `International`, `passwort`, `GesGrpAlKl`, `LosNummern`, `Zeitnehmer`, `HHP_Hardware`, `Mannschaft_Auswahl`, `UrkName1`, `UrkName2`, `UrkName3`, `UrkName4`) VALUES
(4, '', '', '', 'M_m_T', 0.00, 1, 0, 0, NULL, 0, 0, 1, 0, 0, 0, 0, 0, 0, 0, 1, 1, 0, 0, 12, 14, 25, 0, 0, NULL, 'Aktive', 1, 0, 0, 0, NULL, NULL, NULL, NULL);

-- --------------------------------------------------------

--
-- Tabellenstruktur für Tabelle `startgebühren_3`
--

CREATE TABLE `startgebühren_3` (
  `E_Erw` float(11,2) DEFAULT NULL,
  `M_Erw` float(11,2) DEFAULT NULL,
  `Nach_Meldung_Euro` float(11,2) DEFAULT NULL
) ENGINE=InnoDB DEFAULT CHARSET=latin1;

--
-- Daten für Tabelle `startgebühren_3`
--

INSERT INTO `startgebühren_3` (`E_Erw`, `M_Erw`, `Nach_Meldung_Euro`) VALUES
(30.00, 30.00, 60.00);

-- --------------------------------------------------------

--
-- Tabellenstruktur für Tabelle `startgebühren_4`
--

CREATE TABLE `startgebühren_4` (
  `E_Erw` float(11,2) DEFAULT NULL,
  `M_Erw` float(11,2) DEFAULT NULL,
  `Nach_Meldung_Euro` float(11,2) DEFAULT NULL
) ENGINE=InnoDB DEFAULT CHARSET=latin1;

--
-- Daten für Tabelle `startgebühren_4`
--

INSERT INTO `startgebühren_4` (`E_Erw`, `M_Erw`, `Nach_Meldung_Euro`) VALUES
(0.00, 0.00, NULL);

-- --------------------------------------------------------

--
-- Tabellenstruktur für Tabelle `startgebühren_7`
--

CREATE TABLE `startgebühren_7` (
  `E_Erw` float(11,2) DEFAULT NULL,
  `M_Erw` float(11,2) DEFAULT NULL,
  `Nach_Meldung_Euro` float(11,2) DEFAULT NULL
) ENGINE=InnoDB DEFAULT CHARSET=latin1;

--
-- Daten für Tabelle `startgebühren_7`
--

INSERT INTO `startgebühren_7` (`E_Erw`, `M_Erw`, `Nach_Meldung_Euro`) VALUES
(0.00, 0.00, NULL);

-- --------------------------------------------------------

--
-- Tabellenstruktur für Tabelle `tmp_anzeige_1`
--

CREATE TABLE `tmp_anzeige_1` (
  `Anweisung` int(11) NOT NULL
) ENGINE=InnoDB DEFAULT CHARSET=latin1;

--
-- Daten für Tabelle `tmp_anzeige_1`
--

INSERT INTO `tmp_anzeige_1` (`Anweisung`) VALUES
(1);

-- --------------------------------------------------------

--
-- Tabellenstruktur für Tabelle `tmp_anzeige_2`
--

CREATE TABLE `tmp_anzeige_2` (
  `Anweisung` int(11) NOT NULL
) ENGINE=InnoDB DEFAULT CHARSET=latin1;

--
-- Daten für Tabelle `tmp_anzeige_2`
--

INSERT INTO `tmp_anzeige_2` (`Anweisung`) VALUES
(0);

-- --------------------------------------------------------

--
-- Tabellenstruktur für Tabelle `tmp_anzeige_wk_1`
--

CREATE TABLE `tmp_anzeige_wk_1` (
  `Wk_Nummer` int(11) NOT NULL
) ENGINE=InnoDB DEFAULT CHARSET=latin1;

--
-- Daten für Tabelle `tmp_anzeige_wk_1`
--

INSERT INTO `tmp_anzeige_wk_1` (`Wk_Nummer`) VALUES
(3);

-- --------------------------------------------------------

--
-- Tabellenstruktur für Tabelle `tmp_anzeige_wk_2`
--

CREATE TABLE `tmp_anzeige_wk_2` (
  `Wk_Nummer` int(11) NOT NULL
) ENGINE=InnoDB DEFAULT CHARSET=latin1;

--
-- Daten für Tabelle `tmp_anzeige_wk_2`
--

INSERT INTO `tmp_anzeige_wk_2` (`Wk_Nummer`) VALUES
(1);

-- --------------------------------------------------------

--
-- Tabellenstruktur für Tabelle `tmp_db`
--

CREATE TABLE `tmp_db` (
  `S_Db` text NOT NULL
) ENGINE=InnoDB DEFAULT CHARSET=latin1;

--
-- Daten für Tabelle `tmp_db`
--

INSERT INTO `tmp_db` (`S_Db`) VALUES
('7');

-- --------------------------------------------------------

--
-- Tabellenstruktur für Tabelle `tmp_gerd_1`
--

CREATE TABLE `tmp_gerd_1` (
  `IdHeber` int(11) NOT NULL,
  `Art` text NOT NULL,
  `HGw` int(11) NOT NULL,
  `V` int(11) NOT NULL,
  `Name` text NOT NULL,
  `Vorname` text NOT NULL,
  `Verein` text NOT NULL,
  `Kgw` double(11,2) NOT NULL,
  `Klasse` int(11) NOT NULL
) ENGINE=InnoDB DEFAULT CHARSET=latin1;

--
-- Daten für Tabelle `tmp_gerd_1`
--

INSERT INTO `tmp_gerd_1` (`IdHeber`, `Art`, `HGw`, `V`, `Name`, `Vorname`, `Verein`, `Kgw`, `Klasse`) VALUES
(-1, 'Stoßen', -1, -1, '', '', '', 0.00, 0);

-- --------------------------------------------------------

--
-- Tabellenstruktur für Tabelle `tmp_gerd_2`
--

CREATE TABLE `tmp_gerd_2` (
  `IdHeber` int(11) NOT NULL,
  `Art` text NOT NULL,
  `HGw` int(11) NOT NULL,
  `V` int(11) NOT NULL,
  `Name` text NOT NULL,
  `Vorname` text NOT NULL,
  `Verein` text NOT NULL,
  `Kgw` double(11,2) NOT NULL,
  `Klasse` int(11) NOT NULL
) ENGINE=InnoDB DEFAULT CHARSET=latin1;

--
-- Daten für Tabelle `tmp_gerd_2`
--

INSERT INTO `tmp_gerd_2` (`IdHeber`, `Art`, `HGw`, `V`, `Name`, `Vorname`, `Verein`, `Kgw`, `Klasse`) VALUES
(337, 'Reißen', 50, 2, 'aaaa', '', 'aaaaaa', 78.00, -100);

-- --------------------------------------------------------

--
-- Tabellenstruktur für Tabelle `tmp_hardware_1`
--

CREATE TABLE `tmp_hardware_1` (
  `Id` int(11) NOT NULL,
  `Anweisung` int(11) NOT NULL,
  `Zeit` int(11) NOT NULL
) ENGINE=InnoDB DEFAULT CHARSET=latin1;

--
-- Daten für Tabelle `tmp_hardware_1`
--

INSERT INTO `tmp_hardware_1` (`Id`, `Anweisung`, `Zeit`) VALUES
(1, 1, 60);

-- --------------------------------------------------------

--
-- Tabellenstruktur für Tabelle `tmp_hardware_2`
--

CREATE TABLE `tmp_hardware_2` (
  `Id` int(11) NOT NULL,
  `Anweisung` int(11) NOT NULL,
  `Zeit` int(11) NOT NULL
) ENGINE=InnoDB DEFAULT CHARSET=latin1;

--
-- Daten für Tabelle `tmp_hardware_2`
--

INSERT INTO `tmp_hardware_2` (`Id`, `Anweisung`, `Zeit`) VALUES
(1, 0, 60);

-- --------------------------------------------------------

--
-- Tabellenstruktur für Tabelle `tmp_heber_speichern_1`
--

CREATE TABLE `tmp_heber_speichern_1` (
  `Id` int(11) NOT NULL,
  `IdHeber` int(11) NOT NULL,
  `Versuch` int(11) NOT NULL,
  `G1` text NOT NULL,
  `G2` text NOT NULL,
  `G3` text NOT NULL,
  `Time1` int(11) NOT NULL,
  `Time2` int(11) NOT NULL,
  `Time3` int(11) NOT NULL,
  `Technik1` float(11,2) NOT NULL,
  `Technik2` float(11,2) NOT NULL,
  `Technik3` float(11,2) NOT NULL
) ENGINE=InnoDB DEFAULT CHARSET=latin1;

--
-- Daten für Tabelle `tmp_heber_speichern_1`
--

INSERT INTO `tmp_heber_speichern_1` (`Id`, `IdHeber`, `Versuch`, `G1`, `G2`, `G3`, `Time1`, `Time2`, `Time3`, `Technik1`, `Technik2`, `Technik3`) VALUES
(1, 0, 0, '', '', '', 0, 0, 0, 0.00, 0.00, 0.00);

-- --------------------------------------------------------

--
-- Tabellenstruktur für Tabelle `tmp_heber_speichern_2`
--

CREATE TABLE `tmp_heber_speichern_2` (
  `Id` int(11) NOT NULL,
  `IdHeber` int(11) NOT NULL,
  `Versuch` int(11) NOT NULL,
  `G1` text NOT NULL,
  `G2` text NOT NULL,
  `G3` text NOT NULL,
  `Time1` int(11) NOT NULL,
  `Time2` int(11) NOT NULL,
  `Time3` int(11) NOT NULL,
  `Technik1` float(11,2) NOT NULL,
  `Technik2` float(11,2) NOT NULL,
  `Technik3` float(11,2) NOT NULL
) ENGINE=InnoDB DEFAULT CHARSET=latin1;

--
-- Daten für Tabelle `tmp_heber_speichern_2`
--

INSERT INTO `tmp_heber_speichern_2` (`Id`, `IdHeber`, `Versuch`, `G1`, `G2`, `G3`, `Time1`, `Time2`, `Time3`, `Technik1`, `Technik2`, `Technik3`) VALUES
(1, 0, 0, '', '', '', 0, 0, 0, 0.00, 0.00, 0.00);

-- --------------------------------------------------------

--
-- Tabellenstruktur für Tabelle `tmp_jury_status_1`
--

CREATE TABLE `tmp_jury_status_1` (
  `Id` int(11) NOT NULL,
  `Anzeige` int(11) NOT NULL,
  `Sprecher` int(11) NOT NULL
) ENGINE=InnoDB DEFAULT CHARSET=latin1;

--
-- Daten für Tabelle `tmp_jury_status_1`
--

INSERT INTO `tmp_jury_status_1` (`Id`, `Anzeige`, `Sprecher`) VALUES
(1, 0, 0);

-- --------------------------------------------------------

--
-- Tabellenstruktur für Tabelle `tmp_jury_status_2`
--

CREATE TABLE `tmp_jury_status_2` (
  `Id` int(11) NOT NULL,
  `Anzeige` int(11) NOT NULL,
  `Sprecher` int(11) NOT NULL
) ENGINE=InnoDB DEFAULT CHARSET=latin1;

--
-- Daten für Tabelle `tmp_jury_status_2`
--

INSERT INTO `tmp_jury_status_2` (`Id`, `Anzeige`, `Sprecher`) VALUES
(1, 0, 0);

-- --------------------------------------------------------

--
-- Tabellenstruktur für Tabelle `tmp_kr_check_1`
--

CREATE TABLE `tmp_kr_check_1` (
  `ID` int(11) NOT NULL,
  `K1` int(11) NOT NULL,
  `K2` int(11) NOT NULL,
  `K3` int(11) NOT NULL,
  `Re1` int(11) NOT NULL,
  `Re2` int(11) NOT NULL,
  `Re3` int(11) NOT NULL,
  `ReAnzeige` int(11) NOT NULL
) ENGINE=InnoDB DEFAULT CHARSET=latin1;

--
-- Daten für Tabelle `tmp_kr_check_1`
--

INSERT INTO `tmp_kr_check_1` (`ID`, `K1`, `K2`, `K3`, `Re1`, `Re2`, `Re3`, `ReAnzeige`) VALUES
(1, 0, 0, 0, 1, 1, 1, 2);

-- --------------------------------------------------------

--
-- Tabellenstruktur für Tabelle `tmp_kr_check_2`
--

CREATE TABLE `tmp_kr_check_2` (
  `Id` int(11) NOT NULL,
  `K1` int(11) NOT NULL,
  `K2` int(11) NOT NULL,
  `K3` int(11) NOT NULL,
  `Re1` int(11) NOT NULL,
  `Re2` int(11) NOT NULL,
  `Re3` int(11) NOT NULL,
  `ReAnzeige` int(11) NOT NULL
) ENGINE=InnoDB DEFAULT CHARSET=latin1;

--
-- Daten für Tabelle `tmp_kr_check_2`
--

INSERT INTO `tmp_kr_check_2` (`Id`, `K1`, `K2`, `K3`, `Re1`, `Re2`, `Re3`, `ReAnzeige`) VALUES
(1, 0, 0, 0, 0, 1, 1, 2);

-- --------------------------------------------------------

--
-- Tabellenstruktur für Tabelle `tmp_letzter_heber_1`
--

CREATE TABLE `tmp_letzter_heber_1` (
  `IdHeber` int(11) NOT NULL,
  `Art` text NOT NULL,
  `V` int(11) NOT NULL
) ENGINE=InnoDB DEFAULT CHARSET=latin1;

--
-- Daten für Tabelle `tmp_letzter_heber_1`
--

INSERT INTO `tmp_letzter_heber_1` (`IdHeber`, `Art`, `V`) VALUES
(0, 'Reißen', 0);

-- --------------------------------------------------------

--
-- Tabellenstruktur für Tabelle `tmp_letzter_heber_2`
--

CREATE TABLE `tmp_letzter_heber_2` (
  `IdHeber` int(11) NOT NULL,
  `Art` text NOT NULL,
  `V` int(11) NOT NULL
) ENGINE=InnoDB DEFAULT CHARSET=latin1;

--
-- Daten für Tabelle `tmp_letzter_heber_2`
--

INSERT INTO `tmp_letzter_heber_2` (`IdHeber`, `Art`, `V`) VALUES
(334, 'Reißen', 1);

-- --------------------------------------------------------

--
-- Tabellenstruktur für Tabelle `tmp_reload_1`
--

CREATE TABLE `tmp_reload_1` (
  `IdHeber` int(11) NOT NULL,
  `V` int(11) NOT NULL,
  `HGw` int(11) NOT NULL,
  `Art` text NOT NULL,
  `Gruppe` int(11) NOT NULL
) ENGINE=InnoDB DEFAULT CHARSET=latin1;

--
-- Daten für Tabelle `tmp_reload_1`
--

INSERT INTO `tmp_reload_1` (`IdHeber`, `V`, `HGw`, `Art`, `Gruppe`) VALUES
(-1, -1, -1, 'Reißen', 1);

-- --------------------------------------------------------

--
-- Tabellenstruktur für Tabelle `tmp_reload_2`
--

CREATE TABLE `tmp_reload_2` (
  `IdHeber` int(11) NOT NULL,
  `V` int(11) NOT NULL,
  `HGw` int(11) NOT NULL,
  `Art` text NOT NULL,
  `Gruppe` int(11) NOT NULL
) ENGINE=InnoDB DEFAULT CHARSET=latin1;

--
-- Daten für Tabelle `tmp_reload_2`
--

INSERT INTO `tmp_reload_2` (`IdHeber`, `V`, `HGw`, `Art`, `Gruppe`) VALUES
(337, 2, 50, 'Reißen', 1);

-- --------------------------------------------------------

--
-- Tabellenstruktur für Tabelle `tmp_ss_reload_1`
--

CREATE TABLE `tmp_ss_reload_1` (
  `AnsagerR` int(11) NOT NULL,
  `HeberRaumR` int(11) NOT NULL
) ENGINE=InnoDB DEFAULT CHARSET=latin1;

--
-- Daten für Tabelle `tmp_ss_reload_1`
--

INSERT INTO `tmp_ss_reload_1` (`AnsagerR`, `HeberRaumR`) VALUES
(1, 0);

-- --------------------------------------------------------

--
-- Tabellenstruktur für Tabelle `tmp_ss_reload_2`
--

CREATE TABLE `tmp_ss_reload_2` (
  `AnsagerR` int(11) NOT NULL,
  `HeberRaumR` int(11) NOT NULL
) ENGINE=InnoDB DEFAULT CHARSET=latin1;

--
-- Daten für Tabelle `tmp_ss_reload_2`
--

INSERT INTO `tmp_ss_reload_2` (`AnsagerR`, `HeberRaumR`) VALUES
(0, 0);

-- --------------------------------------------------------

--
-- Tabellenstruktur für Tabelle `tmp_uebernaechster_heber_1`
--

CREATE TABLE `tmp_uebernaechster_heber_1` (
  `IdHeber` int(11) NOT NULL
) ENGINE=InnoDB DEFAULT CHARSET=latin1;

--
-- Daten für Tabelle `tmp_uebernaechster_heber_1`
--

INSERT INTO `tmp_uebernaechster_heber_1` (`IdHeber`) VALUES
(343);

-- --------------------------------------------------------

--
-- Tabellenstruktur für Tabelle `tmp_uebernaechster_heber_2`
--

CREATE TABLE `tmp_uebernaechster_heber_2` (
  `IdHeber` int(11) NOT NULL
) ENGINE=InnoDB DEFAULT CHARSET=latin1;

--
-- Daten für Tabelle `tmp_uebernaechster_heber_2`
--

INSERT INTO `tmp_uebernaechster_heber_2` (`IdHeber`) VALUES
(1);

-- --------------------------------------------------------

--
-- Tabellenstruktur für Tabelle `tmp_uebersichtmk_reload`
--

CREATE TABLE `tmp_uebersichtmk_reload` (
  `IdReload` int(11) NOT NULL
) ENGINE=InnoDB DEFAULT CHARSET=latin1;

--
-- Daten für Tabelle `tmp_uebersichtmk_reload`
--

INSERT INTO `tmp_uebersichtmk_reload` (`IdReload`) VALUES
(11);

-- --------------------------------------------------------

--
-- Tabellenstruktur für Tabelle `tmp_wk_korrektur_block`
--

CREATE TABLE `tmp_wk_korrektur_block` (
  `Id` int(11) NOT NULL,
  `Grp_Bridge_1` int(11) NOT NULL,
  `Grp_Bridge_2` int(11) NOT NULL
) ENGINE=InnoDB DEFAULT CHARSET=latin1;

--
-- Daten für Tabelle `tmp_wk_korrektur_block`
--

INSERT INTO `tmp_wk_korrektur_block` (`Id`, `Grp_Bridge_1`, `Grp_Bridge_2`) VALUES
(1, 0, 1);

-- --------------------------------------------------------

--
-- Tabellenstruktur für Tabelle `tmp_wk_testpokal`
--

CREATE TABLE `tmp_wk_testpokal` (
  `IdHeber` int(11) NOT NULL,
  `Versuch` int(11) NOT NULL,
  `Reißen` int(11) NOT NULL,
  `Stoßen` int(11) NOT NULL,
  `Technik_Reißen` float(11,2) NOT NULL,
  `Technik_Stoßen` float(11,2) NOT NULL,
  `Div_Wert_R` int(11) NOT NULL,
  `Div_Wert_S` int(11) NOT NULL,
  `Gueltig_Reißen` text NOT NULL,
  `Gueltig_Stoßen` text NOT NULL,
  `time` text NOT NULL,
  `NH_Reißen` int(11) NOT NULL,
  `NH_Stoßen` int(11) NOT NULL
) ENGINE=InnoDB DEFAULT CHARSET=latin1;

-- --------------------------------------------------------

--
-- Tabellenstruktur für Tabelle `user_blocker_3`
--

CREATE TABLE `user_blocker_3` (
  `MeldelisteAnlegen` int(11) DEFAULT NULL,
  `GrpEinteilung` int(11) DEFAULT NULL,
  `Wiegeliste` int(11) DEFAULT NULL,
  `WkBridge1` int(11) DEFAULT NULL,
  `WkBridge2` int(11) DEFAULT NULL
) ENGINE=InnoDB DEFAULT CHARSET=latin1;

--
-- Daten für Tabelle `user_blocker_3`
--

INSERT INTO `user_blocker_3` (`MeldelisteAnlegen`, `GrpEinteilung`, `Wiegeliste`, `WkBridge1`, `WkBridge2`) VALUES
(1, 1, 1, 0, 0);

-- --------------------------------------------------------

--
-- Tabellenstruktur für Tabelle `user_blocker_4`
--

CREATE TABLE `user_blocker_4` (
  `MeldelisteAnlegen` int(11) DEFAULT NULL,
  `GrpEinteilung` int(11) DEFAULT NULL,
  `Wiegeliste` int(11) DEFAULT NULL,
  `WkBridge1` int(11) DEFAULT NULL,
  `WkBridge2` int(11) DEFAULT NULL
) ENGINE=InnoDB DEFAULT CHARSET=latin1;

--
-- Daten für Tabelle `user_blocker_4`
--

INSERT INTO `user_blocker_4` (`MeldelisteAnlegen`, `GrpEinteilung`, `Wiegeliste`, `WkBridge1`, `WkBridge2`) VALUES
(1, 1, 1, 1, 0);

-- --------------------------------------------------------

--
-- Tabellenstruktur für Tabelle `user_blocker_6`
--

CREATE TABLE `user_blocker_6` (
  `MeldelisteAnlegen` int(11) DEFAULT NULL,
  `GrpEinteilung` int(11) DEFAULT NULL,
  `Wiegeliste` int(11) DEFAULT NULL,
  `WkBridge1` int(11) DEFAULT NULL,
  `WkBridge2` int(11) DEFAULT NULL
) ENGINE=InnoDB DEFAULT CHARSET=latin1;

--
-- Daten für Tabelle `user_blocker_6`
--

INSERT INTO `user_blocker_6` (`MeldelisteAnlegen`, `GrpEinteilung`, `Wiegeliste`, `WkBridge1`, `WkBridge2`) VALUES
(0, 1, 1, 0, 0);

-- --------------------------------------------------------

--
-- Tabellenstruktur für Tabelle `user_blocker_7`
--

CREATE TABLE `user_blocker_7` (
  `MeldelisteAnlegen` int(11) DEFAULT NULL,
  `GrpEinteilung` int(11) DEFAULT NULL,
  `Wiegeliste` int(11) DEFAULT NULL,
  `WkBridge1` int(11) DEFAULT NULL,
  `WkBridge2` int(11) DEFAULT NULL
) ENGINE=InnoDB DEFAULT CHARSET=latin1;

--
-- Daten für Tabelle `user_blocker_7`
--

INSERT INTO `user_blocker_7` (`MeldelisteAnlegen`, `GrpEinteilung`, `Wiegeliste`, `WkBridge1`, `WkBridge2`) VALUES
(1, 1, 1, 0, 0);

-- --------------------------------------------------------

--
-- Tabellenstruktur für Tabelle `verein`
--

CREATE TABLE `verein` (
  `Verein` text NOT NULL,
  `IdVerein` int(11) NOT NULL,
  `Bundesliga` int(11) NOT NULL,
  `IdLaender` int(11) NOT NULL
) ENGINE=InnoDB DEFAULT CHARSET=latin1;

--
-- Daten für Tabelle `verein`
--

INSERT INTO `verein` (`Verein`, `IdVerein`, `Bundesliga`, `IdLaender`) VALUES
('KSV Lörrach', 1, 0, 2),
('AV03 Speyer', 2, 1, 12),
('1. AC Weiden', 3, 1, 3),
('AC Atlas Plauen', 4, 0, 14),
('AC 82 Schweinfurt', 5, 0, 3),
('AC Meißen', 6, 0, 14),
('AC Suhl', 7, 0, 17),
('AC Heros Wemmetsweiler', 8, 0, 13),
('ASK Frankfurt/Oder', 9, 0, 5),
('ASV Ladenburg', 10, 0, 2),
('AC Potsdam', 11, 0, 5),
('AC Goliath 20 Mengede', 12, 0, 11),
('Berliner TSC', 13, 0, 4),
('Breitunger AV', 14, 0, 17),
('Chemnitzer AC', 15, 0, 14),
('Eichenauer SV', 16, 0, 2),
('FAC Sangerhausen', 17, 0, 17),
('KSC 07 Schifferstadt', 18, 0, 12),
('KSV Grünstadt', 19, 0, 12),
('Motor Eberswalde', 21, 0, 5),
('ESV München Freimann', 22, 0, 3),
('NSAC Görlitz', 23, 0, 14),
('Riesaer AC', 24, 0, 14),
('SC Lüchow', 25, 0, 10),
('SG F. Eibau', 26, 0, 14),
('SG Saefkow', 27, 0, 5),
('SGV Oberböbingen', 28, 0, 2),
('SSV Samswegen1884', 29, 0, 15),
('SV 90 Gräfenroda', 30, 0, 17),
('SV Empor Berlin', 31, 0, 4),
('SV G. Obrigheim', 32, 0, 2),
('TB 03 Roding', 33, 0, 3),
('TSG Haßloch', 34, 0, 12),
('TSG Rodewisch', 35, 0, 14),
('TSV B/W Schwedt', 36, 0, 5),
('Athletenverein Harburg', 37, 0, 7),
('Athletikclub Konstanz ', 38, 0, 2),
('VFL Nagold', 39, 0, 2),
('ASV 1860 Neumark', 40, 0, 3),
('TSV Heinsheim', 41, 0, 2),
('KSV Kitzingen', 42, 0, 3),
('AC 92 Weinheim', 43, 0, 2),
('TSV Waldkirchen', 44, 0, 3),
('ASC 06 Zeilsheim', 45, 0, 8),
('TUS Raublig', 46, 0, 3),
('ASC Boxdorf', 47, 0, 3),
('TSV Ingoldstadt-Nord', 48, 0, 3),
('AC 1923 Altrip', 49, 0, 12),
('KSV Durlach', 50, 0, 2),
('SG Jugendkraft Crawinkel', 51, 0, 17),
('AC Neulußheim', 52, 0, 2),
('KSV Langen', 53, 0, 8),
('FTG Pfungstadt', 54, 0, 8),
('AC 1892 Mutterstadt', 57, 0, 12),
('AC Germania St. Ilgen', 58, 0, 2),
('1.AC Bayreuth', 64, 0, 3),
('ASV 1860 Neumark', 67, 0, 3),
('BSC Kenpokan', 68, 0, 10),
('ESV München-Neuaubing', 69, 0, 3),
('GSV Eintrach Baunatal', 70, 0, 8),
('KraftMühle Würzburg', 71, 0, 3),
('Kraft-Werk Schwarzach', 72, 0, 2),
('GV Eisenbach', 73, 0, 2),
('GV Eisenbach', 74, 0, 2),
('HG Rastatt', 75, 0, 2),
('KSV Bavaria Regensburg', 76, 0, 3),
('KSV Hostenbach', 77, 0, 13),
('MSV Buna Schkobau', 78, 0, 15),
('Ohrdrufer Sportverein', 79, 0, 17),
('Preetzer TSV', 80, 0, 16),
('SV Laufenburg', 81, 0, 2),
('SSV 1952 Torgau', 82, 0, 14),
('SC Pforzheim', 83, 0, 2),
('SV Magstadt', 84, 0, 2),
('SV Quitt Ankum 1919', 85, 0, 10),
('SV Bayer Wuppertal', 86, 0, 11),
('SV - DJK - Kolbermoor', 87, 0, 3),
('TSG Augsburg', 88, 0, 3),
('TSV Cottbus', 89, 0, 5),
('TV 1877 Waldhof', 90, 0, 2),
('TV Ettenheim', 91, 0, 2),
('VFL Duisburg-Süd', 92, 0, 11),
('VFL Sindelfingen', 93, 0, 2),
('TV Feldrennach', 94, 0, 2),
('GSV Eintrach Baunatal', 95, 0, 8),
('Kölner AC', 96, 0, 11),
('TV Mengen', 97, 0, 2),
('', 98, 0, 2);

--
-- Indizes der exportierten Tabellen
--

--
-- Indizes für die Tabelle `alters_klassen`
--
ALTER TABLE `alters_klassen`
  ADD PRIMARY KEY (`Von`);

--
-- Indizes für die Tabelle `alters_klassen_masters`
--
ALTER TABLE `alters_klassen_masters`
  ADD PRIMARY KEY (`Von`);

--
-- Indizes für die Tabelle `alters_klassen_zk`
--
ALTER TABLE `alters_klassen_zk`
  ADD PRIMARY KEY (`Id`);

--
-- Indizes für die Tabelle `alters_klassen_zk_3`
--
ALTER TABLE `alters_klassen_zk_3`
  ADD PRIMARY KEY (`Id`);

--
-- Indizes für die Tabelle `alters_klassen_zk_4`
--
ALTER TABLE `alters_klassen_zk_4`
  ADD PRIMARY KEY (`Id`);

--
-- Indizes für die Tabelle `alters_klassen_zk_6`
--
ALTER TABLE `alters_klassen_zk_6`
  ADD PRIMARY KEY (`Id`);

--
-- Indizes für die Tabelle `alters_klassen_zk_7`
--
ALTER TABLE `alters_klassen_zk_7`
  ADD PRIMARY KEY (`Id`);

--
-- Indizes für die Tabelle `auswertung_3`
--
ALTER TABLE `auswertung_3`
  ADD PRIMARY KEY (`IdHeber`);

--
-- Indizes für die Tabelle `auswertung_mk_7`
--
ALTER TABLE `auswertung_mk_7`
  ADD PRIMARY KEY (`IdHeber`);

--
-- Indizes für die Tabelle `datenbanken`
--
ALTER TABLE `datenbanken`
  ADD PRIMARY KEY (`Id_Db`);

--
-- Indizes für die Tabelle `flaggen_staaten`
--
ALTER TABLE `flaggen_staaten`
  ADD PRIMARY KEY (`IdStaat`);

--
-- Indizes für die Tabelle `gewichtsklassen`
--
ALTER TABLE `gewichtsklassen`
  ADD PRIMARY KEY (`Id`);

--
-- Indizes für die Tabelle `gewichtsklassen_3`
--
ALTER TABLE `gewichtsklassen_3`
  ADD PRIMARY KEY (`Id`);

--
-- Indizes für die Tabelle `gewichtsklassen_4`
--
ALTER TABLE `gewichtsklassen_4`
  ADD PRIMARY KEY (`Id`);

--
-- Indizes für die Tabelle `gewichtsklassen_7`
--
ALTER TABLE `gewichtsklassen_7`
  ADD PRIMARY KEY (`Id`);

--
-- Indizes für die Tabelle `gruppen_aus`
--
ALTER TABLE `gruppen_aus`
  ADD PRIMARY KEY (`Gruppen`);

--
-- Indizes für die Tabelle `heber`
--
ALTER TABLE `heber`
  ADD PRIMARY KEY (`IdHeber`);

--
-- Indizes für die Tabelle `heber_3`
--
ALTER TABLE `heber_3`
  ADD PRIMARY KEY (`IdHeber`);

--
-- Indizes für die Tabelle `heber_wk_3`
--
ALTER TABLE `heber_wk_3`
  ADD PRIMARY KEY (`IdHeber`,`Versuch`);

--
-- Indizes für die Tabelle `laender`
--
ALTER TABLE `laender`
  ADD PRIMARY KEY (`Idlaender`);

--
-- Indizes für die Tabelle `laenderwertung`
--
ALTER TABLE `laenderwertung`
  ADD PRIMARY KEY (`Platz`);

--
-- Indizes für die Tabelle `relativtabzug`
--
ALTER TABLE `relativtabzug`
  ADD PRIMARY KEY (`Gewicht`);

--
-- Indizes für die Tabelle `sinclair_faktoren`
--
ALTER TABLE `sinclair_faktoren`
  ADD PRIMARY KEY (`Id`);

--
-- Indizes für die Tabelle `staaten`
--
ALTER TABLE `staaten`
  ADD PRIMARY KEY (`IdStaat`);

--
-- Indizes für die Tabelle `stammdaten_wk_3`
--
ALTER TABLE `stammdaten_wk_3`
  ADD PRIMARY KEY (`Heber_pro_M`);

--
-- Indizes für die Tabelle `tmp_anzeige_1`
--
ALTER TABLE `tmp_anzeige_1`
  ADD PRIMARY KEY (`Anweisung`);

--
-- Indizes für die Tabelle `tmp_anzeige_2`
--
ALTER TABLE `tmp_anzeige_2`
  ADD PRIMARY KEY (`Anweisung`);

--
-- Indizes für die Tabelle `tmp_anzeige_wk_1`
--
ALTER TABLE `tmp_anzeige_wk_1`
  ADD PRIMARY KEY (`Wk_Nummer`);

--
-- Indizes für die Tabelle `tmp_anzeige_wk_2`
--
ALTER TABLE `tmp_anzeige_wk_2`
  ADD PRIMARY KEY (`Wk_Nummer`);

--
-- Indizes für die Tabelle `tmp_gerd_1`
--
ALTER TABLE `tmp_gerd_1`
  ADD PRIMARY KEY (`IdHeber`);

--
-- Indizes für die Tabelle `tmp_gerd_2`
--
ALTER TABLE `tmp_gerd_2`
  ADD PRIMARY KEY (`IdHeber`);

--
-- Indizes für die Tabelle `tmp_hardware_1`
--
ALTER TABLE `tmp_hardware_1`
  ADD PRIMARY KEY (`Id`);

--
-- Indizes für die Tabelle `tmp_hardware_2`
--
ALTER TABLE `tmp_hardware_2`
  ADD PRIMARY KEY (`Id`);

--
-- Indizes für die Tabelle `tmp_heber_speichern_1`
--
ALTER TABLE `tmp_heber_speichern_1`
  ADD PRIMARY KEY (`Id`);

--
-- Indizes für die Tabelle `tmp_heber_speichern_2`
--
ALTER TABLE `tmp_heber_speichern_2`
  ADD PRIMARY KEY (`Id`);

--
-- Indizes für die Tabelle `tmp_kr_check_1`
--
ALTER TABLE `tmp_kr_check_1`
  ADD PRIMARY KEY (`ID`);

--
-- Indizes für die Tabelle `tmp_kr_check_2`
--
ALTER TABLE `tmp_kr_check_2`
  ADD PRIMARY KEY (`Id`);

--
-- Indizes für die Tabelle `tmp_letzter_heber_1`
--
ALTER TABLE `tmp_letzter_heber_1`
  ADD PRIMARY KEY (`IdHeber`);

--
-- Indizes für die Tabelle `tmp_letzter_heber_2`
--
ALTER TABLE `tmp_letzter_heber_2`
  ADD PRIMARY KEY (`IdHeber`);

--
-- Indizes für die Tabelle `tmp_reload_2`
--
ALTER TABLE `tmp_reload_2`
  ADD PRIMARY KEY (`IdHeber`);

--
-- Indizes für die Tabelle `tmp_uebernaechster_heber_1`
--
ALTER TABLE `tmp_uebernaechster_heber_1`
  ADD PRIMARY KEY (`IdHeber`);

--
-- Indizes für die Tabelle `tmp_uebernaechster_heber_2`
--
ALTER TABLE `tmp_uebernaechster_heber_2`
  ADD PRIMARY KEY (`IdHeber`);

--
-- Indizes für die Tabelle `tmp_wk_korrektur_block`
--
ALTER TABLE `tmp_wk_korrektur_block`
  ADD PRIMARY KEY (`Id`);

--
-- Indizes für die Tabelle `verein`
--
ALTER TABLE `verein`
  ADD PRIMARY KEY (`IdVerein`);

--
-- AUTO_INCREMENT für exportierte Tabellen
--

--
-- AUTO_INCREMENT für Tabelle `datenbanken`
--
ALTER TABLE `datenbanken`
  MODIFY `Id_Db` int(11) NOT NULL AUTO_INCREMENT, AUTO_INCREMENT=8;
--
-- AUTO_INCREMENT für Tabelle `heber`
--
ALTER TABLE `heber`
  MODIFY `IdHeber` int(11) NOT NULL AUTO_INCREMENT, AUTO_INCREMENT=549;
--
-- AUTO_INCREMENT für Tabelle `laender`
--
ALTER TABLE `laender`
  MODIFY `Idlaender` int(11) NOT NULL AUTO_INCREMENT, AUTO_INCREMENT=18;
--
-- AUTO_INCREMENT für Tabelle `verein`
--
ALTER TABLE `verein`
  MODIFY `IdVerein` int(11) NOT NULL AUTO_INCREMENT, AUTO_INCREMENT=99;
/*!40101 SET CHARACTER_SET_CLIENT=@OLD_CHARACTER_SET_CLIENT */;
/*!40101 SET CHARACTER_SET_RESULTS=@OLD_CHARACTER_SET_RESULTS */;
/*!40101 SET COLLATION_CONNECTION=@OLD_COLLATION_CONNECTION */;
